T1d,T2d,T3d,T4d,T5d,T6d,T7d,T8d,T9d,T10d
8.060064274,26.10015291,43.61177414,45.81859059,53.93353345,66.30208411,72.05977755,72.2331468,72.64011899,72.81546697
12.1129106,29.29498699,49.5817624,82.04298370000002,139.5749947,170.5297286,194.6025596,223.0644472,251.144698,284.9359913
3.205189672,8.432983594,15.86608245,24.63694198,36.25380396,44.82244921,54.85429671,64.57851545,72.20100005,88.59213177
123.22489,244.12019,453.2079067,593.7482832999998,735.5549682999998,824.277338,926.7925347,978.4440193,1008.862467,1019.977572
24.18430616,76.42127674,93.37830008,114.110559,121.8985471,124.5175735,124.8295478,125.6041741,125.9014436,126.7773915
207.8778533,372.08613,438.0134783,452.8955438,469.41841280000006,498.1443535,526.3822458000002,565.2274225,596.8484932,612.6077252
12.00195774,78.88373257,115.3441445,133.5498141,138.2401127,149.708729,203.5740491,228.79198,241.72369680000003,287.1869567
4.099726525,6.444790652999999,7.162505189,9.595112644,12.22028839,17.71933088,28.18055005,34.577730100000004,41.11531046,51.63184374
43.49040512,69.74299911,94.29395536,105.6107503,112.8828524,123.1088905,187.3482239,226.8844739,261.1033734,273.38548110000005
13.44305012,45.76293953,83.72057285,103.3767355,126.1549019,175.5296167,238.3071697,275.8394942,309.8210832,335.0770035
8.961345968,15.45409519,20.71053703,44.22566125,64.39467575,77.78157888,92.43499806,113.7692607,132.8010733,132.9077123
0.0,0.0,0.0,0.0,0.0,0.0,0.0,0.0,0.0,0.0
23.32786575,38.78055529,44.69934841,53.26729135,61.75108743,75.84188093,99.3397338,120.2904684,140.5973781,162.3217772
30.64748464,46.97847729,52.95829377,61.97549499,70.99728512,79.91171946,96.86988992,129.6802763,158.6427501,175.3921775
60.23960133,101.0771561,124.9966578,133.1005648,136.9673411,137.7201931,139.1796602,141.05693069999995,141.4698034,142.6277345
19.02939171,22.93312547,33.33734102,34.20956329,34.81497252,36.22757438,39.88166911,54.68730781,67.38936685,70.728494
21.15782329,22.70428991,25.88880768,34.5376112,42.84792036,71.34516095,79.01696779,80.8056473,80.86640522,93.66333593
0.0,0.0,0.0,0.0,0.0,0.0,0.0,0.0,0.0,0.0
9.085974701,16.31986708,25.41923848,26.51882884,27.48930677,28.93681515,37.2945562,45.80334685,52.00684393,55.55438326
4.474890987,5.502159442999999,8.477844354,11.43680093,12.01711224,12.36658005,14.03101973,18.14076024,20.80891614,20.95387582
62.04492850000001,99.656002,130.47514579999998,140.1766187,147.65169640000005,156.1235285,189.5642958,213.7279676,222.4891986,234.4377787
13.20067225,35.47141655,53.19994237,77.54368247,98.7070232,112.6707334,119.41125259999998,146.3534664,163.4175058,175.3188806
43.70586276,88.75016573,124.6504831,134.80868610000002,143.5954575,150.73731809999995,157.098099,166.6761614,181.7403521,191.9080369
6.24724058,11.29592191,13.69939412,17.12440112,21.32595964,25.8822259,31.984580600000005,39.52818543,44.89994396,55.8970588
154.7217586,226.13526890000003,278.5396809,328.551701,361.0297271,383.098953,441.0006879,513.6816863,579.6689157000002,642.781717
104.2052468,127.0755146,162.680081,174.6158822,206.3690756,229.5284776,230.2723081,230.727594,233.2032553,244.8036287
131.3477217,210.1046883,272.7005927,334.4722085,346.7251827,349.9174771000001,351.9506508,352.9684045,368.9067525,407.9397912
29.49570129,35.76900557,59.27873757,68.59847619,72.4990944,75.62899051,76.40722099999998,79.96031359999998,81.15566275,81.545877
11.81657251,37.3462845,65.85576295,81.37379607,82.23545117,82.41369061,82.54957585,82.57125711,82.58979044,84.79019866
10.41059781,17.84093249,22.03137722,25.9419251,26.760601300000005,27.06532043,27.71883616,28.77413759,29.34957429,30.31507306
37.94902261,74.79886718,98.94832061,106.6648355,113.0741313,124.106822,133.4483876,140.68499630000002,151.52100000000004,153.2946589
20.99488416,30.71823361,34.67950315,36.18243811,38.33354366,56.01474086,80.30145962,80.833991,80.88485214,81.09019332
24.47009354,34.86051025,36.85562937,50.39850097,83.02291268,108.7278203,139.3411519,149.5730733,167.8969179,196.6904793
18.07750783,35.79603919,39.95981187,46.12133121,77.00034863,91.64246382,109.0080423,117.46215320000002,122.3217196,123.1200472
16.13327607,35.48028976,56.24217529,84.75101129,105.9930081,122.398549,132.9608969,148.2641791,160.5879526,167.3124432
26.042326,39.69804924,47.8619556,54.30430126,58.20201006,61.75552874,62.9029214,63.10938137,63.48429897,65.59328843
9.422324977,16.30839523,23.8774018,29.96671694,37.11259513,54.86325198,75.79782015,94.95815238,148.75962040000005,181.1947902
18.08398309,21.2141422,30.00715498,49.88284793,72.82675768,83.56395377,106.70764309999998,125.2209741,147.14934230000003,191.0571712
57.73778805,111.6933623,181.9816329,215.4508416,220.1919147,264.5760972,423.8765864,463.5985714,469.9865846,481.7663254
46.894936,78.613675,111.34282759999998,162.7488192,219.8910624,231.1597798,233.222469,255.1566456,261.5574062,279.10939360000003
68.72937673,128.020548,161.7280615,174.5585026,181.1684262,182.9938462,199.8274846,211.316656,259.151772,282.7122540000001
16.83592375,26.6332659,33.16240847,38.00233015,39.30656523,39.53704319,39.59799418,39.86823247,39.87194609,39.88214654
111.979395,219.2023916,296.65288819999995,326.7772454,356.6971153,398.1445002,476.75657350000006,536.9334133,569.1588861,589.0007822000001
1.6676889380000002,3.215014532,4.412968206,5.797958653999999,13.38953066,27.26864558,30.78079547,35.00280753,36.08002397,43.02664874
63.56244579,125.2260186,192.9099937,313.1751995,443.5658536,560.8545958,689.4000732000002,776.2446244,917.1598367,1010.392264
82.06957731,144.5808701,194.749707,264.3909722,322.5160758,370.0236705,399.8815087,434.256854,482.26116389999993,573.0851586
95.86211271,146.5278829,170.65938369999995,185.2364171,240.6006391,272.3037486,278.8436606,281.7830606,283.7497736,284.1758238999999
9.166946036,17.43476126,22.71123666,33.16165061,68.22745997,71.3577684,71.4191802,71.43685407,72.01572766,72.16394371
80.73160507,147.5586529,177.309256,201.69350580000005,220.4466313,240.9802225,299.3036709,323.0518101,345.1720285,368.2439505
5.930667872999999,12.6840506,14.0278291,14.73141741,21.23358268,33.38358189,42.41366843,42.951448,43.58335315,44.38603406
69.55896559,100.1815398,122.332848,130.6121035,134.4865733,148.0970092,155.44999130000005,164.6292263,203.3452635,241.1701813
35.78231256,75.60186884,79.86242014,83.04952034,85.00550505,91.7770953,125.9128515,143.076823,153.5559199,161.2169721
69.12298763,101.4440616,124.8511594,153.9616865,189.9794964,230.49682290000004,277.6079566,312.7244849,351.2001065,403.8676463
117.215005,242.200857,347.4487837,444.5169303,546.6349153,673.8560620000002,835.020802,1010.633505,1097.518518,1176.277105
34.23254554,65.89397865,81.69929263,83.43259639,83.9009646,84.21858179,84.27833708,84.38738012,84.85731224,85.47579608
0.070535889,0.140095308,0.150658494,1.6242306999999998,1.723142325,1.912189875,5.23749064,10.65403128,12.72774248,13.20841377
28.66903724,40.40968018,55.20263796,74.60312524,90.96614841,101.0232287,121.151811,138.5903969,160.1947127,191.1239945
58.14772583,133.8602761,184.8002014,217.038723,242.2212969,264.8279639,307.6449893,342.596038,360.0041259,372.1402446000001
8.879843463,9.143689769,9.905762165,14.99739269,18.23077843,22.78230005,25.12330299,28.28703589,36.26476423,44.98057145
28.48932508,71.81178183,100.02856640000002,127.4692287,160.4222816,164.13513769999997,164.4240336,166.1803039,167.1805777,167.6835868
61.98037083,113.3053357,115.7301072,117.006385,133.4870707,159.4516386,180.4443672,194.9325336,212.53256980000003,227.2497944
111.2313125,187.7136825,267.66957510000003,299.0040166,339.81887,364.1173675,396.3014706,422.739965,465.048462,490.4874615
63.85778903,70.73964909,77.41330422,80.98100155,95.59057383,122.0464364,150.90629819999995,172.3291184,189.5470129,199.6453188
6.98147381,20.28656811,20.73580974,20.79389614,20.90479343,22.10630007,22.88132595,25.82643176,36.04272121,45.81727122
54.422892,66.73606099999999,106.08651,146.2741293,168.74518669999995,177.48273319999996,193.9315448,203.63725,221.9090414,243.762039
0.754217274,1.26248629,4.210998088,9.887804827,15.35522368,20.25906046,23.73237052,24.37356278,25.06014230000001,28.78134192
49.05872288,79.12946966,90.47025242,97.9511669,117.8199818,128.45124429999998,134.93532380000002,141.914795,150.33892230000004,166.5963506
10.9197319,26.57261153,44.17240257,57.29210060000001,62.39364003,65.10295735,70.72507115,93.82029013,121.36511570000002,142.1088801
5.487755186,11.99586684,22.76932329,42.75070191,53.96472084,67.79681348,80.03356751,82.39560983,82.71194172,83.37867901
52.3862011,90.10977766,112.3992292,135.4823554,165.851051,197.279879,224.0917668,249.9271825,341.6137125,421.5461373
9.891764558,13.52595619,18.58717793,25.15798932,30.53309341,34.94147373,42.43109307,52.77194397,65.19127607,70.78215642
16.75235914,21.0504124,21.88193375,21.91071912,22.27665851,22.948384,23.84199696,24.33633389,24.37221773,24.51137407
79.90070190000002,146.6406084,288.9820115,405.9293455,429.86323160000006,477.2043193,534.3084372999998,603.9992706,657.0609316,709.6673024
59.15379367,105.404499,177.68637030000005,191.135632,191.9559535,192.6757272,193.89412980000003,197.7825461,204.1164203,204.8600109
0.023285458,0.043696484,0.047042728,0.283774136,0.370116677,0.459916327,0.946982832,1.281082832,1.363241134,1.557346098
0.0,0.0,0.0,0.0,0.0,0.0,0.0,0.0,0.0,0.0
129.0575386,202.1474879,262.68043509999995,307.9836659,355.8251157,384.8336166,406.950831,444.1989319,473.867043,494.854127
15.93250971,28.38494118,39.20174589,43.20577251,61.02931848,125.3985639,221.5769672,237.8819434,243.0136967,243.0214554
79.52020999999998,141.2566653,199.724087,261.6567433,325.5522673,347.9097983,367.662313,395.6609073,414.6138067,432.8250167
30.54233084,57.96353645,84.26637666,133.2983071,188.0608738,214.1267706,277.5244554,305.9858512,325.09087410000006,329.3850801000001
15.68913263,43.76321664,74.30584822,137.0064581,190.284864,277.8566797,300.6432317,308.1192199,311.35679460000006,312.5366154
42.21098613,70.46001138,89.11130663,97.69025855,107.2460162,115.8512687,121.0338461,125.9415653,132.9112507,149.78692959999995
12.02896099,54.91558345,101.9234171,132.5969903,148.4007788,152.8988974,171.7570899,181.0583354,191.7996374,223.9418123
92.36596667,161.757058,287.989298,326.6656003,356.12588430000005,376.0870603,393.1023157,417.662682,444.670524,485.2351077
110.4161115,167.9466561,254.3127257,338.7312656000001,460.97133550000007,627.1038014,768.555415,808.4381473999998,827.1631744,848.0173991
207.2738514,216.5234935,216.7800356,217.8511146,222.3646258,223.71863,226.3982168,234.6520869,235.3532661,236.3887533
120.6028157,155.5996794,187.5900971,199.3951081,218.5163128,234.1787361,240.9945597,254.4809312,283.2953062,323.1256943
42.96217483,52.7481659,68.4083593,84.05709703,97.38428687,106.8223866,114.2188402,117.2045411,120.0481443,131.0343791
5.607610172,10.36404986,15.59057688,22.03804224,38.15207533,55.70516978,61.32693884,67.77289204,74.19371464,78.13427097
68.11278467,125.2346033,155.46029230000005,186.6969837,231.5879983,300.8832467,356.3922767,395.813235,445.2143817,483.17016
87.67518741,230.9971822,327.9736121,378.6123222,400.38182,416.7908799,463.3650372,512.9777243999998,533.4053729,600.687096
7.422314592999999,38.38808779,46.53803474,51.04302266,52.32614983,53.33481716,57.11373458,67.85262366,72.35385472,74.02111755
67.93505159,119.4491523,150.1202715,164.90009980000005,171.586346,187.0012315,192.23649440000003,204.529885,228.8494347,263.7767268
4.538827018,5.361276437,8.421324331000001,14.66205819,14.92298879,17.19455246,26.42061669,100.3447518,110.4810797,111.2214554
69.42963251,79.59200093,95.97390297,110.2297307,136.46253230000002,154.0487891,174.1660324,186.6438226,193.6927184,195.5067776
74.52421941,87.10688635,87.50150392,88.22158361,90.119673,91.29688538,93.66587098,100.3726533,100.5185515,101.2540546
3.61904226,5.961176063,9.459141395,13.09527001,15.92483446,24.32971241,40.4025835,51.52439719,57.60418086,60.79714143
145.4343733,182.1210293,200.876968,229.5788117,252.7773857,269.4557753,302.482433,329.191593,359.1993767,399.1796333
17.89307747,30.58372387,40.49767877,54.51531536,62.08345905,72.7274678,82.44167763,99.07757617,124.4521068,149.4669052
129.0183697,194.9889238,207.5820069,229.5480456,233.1151735,235.0606228,235.9619583,237.4578702,244.28007090000003,248.1626364
44.54340145,78.22063079,117.2579031,150.70678840000005,166.9321699,175.3838967,192.0842578,201.3731159,209.8883142,224.4266775
19.24497491,31.90687858,37.98592049,42.08296985,43.76192773,46.07477777,48.7375921,59.33272797,65.03072196,68.94251661
8.654215227,20.77380616,21.70015945,21.8401336,23.47171865,23.82537731,24.51659811,25.21354961,27.71791733,29.10925008
9.233083111,33.19889634,43.30490845,49.9217381,61.72940245,74.7929901,81.57156386,84.10289945,88.57520502,107.147997
10.57636503,24.48297561,24.96760761,25.31409432,25.57611937,28.33418856,41.71760648,46.8543652,64.68004729,78.62082662
27.63690817,49.76452694,92.69622136,112.7488459,123.5879602,131.827821,139.5444522,153.1776504,161.51350349999996,176.87365459999995
0.011300292,0.106277229,0.285720926,4.354985197,11.85931847,12.4160395,12.60164869,13.18567155,17.2160264,32.67175289
38.500448,47.26751943,52.13201732,58.53102478,63.11021053,75.99976187,96.02057553,113.8486897,124.9570674,136.310322
10.79175222,21.55277496,25.74672998,25.74672998,25.74672998,25.74672998,25.75100892,25.75616073,25.7972483,25.85387214
109.5347833,276.4453267,412.1006713,521.4083147,594.2122383,645.667915,709.0630513,772.6791727000002,823.8310002999998,874.7908487
10.24454117,20.67335157,21.71315004,22.22924943,22.6804195,25.55380099,76.56638995,177.6327966,208.4997249,215.3337748
48.04078533,101.945425,118.1999827,133.0037287,140.8975355,144.6653248,162.9904345,182.9065131,190.0018416,192.8738777
10.04523184,20.17590632,33.38652585,42.69597499,48.12011483,61.57198393,65.61346118,67.91226568,71.92748859,76.22540919
18.70600136,48.50738975,92.86624885,123.4871246,151.12734780000005,177.1685978,210.6830817,253.5175422,286.3229267,301.7704714
49.85553122,55.58943435,59.7214142,66.98027623,81.80314989,104.8679274,122.3682373,131.6751913,153.6602304,167.90243180000004
39.15884557,77.31060209,92.08759523,100.5645485,107.6427267,122.41296640000002,127.458187,145.5264035,156.27704269999995,169.26763830000004
20.21431363,37.13654714,45.96232403,58.23089315,77.05357774,92.33438124,105.6386551,115.3740782,129.1918479,154.34169599999996
11.13980529,25.26454486,46.9426704,87.52111187,117.6436716,118.7531098,120.7049009,121.5280019,122.4025558,123.227577
13.69898561,28.61500614,35.09371516,36.41235439,39.04521348,52.04766432,86.50814301,101.2961728,109.6287051,116.6122823
3.941325655,27.89687739,47.0623195,48.9526309,50.75477312,50.93900923,51.12783579999999,52.43503446,55.15189291,55.62624405
8.328199054,18.12657248,22.34071992,28.09726371,31.71713613,37.72420782,40.50887296,41.78178105,43.36187588,45.69702134
19.77649921,26.66848774,35.19603952,38.93913724,40.0492795,40.61002489,42.03225732,42.52013052,42.9382794,43.63481818
0.0,0.012241848,0.012241848,0.012241848,0.012241848,0.012241848,0.012241848,0.012241848,0.012241848,0.012241848
14.35675002,33.83901262,54.4653919,62.25430177,72.8111928,81.8175218,86.67061452,91.65223959,117.8304618,150.08692219999998
9.903268729,32.66430428,43.24670694,43.86644585,44.67997378,45.37662176,45.85739815,47.19979461,49.8861276,50.95273929
56.09905102,110.513045,139.82983069999997,181.4062408,215.21238280000003,239.5537792,261.7403377,285.4517069,300.0399316999999,311.7243363
26.29482303,86.61156757,109.4321901,124.3613471,132.6793743,141.1734743,145.522697,145.72851,145.8115422,145.9265835
34.38072165,45.40479172,64.56359033,81.38476067,140.13496999999998,159.0229139,165.8140188,182.2054112,206.0834147,213.2502098
27.46956327,32.30029524,33.93444228,35.1791183,39.37845428,42.12330598,46.63892398,67.33046033,93.33681505,117.9483553
156.64680880000003,263.2470403,329.4558456000001,370.5989846000001,393.9876835,403.8312418,406.6300049,408.3327835,412.1647345,413.3497664
31.1168224,49.25951803,60.74896041,70.06699604,76.98073561,78.99894379999998,82.25311542,84.24411245,95.73016717,121.115949
50.49048719,103.3385815,146.36678740000005,202.3205171,246.4717179,311.8737179,350.771609,378.2588403,405.1813772,453.7666796
7.001108447999999,22.21368083,22.58214185,23.46737267,27.19676154,41.36083226,50.32017402,61.49239675,67.29699407,77.57924135
24.48159358,27.56894726,27.97517855,29.12447083,32.53097808,37.4450833,46.77636531,50.89983414,54.42407818,60.05990789
26.22111576,38.07086497,39.19202019,40.15213209,41.41291642,43.33954036,48.84135133,63.80794366,88.77228775,101.1263058
34.45611298,39.53255798,43.3640054,45.01561768,49.72613903,51.517786,58.19171511,65.63807182,80.74093188,92.10484993
3.510815558,7.071851972999999,15.95635646,31.79086031,48.49774675,65.50591205,83.72878618,91.40031638,113.6063938,152.9332334
7.92768371,15.33350451,17.48937581,20.96987558,22.37030481,27.16596158,34.54088529,43.93313877,52.13805604,56.98883352
6.780684615,14.62325706,24.95611544,33.63449553,37.81697194,42.49171269,44.83736863,47.05568976,50.09834029,51.94425525
66.4741098,74.32141233,75.35768852,75.57508714,76.34003955,78.66771281,81.11345756,84.85172653,93.12820111,103.6490875
7.930662805,12.2577006,28.492862,36.82106105,46.61943448,50.83358192,56.59012571,60.20999813,66.21706982,69.00173496
4.759878178,17.01079024,24.35170596,28.25638169,30.33598136,34.30946524,40.72659247,46.49224847,49.9588504,61.95932088
22.966807,48.62156499,66.56195571,81.70608035,94.41124039,134.15493329999998,136.4195321,143.4293399,150.69486719999998,152.69535530000005
63.91727867,84.06076717,119.8790337,132.255356,137.29077080000002,173.6793063,216.2041306,239.709388,269.92832180000005,283.889644
0.718636079,1.267427344,2.851474746,15.14521241,32.53680509,43.47860052,51.27015853,58.20351741,62.02475708,65.10464034
7.9089173389999985,22.13435891,30.04863291,31.10882932,31.31582173,36.70272274,49.75680903,54.90400657,67.44677552,75.43370507
90.01704104,173.14315969999996,220.8411082,255.0756338,295.3447449,362.0815522,408.6073949,442.2199134,477.0945732,527.5511463
14.97743697,44.79345397,53.94723555,57.09788085,65.71653451,74.04979055,78.79783329,83.42935279,116.1722882,139.7476371
18.72669902,34.63801033,48.47474066,73.17961273,100.9311566,166.0859305,206.0352918,236.6439134,325.5756048,341.5860805000001
2.661248572,28.18537099,30.97155843,34.2054468,38.04217145,42.10821578,50.079699700000006,54.36112169,58.33126332,65.94969433
76.31136617,80.98295034,86.37357229,106.05572990000002,125.7708858,140.09810269999997,163.1153853,169.9535541,173.61702780000005,185.4519327
125.3051928,143.8122015,150.1198233,158.843147,173.7937255,199.66919,221.8426777,233.6948646,242.1843441,251.7362796
28.86486146,50.04825549,61.16867128,65.44164157,73.02320242,87.11065208,94.33863726,105.9811979,115.4946471,129.8015244
9.216964938,18.03351789,24.72234092,26.69581461,28.79280103,40.25092757,57.53003324,65.84892573,67.71135169,80.08761332
40.12004667,59.05858558,84.64788258,105.9686977,125.8023421,145.4713276,176.11645159999995,193.6112834,238.9935883,324.3637193
177.4383,357.2855733,466.7054133,535.2607937,561.0066813,644.618505,699.140674,774.5646472999998,897.621584,1069.4278470000004
125.1055,166.5589087,228.9444887,251.9137662,300.4759322,344.0757878,360.3470908000001,381.7262462,434.8222853,458.318937
7.130758003,9.55835355,9.968263618,17.43106064,33.77741118,57.28356826,76.03231179,79.92285434,82.93522757,92.77654579
19.52533857,27.17668671,34.83798789,42.9707572,58.67336256,68.92205759,75.30907317,84.12849233,104.8512717,110.9351044
49.55175491,81.02685797,98.92035591,135.3757065,147.84108899999995,154.42094519999995,156.9683908,157.55510080000005,158.42137309999995,159.00304509999995
17.34771483,40.10429083,79.84677217,104.461372,141.3881357,166.42847969999997,190.2926083,209.2721097,229.3362593,251.127816
33.02923687,68.39167663,84.02572872,97.61581291,121.3208023,189.1627541,213.9326517,226.514546,238.7451456,248.4425094
60.14851955,101.4890554,115.18600320000002,119.8015329,121.5961947,130.7923004,152.9033351,172.1412093,199.6147112,209.7476772
11.38917644,26.10728474,34.46561834,44.98843834,53.31538264,57.71056526,58.65024471,78.06509771,82.85229695,82.90221044
79.437304,116.161982,136.446186,156.94373000000004,173.0575053,180.8262519,196.2669732,220.47661090000005,245.9766186,249.6391458
58.02897217,93.4176245,187.5095003,224.1183173,237.0589588,247.6177828,261.1570701,285.0745426000001,293.9510472,300.5893536000001
3.69210132,7.758122631,16.93877547,35.76483207,44.09575091,107.7187616,206.0448109,253.34732140000003,284.1067624,329.0607044
11.02414985,12.01127766,12.1897727,12.79915017,16.49932519,27.98483981,39.11669929,46.98393882,54.38210941,71.0244183
41.34041045,81.74163785,93.58230236,106.8533082,111.7891773,112.7511681,113.8212523,116.3166231,117.257089,118.0227601
63.52266758,77.55670425,92.30102271,107.5185024,112.51797720000002,115.7753444,119.89000459999998,124.9191601,129.31141019999998,133.3398528
70.46298926,144.6464573,185.889588,215.5076995,234.3220605,292.7273370000001,339.5804036,378.2167237,478.0730795,548.5820570000002
13.03313356,27.39100034,36.31601,38.07695649,38.84302564,48.32180781,105.42875,155.44976169999995,184.4893062,210.3870985
32.04698412,56.2562765,91.53882088,140.31795830000002,155.6606343,170.1608433,184.3690408,203.7691156,245.5189927,258.4721503
13.42313544,29.2214342,42.54096942,69.10842928,85.33932152,88.58037051,89.05671945,89.10824824,89.16646495,89.29339168
1.2349255,1.46180726,2.01370796,2.42541789,2.58792411,2.58792411,2.70668146,2.82743413,2.829846578,2.842754477
19.42709413,77.35669592,99.75007359,104.4919792,115.6140525,135.6268566,151.3096761,161.17513369999998,163.9433889,171.20951530000005
5.036651639,13.640622699999998,17.31733476,19.57001937,32.5074765,41.46882247,47.96157169,53.21801354,76.73313776,96.90215225
2.402493128,5.517722223,11.71340241,18.83399948,21.51651622,23.55173324,25.45758517,26.40837162,28.64649478,29.67182664
25.61510756,32.00517235,33.15850585,34.63898249,37.03916062,37.67447863,37.78698186,37.98465036,40.71901785,49.51198975
68.07405567,108.3015847,132.4258923,158.131282,174.1398997,209.843933,265.8672963,317.956432,403.233272,445.0974233
12.61374396,45.17769252,72.52808529,86.83114557,92.15576105,99.50501865,108.60162859999998,118.7835663,127.4189778,137.7837
13.97028543,24.7006532,33.609433700000004,37.4334587,41.38602299,50.87199492,56.25954153,57.99075828,58.45805783,59.91027932
37.44063376,79.12462309,86.5911777,90.01871818,92.70203253,94.03754158,103.8304678,112.1382732,112.523483,112.9832862
127.9142111,243.4333096,371.1000173,495.6045936,578.4186022999999,620.810358,649.2055330000002,657.6987378,670.4132390999998,689.2637881
0.8623687590000001,2.69508921,2.9614517639999995,3.008473657,3.035347588,3.11837006,3.2413022760000003,3.280379809,3.450255504,3.755680775
3.959907054,10.44469788,18.50196353,26.5286439,35.98711805,45.92822482,64.60943375,86.76095004,98.58748976,109.4796953
86.74433736,149.1194259,169.712702,183.9267796,195.6234777,225.2241753,265.5307483,331.4591662,355.5928448,363.1621702
32.71169335,51.62448453,59.65019451,64.86497784,76.73539445,157.4117328,207.267264,213.0011671,217.133147,224.392009
20.95866111,37.62613846,108.7592455,133.12675359999997,153.79739890000005,174.8823748,191.4290206,203.0081776,220.7531157,232.9282559
19.69696385,46.86402404,68.08958921,82.43393916,86.58475268,92.58251668,107.8537322,117.37771370000002,123.846957,129.35015959999998
77.00760767,240.274861,460.14453770000006,644.4869443,838.467471,1004.310494,1098.7546109999996,1157.427583,1189.243772,1202.587269
9.493353431,26.99122453,43.99026111,56.72168052,63.80197178,66.4952819,74.71815184,78.952527,81.78455645,91.96563464
33.88149971,51.77835114,61.11306217,73.50441974,105.8895913,122.4547125,146.0245173,154.1419995,163.74352009999996,186.9444299
3.563940267,11.57709408,15.5975951,55.77499649,158.75870849999995,188.3588227,189.5171662,192.89065180000003,200.6777039,266.7484341
20.74135306,29.75263488,39.57301955,48.1844662,54.29390053,57.04303270000001,60.41347167,65.33892399,69.20427814,88.46408551
19.1117425,43.78287158,55.18259186,109.8943017,150.58765380000003,170.3201444,183.5975071,206.1877985,216.1723131,222.2656802
29.18343514,38.69901111,50.02317026,56.2860608,80.52147037,104.5469855,137.4481021,166.3723132,188.1485422,200.0592979
9.0613958,10.50915635,11.94050411,15.99544682,17.38584456,17.4573295,20.48628731,29.16619889,32.33051353,32.60149138
78.873448,165.1750047,176.50276340000005,192.2284477,207.0332819,212.878958,215.8752389,215.8836374,219.1689346,228.7498356
24.01293183,44.55292133,72.78542083,85.59476417,97.20982133,126.4627077,138.6266198,207.8528038,256.1917777,269.7130012
44.51695073,54.14960938,73.14219609999998,80.05255344,94.87379283,104.737266,110.83451979999998,115.7441972,122.6424443,134.3246842
13.26005988,24.52726718,38.06987261,61.28542549,96.37391799,138.16763469999998,155.46173019999995,171.5921767,192.9440779,258.4776167
81.38788917,117.7436003,139.88976019999998,157.1561027,166.4693261,190.635951,220.50421430000003,234.7285335,260.07989580000003,285.9402588
8.511774289,50.45508157,85.7310375,104.8465036,113.26065520000002,115.1442615,116.61953429999998,118.5090336,121.7008935,124.5717779
89.23789083,127.1212143,168.6239611,219.9033244,251.8793284,301.1253418,347.4052817,374.363015,383.0893104,393.5575616
22.455927,68.66743682,99.7844869,103.8179911,106.346802,111.2105541,115.9446847,122.4978689,132.5352789,147.27436369999995
167.9067567,317.1540117,425.8901167,459.587346,491.4357957,544.5896422999998,656.0002157,730.160242,764.8648562999998,785.4998682999999
79.18183962,97.79944923,101.2040343,102.0435337,102.1901151,102.3178406,106.9488951,157.64109150000004,271.2759148,301.4712854
6.736294557000001,8.276329234,20.64042888,35.94323473,50.68261588,74.95723516,81.15726876,81.9267158,84.22492416,88.51582784
50.4133118,82.46674257,124.8593757,151.8706617,185.0069608,211.38781380000003,236.612787,260.9428972,283.3757932,322.3357366
73.931881,166.78477619999995,294.6484998,361.7707633,380.3655977,408.6656855,428.6821763,466.7175005,484.2670875,499.0241742
34.39081932,60.53929445,72.51225069,81.14359908,86.15801127,105.4228062,118.4477379,130.26352250000002,150.05501999999996,167.9204642
26.99291233,49.38366426,51.80329899,58.10622578,69.47823556,77.66133654,94.7911235,121.6908501,129.87341429999998,139.2995043
41.85506636,87.41097066,104.997151,122.5428537,145.2015163,191.8245347,277.4499329,306.4951578,316.54592139999994,331.6855113
19.9609853,33.68326153,39.71308126,45.71060921,52.50209649999999,61.40477404,68.59940972,78.28222623,87.57753436,93.6481703
0.472433642,0.649765049,0.692246258,0.745826612,0.871058245,0.977410782,3.73987988,4.332633602,5.10958821,5.10958821
73.78886425,116.4543548,123.7433844,146.1109498,170.7896585,177.09643300000005,185.9093307,195.7361845,262.0141119,292.1115796
26.03977633,47.95486483,89.42012017,129.5401668,148.47870580000003,174.06800280000004,195.3888179,215.2224622,234.8914478,265.53657180000005
6.826537709,38.09629576,72.69055025,92.31258137,97.52282192,106.8677943,125.7800289,136.3338895,146.4398204,158.28628930000005
60.08923745,126.8069983,176.18768290000003,232.8404781,283.2201091,330.32081560000006,385.5433084,434.51093770000006,452.7523986000001,506.286325
4.275606507,28.32181459,55.09420968,62.17754299,70.64222174,76.99764735,88.84750378,132.6800631,139.2879273,146.0470419
32.05983865,46.10259657,47.26010981,48.17103565,56.36606826,62.33599026,72.93525340000002,84.56428642,104.7308042,109.0388512
151.2034875,218.7556085,251.6476746,304.1645443999999,317.0876816,326.8309283000001,339.9467184,348.5055628,356.503053,375.2785517
76.202845,125.7367812,159.386534,165.95309440000003,178.82339840000003,200.4974114,203.7639984,208.8038597,231.7834199,302.5763391000001
6.054822287,47.3741995,104.6831186,109.1608818,109.3816755,110.8799839,129.1581942,140.12680840000002,145.9642977,148.51360369999998
101.8553443,176.88036530000005,206.8435465,248.7573357,324.4110137,365.8948092,379.9562912,403.5329552,421.0925082,445.5924693
0.0,0.0,0.0,0.0,0.0,0.0,0.0,0.0,0.0,0.0
67.16936056,97.78577207,113.8567412,136.70605680000003,147.63165619999995,151.2861349,151.75044599999995,152.1948748,153.3570833,161.3249469
117.5104145,242.3423599,260.7876411,273.0362332,292.1710787,315.3417522,339.7137569,361.0512961,365.3618886,383.0326243
17.70027251,26.30876137,31.70309509,33.69901318,33.89733101,33.93264738,34.08538079,34.38328422,34.96890357,35.40831575
16.95787702,70.76873841,109.9926002,131.3778273,168.7595442,176.475503,178.3042501,180.945004,184.1246892,185.4724487
11.79358863,28.78986688,38.23940359,39.06524836,70.18207076,88.32476638,99.81420877,109.13224440000002,116.045984,118.0641922
94.48011533,254.4873703,376.274253,428.4780125,575.1740825,733.6722542,846.9396015000002,919.7889218,991.4747397,1044.395004
13.82533781,34.50215689,49.19942073,58.08344768,58.97519568,59.85091306,63.28879688,81.28886152,92.50606217,108.4557269
18.05809193,58.53718324,82.73644907,91.37984523,96.50381051,104.6552221,118.5753647,150.7059065,182.6953771,218.2932423
10.76301335,21.32927667,28.76424286,38.93306073,48.99088072,77.41010116,81.32040621,87.95372396,97.95003985,106.3026631
27.97144541,62.75274674,88.04650547,93.88466172,100.586759,123.0914813,163.379646,194.3416399,220.28185750000003,226.1185453
24.99878166,29.60505858,36.36067018,41.11944676,52.28587441,76.85862268,98.96673089,124.6596945,148.7975313,162.9037907
6.132623389,9.744326605,10.23882344,10.37723622,11.01774462,17.20658652,21.58819007,22.70158099,22.96807834,24.96875911
58.227531000000006,86.01310929,98.8874882,99.21221301,99.54988761,100.3321753,107.2345981,112.6820704,117.9707729,140.6041978
4.2894681210000005,13.51218719,21.21861923,25.17158557,34.81536611,54.86848519,78.48925954,91.00693907,101.0071319,104.0142229
20.53694597,72.08322427,108.421813,147.7048483,157.6349856,171.2112653,192.033209,201.7911424,227.6882752,238.4788998
13.53359423,33.17247368,60.7487098,67.05066288,77.90136758,86.62980073,99.6305202,112.9346425,119.5731353,123.529517
0.05822326,0.05899541,0.118997717,2.352399129,3.228678134,3.229651567,3.229651567,3.229651567,3.229651567,3.24289017
95.60326301,121.3174431,122.4958666,123.3514487,124.5839765,127.9186446,128.3852449,130.2030624,130.6070106,131.2012632
50.8588167,99.43516375,111.6880281,119.4212694,123.9365442,142.533102,158.4346516,169.054703,192.346374,214.063451
37.26815856,66.09168122,73.01210687,79.78092938,80.43087355,86.25439532,172.56382209999995,262.3893906,284.9857108,292.0163453
68.79861681,81.18932814,88.29432769,124.7495787,157.4648487,174.15060649999995,193.8252412,230.6399706,303.4545628,348.282074
4.351160832,11.32802779,13.95171154,16.21203813,18.28190611,19.71428306,26.07678517,44.00488362,54.91011061,64.13070506
2.723169491,4.3749958860000016,7.098001949,7.526527294,7.642751475,8.502282811,9.088470302,10.24630087,12.39474504,12.72114561
137.6657987,230.75232000000003,285.808929,395.3240823,518.5182990000002,612.8082502999998,773.274767,807.3680383,872.8039267000001,913.6662943
24.17158333,41.5079535,58.719086,118.4987565,178.83627080000005,234.3118495,287.1849767,312.2301781999999,314.467248,317.7419879
60.24515853,69.75952975,77.41158969,78.91865584,81.30447759,82.23344853,85.54437375,86.97645148,116.2583965,173.231476
14.43003117,35.5018323,56.25863538,61.81828104,67.14112924,71.0172088,72.43174382,73.01580896,76.22006046,77.55717766
57.45629829,113.6010634,161.9853389,195.1640303,213.4784721,233.8024664,267.0293447,311.1948066,352.0098470000001,444.1909296
24.37178343,31.77764009,37.31128494,45.25104877,55.97737706,100.2593698,124.27668909999998,134.74238530000002,136.268626,136.6193872
0.0,0.0,0.0,0.0,0.0,0.0,0.0,0.0,0.0,0.0
64.60337242,85.46757269,87.76098381,88.73768305,90.639326,96.46946084,96.86905147,97.00270317,97.6436384,110.3677188
0.02486322,0.032160601,0.036639793,0.03687988,0.03687988,0.03687988,0.03687988,0.03687988,0.037619795,0.03835971
37.72543359,136.12116909999995,136.14047649999998,136.31756719999998,136.6250929,136.9072007,136.9360824,137.20197109999998,137.2319895,137.5321954
109.9945558,152.6555824,173.66619980000004,199.6832673,217.7672865,244.3183741,275.5532736,288.9969836,306.6123972000001,311.4304445
125.0932742,244.64944480000003,282.3366637000001,358.5261121000001,422.9363692,520.4428177,672.6250978999999,853.8278627000002,1006.636053,1158.7799289999996
13.565342,29.58287033,36.4918709,38.06282873,39.16148929,40.51078673,42.74192858,45.2637644,45.36257779,45.48027053
23.64565185,33.55584291,35.55850246,36.6117389,37.67050424,40.66300092,61.19206954,78.78228434,88.59703642,94.28086649
5.6333715710000005,9.394048754,13.55644835,16.88950944,18.74441409,19.65019549,20.65640412,22.497941600000004,25.95883599,31.66671822
84.97323667,141.2721267,231.8546747,338.0895747,453.449856,535.3817447,561.9713477000001,620.376937,788.4193182999999,809.8921343
55.72181507,75.04068019,76.88066339,79.57457138,80.64652493,81.02375501,81.23316863,82.71906654,83.59507796,89.15995462
6.831302996000002,15.14845201,26.92985164,37.68583763,47.97428635,65.25199133,85.48593816,98.60842036,108.9755907,123.2634554
4.858938693,17.27308841,42.84043513,67.57886728,75.53983501,80.78534552,84.0974416,89.78328386,96.3579162,98.66565788
38.96500356,65.78366249,77.96362842,119.5907277,137.75602859999998,163.95230039999996,189.922225,222.7257918,242.57931,281.6498393
21.13496629,44.74354003,70.96043184,93.25515192,94.14971964,97.82817133,105.5487882,107.8456643,110.7784146,134.6373618
10.2536398,19.34373525,21.99841480000001,24.30956159,24.38947015,24.48481237,24.72603545,25.29645648,26.24163573,28.19772511
2.294253429,13.03857878,27.08695171,35.13276144,43.42814816,50.62004922,56.63489879,61.22069789,65.86555489,72.82630476
10.88656366,21.81806442,24.92963144,32.02167822,35.13027511,36.88077727,44.64771412,70.31948176,83.05551645,87.52553516
26.45250251,64.67650735,79.11148931,92.77058028,98.73448007,102.5385823,108.7451581,122.35554,164.298602,190.5057593
70.99478154,124.89738590000002,141.8057762,152.81903590000005,173.7734146,185.8498944,191.3181511,199.4303665,206.0596288,227.0352682
13.150178699999998,31.05169023,46.72810097,47.88897815,48.73007574,53.60158771,54.57545806,55.87021221,57.20216554,61.45213757
29.507951,61.238871,105.4697313,164.31671730000005,217.4985927,298.1103937,355.6801293000001,403.280012,476.6960353,572.0416552999999
33.26001174,57.48064169,68.14675514,68.43390649999999,69.63596736,70.33701942,71.63257504,73.04022642,74.1734875,82.15844840000003
28.17582852,111.2514314,166.3919429,200.35926,240.4748081,287.7956786000001,314.80900269999995,356.9003166,414.6300661,450.9842502
147.47595669999995,255.39195,382.57235,496.6780817,604.3285837000002,705.3685203,766.4088002999998,835.2286502999998,889.5755542999998,960.0981243
3.224435387,9.909097718,15.46429682,19.50596229,21.11608699,26.64534552,31.50834727,36.36600958,36.72605339,38.7131136
24.18442105,59.74403722,89.38823229,111.5847905,143.4486138,177.6178412,182.6585081,184.0550133,204.9398383,224.2407835
5.001866872,6.668650392999999,18.39114867,59.51602671,66.38153288,82.7451392,96.19555114,106.1538764,112.6044783,121.1913582
12.08098927,26.8778858,45.70147089,57.58650781,57.67266847,58.00343165,58.94474994,60.98789148,63.41009127,67.03777088
3.40513812,12.08454484,53.13816204,55.27987177,58.14109633,78.43452923,82.55512747,91.22779125,94.06437031,117.9441291
13.65392111,33.26135734,48.42856889,53.22237921,61.57343552,67.54843535,76.61464846,79.59020043,84.47817906,89.21394086
2.802088832,8.675664900000001,13.61755664,17.29237999,19.21530934,20.80855172,25.65529846,31.65081874,34.49823831,36.26846142
67.34945168,117.2066923,155.5214541,217.1565333,258.1016068,288.983814,313.8321333,352.1755327,387.5719906000001,407.7520185
1.390728168,1.817899828,5.320377728,6.800094302000001,7.278289205,7.511391271,8.025498803,8.807914498999999,18.67885607,28.67144757
136.265478,247.170508,441.2091913,680.3919113,816.2486607000002,936.4504073,1044.0816220000004,1090.7428,1151.308562,1194.497162
56.70566227,78.05210759999999,144.7803504,169.29124199999995,172.00419319999995,174.712772,177.68211269999995,187.0974085,200.8710178,207.7741529
13.47082977,21.05226247,28.54773927,41.60795488,58.62244696,61.17511409,75.42856422,79.96120086,82.09910357,83.31828004
22.75722082,24.64966056,28.7331677,29.30022125,45.15081419,48.27197128,60.3276417,83.96531045,100.5746525,101.3515702
7.238944162,12.70236545,38.10643787,60.72495407,65.96004458,66.7724555,66.95045427,67.22845431,67.56770836,67.85518712
33.99827,43.978441,47.2843215,51.2367408,52.09741804,53.30701144,53.62341298,54.33456571,55.44474751,56.53493361
1.4300731269999998,4.796291716,7.085460727,11.94194529,31.72937289,48.23286809,57.99298726,59.23493199999999,63.57941379,68.88272418
41.72653982,67.44960809,70.7330797,73.97170064,85.01084759999998,141.67752099999996,217.1861465,266.2448694,296.3156162,307.65639889999994
30.52848714,36.76698669,46.7887219,55.63427319,63.66609841,69.45362273,72.10726511,81.63602701,88.60974590000002,90.09300959
32.75937908,58.18534828,94.43869778,126.004959,154.3892083,160.14183490000005,166.3381727,167.6331075,169.8704548,184.9247221
49.73602545,94.01878459,154.1379665,172.42761140000005,191.7480103,202.312668,221.798196,224.2577853,228.1024044,240.8597359
70.90030512,90.09971105,100.3758983,111.5987249,124.6914475,134.42517959999998,137.8546334,138.6690136,139.9998648,144.8731001
0.672132596,1.818356092,3.110219142,5.225012357,10.90297482,28.97943569,32.82988251,35.50342319,38.10405722,45.31266208
71.074694,121.0342837,189.9330625,241.0045651,280.5393734,325.8450025,355.87620130000005,368.2042958,368.9527997,376.8801749
4.078053945,4.7058418,5.044273464,6.113734264,7.8548068089999985,8.994992955,10.28560463,11.64410032,12.17451608,13.25663465
5.186666292,13.37556963,28.31442021,50.37216,70.82631129,91.59566648,113.5258742,121.6444321,126.3794871,128.4749751
145.38158090000005,234.1520364,267.6906933,281.1846224,301.2134655,316.8297094,323.2860232,329.6343966,334.0202675,339.2632875
39.22285417,63.01235333,71.51169492,78.80708032,80.29368281,88.84791389,99.59611206,112.1381221,128.9151866,141.435095
170.066298,354.85574489999993,377.5920842,388.9805343,399.4489774,431.8004341,442.548462,450.6976732,468.5865275000001,475.8787095
61.91023547,138.85859219999998,164.9238168,205.9294021,252.6631258,304.0828702,361.7604412,384.7178672,397.5639624,406.0758595
0.0865696069999999,0.198115994,15.86817792,19.76890698,19.98735699,22.26026198,24.30260528,33.0643053,41.6850933,41.85149019
106.8262396,195.841276,220.2469007,237.5000183,253.31484,260.7314715,270.55837510000003,275.4558209,277.6906157,278.2581443
76.0797135,167.0863051,263.888042,311.5368896,346.2576722,403.8357086,454.9296068,486.7605043,492.2442288,498.7707352
7.100677195,18.01916133,21.1953385,25.91865942,29.03897092,32.66687645,44.30146878,67.16022242,86.02132687,100.3180937
12.89402794,24.71784624,24.88472557,24.94899751,25.08486182,25.46487453,25.7044331,26.17592996,26.73769736,28.31199709
2.295831749,6.566302892,15.08686695,30.90054893,39.72499031,46.29510752,49.51941559,53.30509541,64.74042713,84.54827431
53.56286138,72.85293735,76.26550470000002,77.92994523,92.97717626,186.2160436,217.4032943,222.3415267,227.6581984,234.9743917
16.30180777,40.97739279,59.27688865,75.51821701,93.25159437,112.8823802,139.41135590000002,170.3141521,183.0270407,194.5090895
14.46129651,31.89099907,41.77546504,43.86283588,71.49974406,93.62736282,136.55905719999998,156.6116818,167.4507961,175.69065690000005
0.105198828,0.16943864,0.409966914,1.02896486,3.204547348,17.71716536,20.85392073,22.54203294,23.79901508,28.87790079
5.695452396,10.96208756,18.41598268,30.49765835,42.29497753,50.44838414,66.83074835,85.83121054,102.1062565,114.6861207
40.0416811,136.153314,201.1363652,249.1009583,266.2802585,278.9900944,307.4325822,331.7594578,369.59767180000006,388.2016588
0.056461484,0.533271067,0.815901263,1.066415108,1.349904707,3.34021537,5.602782483,13.83495144,50.00934532,84.50133749
53.80424968,141.3225466,149.1698276,150.0670738,156.3977563,173.82420159999995,198.2685321,211.05548990000003,215.1978952,227.5017261
72.28195237,152.91363590000003,288.9035204,368.7956509,432.6737088,486.2332201,563.6945268,672.1370416,743.6144231000002,876.1338493999998
2.5465935930000003,7.702242383,19.4325453,34.83413641,66.90976864,91.87573016,99.91073939,109.9931888,125.8735491,180.0184448
57.5156911,102.691512,145.3352689,187.1987477,212.058656,290.3886597,375.1005077,438.931003,502.9862344,568.4934896000002
11.08610725,27.43316745,31.3578019,31.67906416,31.82640452,32.1724229,32.58438103,33.04971096,33.35452232,34.50890271
27.04249996,66.9557339,72.03341197,77.08355655,90.69772359,94.0711149,104.2579446,115.1329035,128.1711075,136.57221030000002
45.440048,71.88068067,139.65456630000003,170.39375230000005,201.201826,225.2921877,238.2907117,243.9565371,249.1169704,249.8007012
176.04385,252.5083417,325.5268103,399.0578047,516.3750847,722.7407413,816.6613247,952.9268027,1063.831833,1257.870516
117.42012379999998,128.383702,131.7150415,132.33525,134.4463073,145.6061302,180.6862679,185.0109767,193.8880294,225.152092
53.63134,76.48026267,100.9795047,122.1023497,140.76720869999997,154.886786,174.91691469999995,201.3700307,246.5596887,257.9570267
77.27573296,122.1310739,127.3983866,134.79406830000002,150.21257419999995,166.5045508,184.55324030000003,186.5150079,191.398092,208.0752605
7.65902237,10.5681255,17.58696788,35.01534031,47.52909881,59.76970832,67.05814144,72.18111043,100.2206397,106.2945858
8.000426282000001,17.6059475,30.32534179,39.77712012,50.75945439,61.25278539999999,69.35385034,87.00840276,107.28415459999998,130.6291831
6.388377013,15.82196575,27.78956944,38.36596153,41.1372528,53.10637848,59.20430774,60.99009472,62.06012384,70.04161187
4.26e-05,0.000115554,0.000188533,0.000188533,0.000188533,0.000188533,0.000188533,0.000188533,0.000188533,0.000188533
63.35900018,100.3516502,119.397418,133.1854532,151.4718005,173.6168385,205.9824388,238.11398230000003,267.10527030000003,281.3423894
58.974071,117.152923,180.4067247,248.9045527,321.1234627,400.1007997,510.7958243,566.1197602999998,663.799627,782.286697
72.86726996,85.46951286,89.78438724,92.50041919,94.81949555,99.30939087,101.5090531,108.3228624,126.8013392,132.5248512
46.58412429,49.88592444,50.36507175,50.92683712,51.57913464,70.33599659999999,105.1749895,127.72684540000002,131.3845115,136.133635
20.29145002,39.43371444,43.43539706,52.11903443,58.18750355,58.47850119,58.80840913,60.11824875,62.42918936,74.94870626
0.393613982,2.993490828,5.5113815210000014,5.6163636320000005,6.705126036,10.49694265,10.54369142,10.54963445,10.55110321,10.55323014
6.216971,15.669167000000002,26.875417,36.781598,55.385146,89.855766,105.669705,139.994465,205.930185,283.560985
58.27577055,77.87972253,86.71540083,96.83753279,143.5117345,250.96177090000003,408.8049844,591.0942537000002,777.1491882,977.0505968
90.10964975,126.4476693,146.437119,151.8013736,152.9716824,153.5528324,154.76826719999997,180.8726994,249.4333446,279.9631867
32.50058148,60.89929762,134.6906389,212.4738012,235.125397,260.8579711,261.0288435,263.7312449,264.30379320000003,266.082409
21.53677589,34.26769383,51.58321322,74.38934779,75.54334752,76.07435927,76.32170321,77.87132969,81.33684966,88.56280898
0.0,0.0,0.0,0.0,0.012847875,0.025695751,0.025695751,0.025960477,0.381556325,0.381556325
24.28294454,31.95292144,41.06330477,105.6666772,126.5308775,128.8242886,129.8009878,131.7026308,137.5327656,137.9323562
21.74256134,38.22194901,43.84473765,45.16360117,45.58820332,45.99994291,47.54575555,49.54068497,50.8214519,52.01064786
75.96451958,128.1955281,164.1958421,176.8975021,184.3974826,208.7765911,232.2608324,251.5904244,295.8433795,381.4674943
22.89323929,31.22832936,34.94499127,42.10149386,77.13117156,146.5135974,171.2946241,178.321402,190.1257546,200.7490193
45.93670109,61.48492,64.440768,64.50029722,64.50550966,64.75255797,64.75864673,65.49036579,66.21226152,70.88935125
107.7432658,218.2681093,271.8657243,360.6887458,395.2807768,420.5951569,425.2466643,426.96411280000007,431.4489452,432.5575899
68.069808,119.4563461,169.31842949999995,217.7161659,306.7144341,369.7387098,417.5689741000001,451.7921141,478.51135260000007,550.4533288
12.90702352,28.79911884,61.51837208,83.80623234,95.22107311,102.7538833,112.4924529,124.54698059999998,134.1611417,151.01866619999996
149.9290275,235.79149500000003,466.76720250000005,654.4264,793.36618,1136.500495,1384.103593,1454.467379,1592.898621,1613.961524
77.611899,93.10833192,101.3917029,162.8354511,233.2976704,259.2859921,271.2745388,288.847836,316.4888971000001,328.3932430000001
3.747131174,6.972275465,7.547321537,7.744526677,8.004619891,8.08883193,8.306092808999999,9.088065249,10.38284089,13.56656684
21.02870258,29.86038517,44.23955029,53.52794835,81.68416244,90.13753662,91.9682539,92.91469992,94.11111666,103.4897671
32.90603454,86.65920608,170.059104,243.0985419,271.61706719999995,326.4424263,389.0433788,429.4056933,486.4023386,530.4987847
0.003743167,0.016197368,0.030298027,0.035648902,0.055178954,0.067343928,0.091174963,0.12091788,0.132968233,0.141336471
17.01833191,24.33517296,27.0527267,37.90245867,49.1844451,55.39228048,61.37621913,63.48029728,64.47707589,65.39247116
124.5045763,207.318585,249.7103407,278.1055157,286.5987206000001,299.3132218,318.1637708,343.5617881,365.9972012,388.5169875
2.956713373,10.58026487,22.80858725,39.34075928,48.51165621,56.80471356,71.78061549,93.07997272,108.4932141,119.9188874
40.28329336,74.76015787,82.03791149,82.46382956,86.11263424,89.84794872,96.74568687,100.5948626,103.8525376,108.72201
119.2881433,314.2477867,418.0705867,492.723492,558.6671033,608.6962179999998,645.6001467,740.445745,852.7622997000002,950.3964697
21.3546531,67.99642245,117.971676,154.9883948,185.377877,200.9964336,241.9739044,273.4740379,304.4969706,339.1954715
86.33488643,116.5262444,136.4160743,188.8910354,206.2103606,222.4772111,232.19185640000003,279.47520699999995,289.9376758,293.4776323000001
14.48109318,31.95108521,32.0877318,32.10109046,33.23066449,33.76776964,38.87920565,70.30834190000002,132.34594679999998,137.2539323
0.807425855,1.7327520180000002,2.083339955,2.24869265,2.275454301,2.276506963,2.332274529,2.382623239,2.3861672680000003,2.388191974
7.413729041,22.98881377,47.26005135,52.94112927,81.45478537,114.7858462,126.7039898,131.00206200000002,138.5253705,156.6776252
0.037668306,0.099941735,0.267026341,1.814471133,8.501252212,9.651254916,9.751717535,9.97669544,17.11285448,48.96031363
109.2207094,205.2119131,293.0783215,347.2189443,403.6993145,478.2249861,566.8079591,714.4918266,839.6652508999998,927.4475986
83.41511857,101.5285684,101.9273857,108.126245,117.59663159999998,121.3262409,155.767416,176.1581052,200.1081556,250.1774117
162.50421830000005,284.5821101,324.8664821000001,340.6274377,357.1315667,395.330798,439.6178166,519.6409993,589.798767,648.9740353
36.28622204,39.30583508,39.72499425,40.37471824,40.57145358,42.24157268,42.2531919,43.69468308,45.12831284,49.90819357
6.760917807,25.59494156,49.47357365,82.70103644,94.36478595,103.1639487,108.3984293,115.13315159999998,118.95390659999998,122.9462925
48.96882751,101.94337009999998,158.8707319,181.7573008,191.9789672,196.7238649,200.3395901,204.8394211,214.6960889,223.253919
0.022882353,0.032857857,0.037876027,0.090973118,0.154900937,0.162835608,0.17713196,0.187663845,0.188874945,0.190776434
0.6949141959999999,0.8102004509999999,0.986252768,2.356911755,5.297778307,9.422364126,11.46534596,11.64519343,11.90109532,17.25221161
184.2018272,290.2691268000001,314.7128974,327.8240305,353.51698660000005,373.618653,385.5333166,411.756046,431.4155736000001,453.6818477
45.57274345,74.89468105,102.9303112,136.2782021,154.33416169999995,169.100285,187.3206555,225.2342039,291.63392410000006,326.1577735
3.497965332,7.134093944,9.963658394,18.36853634,34.44140743,45.56322113,51.64300479,54.83596536,65.2654689,74.08564414
0.0,0.0,0.0,0.0,0.0,0.0,0.0,0.0,0.0,0.0
9.786445999,15.15652557,23.16548375,30.21824026,44.96135937,51.82268955,128.9133184,145.24162769999995,149.0161435,154.9693234
18.611022,42.15546033,68.676502,149.772952,176.645048,226.2241203,362.562675,431.43218830000006,486.402841,525.1003343
71.13176333,147.76650869999995,171.08580569999995,202.230855,227.525661,265.0581567,297.6050053,310.7883367,332.335281,336.6572462
45.97015783,126.3875243,152.5839017,156.757422,168.0690688,193.1180715,238.3882153,294.92625310000005,332.104561,349.6389618
7.147510517000001,8.044573393,13.45443631,25.37622583,26.62048294,28.29198309,30.53941615,31.69615607,31.77787219,34.35399268
18.75530091,37.75455607,49.57187637,58.78433579,65.49598243,68.50325767,71.13141188,72.64840242,74.50778395,77.27362974
53.5841938,76.17257020000002,89.3375954,97.05901082,101.7441295,105.2190584,108.9550795,113.1488577,122.8530743,126.3046666
7.970023048,26.03547894,33.98258015,49.58266939,57.06190963,59.58814884,70.30004462,71.05296291,76.42414992,88.15306852
71.22848228,99.59535025,103.4113035,104.0871593,104.7660261,108.3802789,110.6957393,136.2997892,179.5039639,236.1868215
86.78229571,111.6389839,142.7470763,157.246874,166.3890488,181.9243526,198.1900636,219.0170713,225.850801,259.9519392
5.00098294,34.56681946,49.23836813,54.04159589,61.66384559,65.32247007,79.37798862,86.8546265,93.76827521,104.2211769
41.60358992,82.27641739,101.8178834,147.7072102,159.2313872,174.8338519,204.5883301,269.64522880000004,326.1475664,326.7405198
19.12376953,28.26050471,42.13821118,50.73799506,57.96628733,66.35709613,69.67895984,70.56196531,72.61624334,76.69989477
31.08761595,50.46175908,74.93641794,81.77773912,99.98722071,117.3329372,118.5293922,118.5940888,118.6239586,118.6784047
150.25861840000005,262.3773184,486.7900909,613.2465669,648.3146118,665.101757,670.5148704,672.1841122000002,681.1302367000002,693.9687916
13.18591037,25.79418914,30.00668147,30.49514177,30.62264999,30.81969869,31.29751389,31.47488136,32.85774655,36.21903392
17.76465427,67.43109695,90.61636031,93.43559002,97.2659488,99.68341337,102.74675340000002,108.5296014,118.9398295,130.3071947
24.21598779,89.17316886,134.5462074,143.3416336,151.7861491,159.4991669,167.4834381,170.8670736,173.7281472,201.0803389
30.87891605,44.89731563,52.19727678,59.90075575,68.87136698,91.76110217,104.8407442,175.3765543,202.7444356,216.8337236
0.000930243,0.001450503,0.001450503,0.001450503,0.001450503,0.033051462,0.069499388,0.095527747,0.099314761,0.100074532
2.209810372,3.349174531,3.644495665,5.356058858,5.896429277,9.062739898,10.99183602,12.07101118,13.70429627,15.0747731
10.31998061,15.95470494,25.66054619,36.23941612,39.3271896,41.31943467,54.87459994,60.6024826,71.18536283,81.89482273
20.62831368,104.3269097,141.7467112,144.89050830000005,146.426242,148.6956605,150.6388345,151.4572437,158.7355576,178.1260582
40.691477,152.0378995,351.1341645,449.2133730000001,501.7340608,515.6408865000002,518.2041825,526.8086139,540.7235691000002,565.0630512
17.24602197,30.51499155,35.54245889,40.42038474,43.12401784,63.26716071,91.23848749,98.7343602,120.3949184,190.4080345
35.33769749,64.63910314,110.3485705,144.08702069999995,155.8944928,161.4176386,176.35045280000003,188.2523373,201.0202983,228.522715
44.89254077,69.61568957,91.07068038,106.1759244,167.8634687,204.4037264,209.5204635,223.0004446,234.9045442,256.0381911
34.14301171,38.94329597,70.01953459,88.28298302,99.17372131,104.9246784,111.743129,127.1992074,140.0064535,145.1003329
1.72114835,5.120522516,11.3284792,21.26691953,26.26664453,28.2370402,31.94089369,34.14892952,39.66162712,44.9989801
82.46536167,126.7987322,152.0392477,171.5122367,190.9976258,199.2447662,201.906922,204.8451683,220.4061516,223.5199465
0.0,0.0,0.0,0.0,0.0,0.0,0.0,0.0,0.0,0.0
22.41369653,25.49222796,25.51560278,25.52708215,25.57099138,25.72234402,26.00122584,28.24527446,28.96459445,29.00931762
194.37459,274.726286,424.5247893,576.5967627,639.6472917,654.8069997,665.5895638,688.2731691,701.0783691,707.0226562
57.30785371,66.01906183,72.88527171,76.06044265,80.95418925,94.18666572,99.62653968,113.61653590000002,119.7932741,120.9592081
17.70403447,75.62793504,144.0253695,178.7398681,210.5226079,250.8353772,290.5721946000001,296.6562281,298.4828693,299.8494597
0.272993912,0.42686606,0.8044156179999999,0.8044156179999999,0.9211272,1.037838782,1.587923508,2.334750858,2.375668959,2.538929547
82.22361087,98.30110556,101.2847177,109.5459718,156.6348956,187.08430780000003,213.4302519,240.1925565,263.5834418,286.8896321000001
61.54636913,92.73951378,103.2456621,103.5800029,104.7858986,104.8300265,105.446646,109.6503044,112.1864244,125.2398855
12.00058886,41.53982685,59.86636158,90.75074865,110.7092399,139.7647244,160.925651,168.7337893,170.8320794,172.2738108
159.87760669999997,252.09555,454.1592467,583.8733533,682.173682,715.454716,730.3078547,756.3048877,771.2843472999998,776.5636748
22.86799875,33.4577007,45.74576914,73.06626526,85.56435176,106.5661531,123.7206376,137.954942,177.2642605,231.4444836
13.5368345,14.63656851,14.85079306,15.12937246,16.40797857,21.16818107,27.64843538,46.09567248,51.41594322,56.70331325
5.628425149,25.00924983,33.55073581,39.95424238,51.29425097,55.40228548,55.64146205,56.05587228,56.27213153,57.573538600000006
3.460894396,9.168776625,22.13489815,34.0367529,41.00509663,45.94032536,49.92265464,53.01990414,57.16080099,61.82570192
103.8447046,146.22175780000003,149.6835438,153.7329234,170.4477018,222.0958102,302.7313999,379.3709517,400.1706815,415.3145904
25.96456792,46.9572966,61.44546294,79.04549920000002,93.76272371,115.2720902,115.8990357,126.7067805,200.2303136,234.4504528
66.27436617,137.3643765,202.7375246,265.192354,341.1205923,469.260487,592.5747481000002,705.0309252999998,867.6829311,909.8539665
5.677005932999999,21.25801423,30.44827652,36.98805291,39.29506754,40.25216078,40.78680707,41.48168372,45.84573943,54.41464873
0.0,0.0,0.0,0.0,0.0,0.0,0.0,0.0,0.0,0.0
20.39027768,68.25092997,120.6339359,127.6749898,129.6305161,130.7032989,132.3607318,140.66446409999998,158.3931613,189.45677780000003
67.475965,160.896775,207.8464503,264.950725,331.399846,411.11397430000005,460.7649627,504.0320487,511.2886028,512.2519624
27.52476383,45.64056385,87.6590929,116.4503351,125.7054452,133.9693031,134.64434,135.2578354,136.50589509999998,138.1446133
0.0,0.0,0.0,0.0,0.0,0.0,0.0,0.0,0.0,0.0
24.88698121,39.60890723,70.79920719,91.00149743,138.856619,159.5065292,178.0463472,184.4549592,203.1841477,262.4383007
43.8716239,91.4067607,110.6231559,117.9210172,135.5756706,175.7340978,215.3981206,247.6949297,251.5707068,251.9951271
27.97211159,46.79767316,68.56810961,96.30726837,107.6244056,127.4299654,147.8583832,166.7094546,174.54576709999995,186.9874922
65.92028328,100.4480178,117.1963668,123.6978804,128.3602959,136.4050895,166.77630449999995,194.6833036,222.129521,251.8941866
29.26863091,78.78830926,117.3767061,146.3943351,158.6623284,173.3912775,199.1924566,249.3477069,279.3705199,302.2594870000001
56.02925725,101.2926926,114.2216995,126.84387,127.1801634,127.77176740000002,137.9118223,176.62622040000005,213.5814518,216.0359331
23.84761649,33.82597637,38.78346484,42.12726663,47.08943115,51.89347137,57.89920895,70.32073989,80.2432348,85.32036281
12.00595319,22.92203737,24.79031653,25.49276558,27.32208781,27.71511668,27.7404599,27.78263137,28.03874026,28.27041096
74.37178036,106.4656762,109.3562942,112.7368595,124.5042352,131.16783909999998,134.9110237,143.1632045,150.1964208,160.3418756
85.93689443,91.78273862,91.80513781,92.15878463,92.42029736,92.6051483,95.82859265,97.15550109,99.65277314,102.4046906
55.36244024,116.0782639,158.10137969999997,177.6639639,205.4182837,271.47951560000007,340.8058231,356.7271792,378.3322876,404.6568958
10.49128746,16.07823847,19.66332961,24.30438071,41.62252428,82.63693185,114.4386443,123.25461409999998,129.6404767,131.071945
43.60186183,66.8461046,80.77373548,92.2701765,99.5344312,102.6890369,114.4970612,142.7299012,156.32478319999996,161.0026946
65.9300241,125.4272562,153.889744,175.1679575,186.237673,202.2109609,216.2781092,225.07910980000003,232.8240393,246.163048
27.73915876,39.05629595,58.86185582,79.29027361,98.14134498,105.9776575,118.4193826,133.36079579999998,152.4454533,167.7245737
42.05515072,95.06096784,127.6845777,136.13520309999998,140.1290404,154.0425957,166.3804285,177.4636696,200.3899066,241.3810611
0.40240947,1.380058988,2.143315516,2.4841249,3.0655065130000003,4.268705028,9.366596564,11.03793687,15.74320153,21.90798201
11.49391386,28.2626005,45.58962093,61.676980500000006,82.73097321,109.1874198,132.5372456,146.59806830000005,166.72155769999995,203.5090237
53.44644275,154.40197759999995,181.79944630000003,208.694525,237.2045442,259.0074318,262.3882345,266.6005005,267.4424648,268.1208381
20.17911641,32.12029341,49.6334194,53.53650991,57.06029848,60.86833086,68.55836803,76.85845038,78.74468001,83.93979425
5.704970897999999,10.28209332,10.77803668,11.1623936,14.00837124,16.93895567,24.57578075,29.71061501,29.94347686,30.0311075
5.881946158,7.597816577000001,19.08313936,24.86432371,29.95134548,30.11661070000001,37.69596727,53.65445377,84.17643269,94.87508776
16.93746104,37.75489247,40.38709994,41.54656428,42.25788028,44.46631015,68.63277289,139.8534786,153.5878399,179.0588831
12.02578217,16.7589396,21.19255213,21.46645336,23.86953006,41.12920806,53.78102939,60.46184119,72.55146419,72.67387042
64.60337242,85.46757269,87.76098381,88.73768305,90.639326,96.46946084,96.86905147,97.00270317,97.6436384,110.3677188
70.6594985,116.7704623,119.1010953,119.8570796,121.4497835,131.89831759999998,135.0464498,135.9143432,136.8936336,137.5515012
5.148529282,10.23039601,15.58538379,21.90746654,25.47431243,31.66568364,33.55759491,38.97967914,41.16222761,43.35568649
21.73918637,38.60638105,55.2617665,62.99953477,68.17610209,71.34217989,85.40468975,93.69587613,110.9754833,124.050008
110.4735517,140.2887767,162.148162,193.976151,229.382986,252.3506967,275.641325,291.6820913,310.0897193,329.6321903
57.883807,82.09103808,93.77891121,100.1358727,100.7646045,101.5279246,102.7959833,115.2011241,122.9624536,125.4101106
7.749737171,13.83626263,50.57701805,57.40804872,62.06233333,64.36250918,79.49526369,86.94228256,100.9231693,116.1316343
19.37135809,26.9846691,31.74589793,39.55107706,43.01591692,74.42594869,138.9843949,171.8187658,175.6006206,180.4208426
42.65032625,82.25248847,109.1168764,122.9781261,131.7980703,147.6233866,153.9010726,163.0135796,175.808758,199.9201937
141.1378803,233.6297153,278.1705251,300.9283454,342.0862261000001,420.4240009,519.7318907,653.0681969999998,772.3653588999998,989.9627836
1.5389855,7.321843817,26.66788669,40.53933902,50.02416249,64.1524907,84.11032527,101.9731035,120.7602841,126.143205
100.337615,187.7998732,251.2882272,283.0398962,296.5112596,302.7640385,307.72691089999995,326.51609289999993,357.1860752,407.4825619
101.4015309,121.8788542,141.3419949,167.5236944,174.30366940000005,193.3817,204.29484330000005,214.8925883,220.9816075,226.5070019
19.9670656,30.99143012,43.77971742,51.34535922,56.04102627,58.80614673,66.1354696,76.27680807,80.63704889,87.79464565
35.39434113,62.79467006,71.03799158,75.10347721,77.0929058,78.79005615,80.35070846,81.65651042,83.31566514,85.37776651
54.49770124,85.25583531,107.4851848,152.24540980000003,212.33464730000003,279.0524082,328.4330927,385.085888,435.465519,482.5662254
19.37894304,24.50148982,26.60924785,33.44784587,115.7951339,133.5278007,140.5271989,144.83721709999998,146.7931053,147.01728880000005
100.2578211,126.4254362,144.077301,154.0446474,175.4826658,180.754584,189.3588179,196.8810646,201.0732299,205.2892238
2.832029449,13.01310764,15.53384654,20.32381046,23.65010919,24.77958009,25.96354598,30.80539838,32.07684951,34.12747578
28.80488606,39.10260625,75.84344956,91.81065925,126.7281656,144.37415900000005,156.0895689,173.6856307,198.3982764,233.9697097
9.212645473,16.99482532,37.96742514,52.30830032,77.0029772,80.49266407,81.29262788,81.44215401,81.52389682,81.66817843
0.5377795679999999,1.169684725,1.972365631,3.274772361,8.421149305,14.79692663,20.27836206,23.81247343,25.29744178,34.31675974
38.22748975,58.77405662,75.37024312,94.13464287,116.1610922,123.4258918,126.0819362,134.777023,148.3118811,163.0567616
33.2150976,66.14920153,83.92138502,111.3826282,127.3881621,143.0618133,154.3120467,163.67524819999997,171.4360935,176.58396330000005
148.31038999999996,179.3947426,222.8332654,252.8746526,266.93021880000003,277.9755307,278.1782685,282.8265606,292.7070418,365.1557826
54.39851257,71.70934395,78.87105955,87.86848341,113.1133495,121.7912501,129.7100831,135.0620032,140.62967619999998,152.1171583
38.70244367,72.84339283,99.16992467,108.6193219,131.4183426,134.8062081,139.12781040000002,153.5772399,162.5722489,178.8453426
84.86487059,94.02080849,101.7097061,107.4262899,117.8762503,127.8938707,198.83265580000003,272.3921944,283.1056747,301.1279691000001
9.334639331,35.18026631,35.38053301,35.44348231,35.48542138,35.50844991,35.53677704,35.83515019,36.14132562,36.42387872
48.41274941,66.27171428,71.48696431,74.72733178,76.20214327,80.01225766,81.83724353,82.07466147,83.36844498,84.62124766
20.59740215,65.52326458,85.07075411,89.20501393,89.95989114,93.53563749,132.1030542,219.1809898,295.04918639999994,358.0775553000001
86.74792833,203.4312517,368.0232917,552.5301450000002,661.6891537,727.6199073,958.7709273,1028.969042,1090.518601,1181.635487
2.805688604,6.089605112999999,22.33967856,39.12282093,57.06707788,76.94109242,88.72552443,100.8361654,106.1756554,117.6384206
160.6556889,258.57771549999995,266.2376679,280.3083436,290.9412968000001,303.2950905,359.4177633,406.3382526,413.4713081,415.7416467
26.35583642,55.24326807,66.26753423,81.52460215,111.59065590000002,139.9700107,150.6093775,156.88702080000004,166.55038330000005,174.8872339
199.9014086,323.63283,383.5843662,394.7116432,400.4645864,416.10035,463.3674932,553.1193142999998,647.8311346,753.7872137999999
99.16938225,115.0508655,134.30261409999997,140.90522969999995,176.7663026,198.4468741,275.40076539999995,287.2764849,289.0743596000001,289.24832189999995
0.78197244,2.076748081,5.260474032,9.915188425,13.06917642,14.39139825,14.44883019,19.76075903,29.56480092,38.57750578
0.155309739,0.190366674,5.209490495,7.012490679,8.613787357,9.442727798,9.745785636,9.90496046,9.966204812,10.20893775
1.70397488,2.601675745,3.959448245,4.210021562,4.523732138,5.061375226,5.454120579,6.797563327000001,8.617018535,9.685271616
215.0524967,422.35525,700.2017599999998,838.5662867000002,1014.19319,1063.987143,1110.285796,1144.693743,1184.12333,1225.675264
62.16665365,112.8651994,154.0304303,195.6638462,230.6288457,244.9189247,248.9613212,260.6287726,279.6670397,303.8804061
7.375196187,7.519075685,8.078863541,8.082498815,8.319712532999999,8.42072206,8.755280481,8.955788242,9.728007675,9.792908156
30.67128618,60.88276467,61.75040178,70.21073789,111.8494392,125.9446227,127.4446663,133.49327,217.3518927,272.4516253
68.067274,148.1383323,198.0741333,209.0980103,234.3387473,256.4321063,277.971815,290.7304167,318.4040383,362.1885523
0.0,0.0,0.0,0.0,0.0,0.0,0.0,0.0,0.0,0.0
93.41764635,139.4286721,202.47996730000003,257.0682485,289.8540856,321.1480863,345.7264102,386.39695530000006,418.1237731,484.1275453
11.58079331,21.50077702,31.78909179,51.95965986,64.77303292,88.29346290000002,107.9152125,121.5175159,131.5588097,136.59582759999998
0.0,0.0,0.0,0.0,0.0,0.0,0.0,0.0,0.0,0.0
20.34121634,52.06192671,148.7842089,262.9131463,316.6829549,364.8475869,422.6851778,478.37040189999993,486.8782149000001,489.2744159
4.199132239,15.91807083,26.00130205,32.43179363,40.04409055,48.56544995,59.18019104,84.71857222,95.9861648,115.350005
125.7077246,205.4823206,325.0205871,405.9610804,466.1902838,488.4189291,500.1600086,522.0260286,530.6357197,534.5758545
69.66932926,174.9223945,338.4015983999999,437.9852919,496.8301022,517.9193706,546.6491378,576.9459726,684.5820894999998,711.8158642000002
13.60773615,20.72627357,35.62543886,47.63341403,49.98949867,52.55393387,52.79209606,52.82925349,52.83157208,52.8444369
34.91750633,52.56349976,64.27890969,81.87497148,106.5876172,142.15905039999996,162.5228157,172.2028871,181.1845149,194.3564573
7.414292069,37.80744824,103.4413862,110.9806663,120.1296831,170.4548261,187.7520122,197.2854698,202.361004,211.00998680000004
67.39936800000001,98.88281157,102.874594,106.042211,118.3435815,148.0089437,184.8678879,218.1563066,261.5129946,337.5586875
29.60011423,30.7584578,34.1319433,41.91899549,107.9897256,119.60706090000002,121.4240285,123.7094627,126.8247369,128.7265709
58.97116876,123.5859015,167.25157130000005,186.3408224,199.9431813,220.5540019,231.3986183,236.8732976,244.105302,262.8037198
45.05561834,70.06142721,99.98350503,101.5086758,128.3218075,162.8030136,217.8136733,221.4593766,228.94595930000003,245.5774727
36.482406,51.34036717,54.01438933,61.7182265,74.32558108,77.20289059,79.59649763,93.66608488,102.1722595,111.8366669
50.58312559,127.08918590000002,158.77215719999995,183.7412851,191.8010225,209.8256917,229.8459859,257.4066956,301.4883939,343.43737660000005
7.952923499,11.61095694,11.72817077,12.05091929,12.76131964,13.03947404,13.33210627,13.42664505,14.01413333,18.10056426
13.998372,17.76219812,30.28866428,60.95714778,70.26492757,73.60778378,83.51497172,94.45521272,100.4924614,108.61243190000002
41.95616515,57.69249275,78.87410812,108.8584005,147.86783119999996,165.1389888,172.00954030000003,184.0615909,203.6703469,217.7811061
33.35232895,71.28254438,117.537489,163.5747354,214.9089973,253.1153172,271.2657384,299.715894,322.8850927,354.2814603
6.7401509860000015,60.31480393,81.87496154,95.5262574,98.45535342,111.6727817,134.2859452,167.7165561,178.36343280000003,181.4851208
81.60126463,112.5931871,162.9062603,345.4141415,440.7991214,476.7005171,512.576845,656.5011795,728.4929153,755.6300252999998
25.63913944,65.10082162,97.28044597,134.4132384,155.6436849,182.9385889,202.6414503,217.0320476,236.4026826,249.5820102
26.59977289,46.41769567,70.24417029,87.94207819,129.7318849,133.3201718,134.35118500000002,134.4821081,138.5395472,140.9612886
38.09981932,65.63012086,74.63128333,76.11023626,84.98648027,89.97261775,92.46265342,93.57227895,93.96685752,96.28090938
10.53083599,10.5889413,10.96174308,13.47289811,17.21308544,17.51834977,19.75784539,21.71371999,24.86223535,29.55561333
16.58889717,50.13136893,57.89189043,66.18956007,87.17662718,149.18973459999995,173.8248764,231.2168835,255.0029074,258.6676631
36.44875378,52.88348882,53.71383725,54.01816432,54.26558669,54.54719524,55.60311895,56.03428743,56.63989753,59.39729693
22.33750843,88.24012634,162.7649418,200.3955542,233.8995213,275.7373708,319.5277435,327.0003429,329.5580556000001,331.3695744
5.246035435,6.735779134,17.27397051,42.62105192,51.65763492,61.8537098,66.80501003,72.44611271,73.45369908,75.39951635
63.46782009,90.28321396,100.1190289,105.7837853,107.77780020000002,118.1187287,134.2394521,157.22011619999995,168.256915,172.5914434
17.61085915,33.10731358,42.07429304,60.48861939,81.75004749,105.254384,139.9149946,173.68382659999995,199.475267,217.6998232
51.85712541,78.20900661,90.15337334,99.69422239,107.2434619,115.3424704,121.9193277,129.3295104,134.10691509999998,150.780489
21.40286556,36.11985465,41.09234227,43.09387978,43.6783364,46.17874624,48.49608108,54.1013141,58.22266485,83.92269832
0.384842246,2.134625782,2.39414336,2.449149139,2.619117679,3.233746303,7.459257934,12.80933875,21.62012017,34.90165573
85.96024857,136.8124986,168.0124291,188.8573459,210.5790909,222.1703149,233.590844,242.078668,250.7574771,271.07950939999995
75.86819662,138.8965655,153.4736039,156.1386177,158.4210323,178.9581447,197.4838837,205.2456719,210.4492994,224.8927427
11.68325881,66.09210256,130.3976206,192.6342077,243.2698826,294.2961863,338.5895852,372.0875369,408.6901351,451.0063131
51.96594967,76.495846,86.31215513,98.12651355,141.9105884,220.0105077,263.7146881,284.7280217,318.9361694,345.6147242
43.99954088,56.73427916,66.20778633,84.85782989,93.99308815,96.80743748,99.12901384,104.2727728,120.8694673,133.6645605
30.1076516,33.8290169,35.85180348,43.63662008,52.73922138,56.33179134,93.04409694,162.4120429,193.4076207,213.0369757
6.327272835,37.68052216,72.31822662,84.9018708,95.07446163,106.05264270000002,109.6613092,111.8612639,122.3800936,122.9526848
7.640262513,15.36735066,19.43589648,20.42102778,21.58038935,23.70584956,30.41896796,46.446333,57.58471243,72.43145798
159.3004892,199.0224742,205.4104874,217.1902282,236.7229666,245.8360622,252.4544012,283.9633103,298.9217711,300.8951114
9.125711427,16.38172852,36.52486105,43.27569545,47.42447070000001,47.56422050000001,47.62497033,47.77533038,48.60687585,49.86410621
19.33410481,34.56697229,44.55779019,47.97528959,48.39216794,48.99277397,54.09077415,58.04964438,60.07426518,64.73011128
97.90413865,180.56246940000003,212.9520475,244.2995224,270.5905522,302.5502805000001,328.0929277,345.9571127,375.8963035,421.8504621
12.13344641,43.69072074,48.56542242,51.26447249,51.27466139,51.27629844,51.29186471,51.30665286,51.31894087,51.33548917
15.73579094,51.33889599,65.70768926,77.12786712,81.07143353,84.22857954,86.04296539,88.58378289,93.27156273,103.3304067
10.41564823,38.28385371,47.51716249,57.36604073,74.22610234,111.1603938,124.0101153,131.6718476,140.1310241,153.39508659999996
12.72972156,30.56591073,41.16925698,45.28591182,57.65804752,78.7090847,103.0695081,111.8646792,115.7654092,123.3972393
29.9824735,49.3872255,52.1518444,52.75958485,52.83758915,53.55346167,53.80856827,54.38238555,54.72704534,57.74469259
44.949417,80.3975005,113.2786399,150.2838303,271.6056296,448.1081546,552.8404753,600.2458601,681.3881283,759.117062
85.03628315,128.8334755,149.78409430000005,162.22196530000005,188.4393332,222.5950487,241.1568665,247.5679141,259.75707090000003,282.2462616
2.747859894,6.581257937999999,11.05470686,13.09102294,13.92081795,15.12939726,16.50497368,18.10227422,18.5308982,20.73142931
94.78000124,169.8963097,197.8640683,219.3210812,229.598797,236.03594680000003,259.0867288,288.6787159,345.7473922,399.2821068
130.8895072,186.1315018,202.8383877,213.5320129,223.5427591,236.568979,252.1320122,270.3017125,283.04148060000006,287.5888163
18.0222643,64.78402704,105.0575037,122.0725826,124.6761063,133.2643724,144.80963390000005,148.4935846,150.9815619,158.8584846
10.67799316,25.62018139,34.48225348,36.16626831,40.08814485,43.93585393,47.45529522,60.57849846,98.2326734,120.13088770000002
40.7524863,97.01976332,114.1442451,118.696367,145.8311032,153.50861650000004,154.8881519,159.3011834,214.65968450000005,229.6579687
89.01078107,128.6596398,148.6894858,162.9341302,163.90771,165.3707003,176.1616279,208.6467603,237.7744422,239.8911297
8.2431255,16.089933300000002,22.89878347,40.86049515,45.68131179,50.82984108,55.91170781,61.26669559,67.58877833,71.15562422
28.63182424,30.00397305,30.05314498,32.97115473,40.66851333,42.86574815,46.16305639,46.90337856,49.59533469,51.15434994
230.9738867,408.31304,518.182998,576.9200252999998,611.9123367000002,636.1708757,661.8325792999998,748.1046259999998,842.1472843,948.0256843
13.18256093,28.20236609,28.23057452,28.35441058,28.45502129,28.95902271,41.62546153,47.54282139,64.50960740000001,80.46727126
50.02039766,80.51443097,127.2970487,155.94499140000005,179.40694309999995,193.8429174,205.8685196,213.6771477,227.2807205,269.97609500000004
2.7521948110000003,6.463882916,21.02876957,27.38560199,30.83765795,40.88611522,46.1193368,47.53218267,52.97697028,62.82711034
26.55108763,57.78598716,71.22969712,88.84511071,93.66315806,96.77624284,99.30857383,100.1155613,104.0221847,129.6864372
12.56312085,18.94322355,19.4209129,21.54261138,27.96061562,65.00543728,95.90196977,102.4574342,104.4085123,107.1607503
7.524011016,11.10421046,13.82320536,15.38568596,16.21331507,16.35534976,16.59376325,16.9757462,17.44177354,17.73141142
30.60478343,66.47039457,103.2637044,121.9527247,132.1554029,149.1303425,162.5488241,167.7084605,182.7944905,204.196344
14.24130283,24.78806044,25.40166918,25.53712205,26.48107347,27.70927411,30.50919676,31.32076979,32.94762769,33.33647445
101.7448239,138.861201,146.8005219,239.7619732,274.1999545,280.25111680000003,285.3198617,297.49019510000005,320.7147705,331.0392939
56.17744675,83.27642175,106.9557205,166.3305424,185.0581165,210.1761933,267.05328340000005,307.9449799,340.2141925,368.3678774
35.86391597,43.39005572,59.62890148,65.56363958,70.46723923,73.33843893,73.5893307,73.92904423,80.2023795,81.53630192
42.23600435,82.78419534,95.38922565,95.48564592,95.69429957,95.93585212,95.94661588,96.17500208,96.32388103,96.6468314
19.19886714,39.38559923,48.50752579,55.09273237,60.39984413,67.88755451,77.6140168,86.72769268,109.9080834,129.587575
13.05486258,29.83625857,48.70902205,65.7858171,80.65774065,91.567131,105.1248537,118.45697690000002,136.4075216,191.8840481
5.380306906,11.80131167,13.5195345,14.14891708,14.523553,14.915812300000002,15.46943655,17.10655321,18.03786039,19.97562644
63.534944,113.4467903,139.05376850000002,162.0271343,171.7384528,175.88080530000005,183.1902923,189.2254934,198.3510524,200.8098575
12.17461079,15.82891228,17.07770562,18.03981194,24.32594903,35.85575778,53.35609853,77.69577316,118.3646978,171.9588218
102.2585841,114.97907,119.9755884,124.4662665,140.55664230000002,168.285526,177.49549230000005,184.7815625,189.8657475,194.0716632
48.08477886,66.71632592,80.53099251,93.89075044,103.9775932,110.3189807,114.1436749,132.04335559999998,144.0475007,155.1546465
65.75367625,190.6704445,254.5978291,277.04085810000004,311.9318013,336.2372035,350.4576951,369.4090345,424.7143584,494.4005195
4.879308415,8.587994018,12.11890192,14.99230672,16.45982471,17.3272826,18.20440846,19.6037913,20.53038456,23.62329696
5.756543794,9.376416205,15.383487900000002,18.16815304,19.44106113,21.02115596,23.35630142,28.37423518,34.27247527,36.9855961
40.80742214,92.227969,105.6812776,109.4220049,112.8438144,120.0071784,139.17748840000002,159.7900715,181.15028930000005,196.1667998
16.63406482,49.43665018,62.9744921,71.78845786,71.90511941,72.23173201,72.42769601,72.67831312,73.03886555,73.50793655
11.48320578,18.61278063,31.1452489,37.4611972,48.60023245,59.50427976,61.55100396,62.45157384,62.65972325,62.86265259
11.521159,13.589005300000002,15.2706397,18.132719100000006,22.9410077,44.9121097,111.0037157,122.3477067,127.9831881,132.9295721
1.682514049,3.817651024,5.668588095,5.999163575,6.1717385060000005,9.978380988,11.82265932,18.21921608,19.77440676,21.29185373
0.907085017,1.57098662,2.843618303,7.532315142000001,26.34081422,30.33657193,32.02029157,32.59638176,53.44274302,82.24425651
8.17122079,15.27969025,21.9642895,26.64007778,30.41827644,37.6072339,46.27681079,49.74238165,58.62222511,58.88607141
47.84747333,71.91761413,86.15487819,90.56066996,92.3660056,96.85279936,111.8901366,138.9515236,144.04902130000005,162.209955
38.19601443,57.90008374,80.64971227,129.8235531,192.4753255,230.0770667,264.1498562,289.4098036000001,311.4057368,316.4162694
73.43838435,150.6472788,158.03410060000004,161.5734003,176.93604330000005,198.2135556,209.4722998,214.4886997,217.7510883,228.6494677
43.64009272,150.42130509999996,183.513866,207.9496949,215.3908213,216.8677024,217.5464769,218.4619887,233.916684,305.8189413
4.496010181,12.73968334,16.33681116,23.2652585,30.53728418,35.74539305,37.9269291,39.65250613,41.97152092,48.52601433
45.77760578,65.90819491,79.53492798,97.39347361,112.3484813,125.4240452,132.0133237,144.8789007,148.7338696,149.40757050000005
28.04432369,42.06529394,53.33463612,57.39269321,57.49888253,58.43245304,59.51834391,61.24836265,61.37621705,62.04462615
9.778698116,20.44557872,22.34795733,38.46368435,72.2513578,76.45396833,77.37589067,79.97374029999997,82.06815614,83.60517017
16.96870693,24.60683408,43.25629025,72.79692964,94.17266817,109.8379208,116.3722559,140.0203657,177.16415880000002,205.2463291
5.161545141,7.999472656,10.03096094,10.62189634,11.36530234,12.53370064,16.28083181,19.5059761,20.08102217,20.27822731
6.622778222999999,13.89521835,19.10456594,24.37674303,39.19046093,48.13765049,52.06749917,53.34970442,55.20421815,61.63202321
3.243365314,9.008979095,11.92589861,30.72218118,36.24365834,41.96223936,52.84149968,65.18768547,67.61234159,86.11462014
73.23105459,129.8924663,186.321019,247.4335936,286.0758071,315.1482324,350.5821946000001,395.4630704,447.3497385,469.7922095
42.69141219,54.43381820000001,65.56213674,74.42941667,80.79754375,83.05606233,84.03749041,84.89979863,125.9402366,147.0324159
5.825577904,9.365871466,13.565003699999998,25.28394229,35.36717352,41.7976651,49.40996201,57.93132142,68.5460625,94.08444369
4.629716076,53.86778549,78.89880166,107.8941005,135.9707662,138.63085269999996,139.1707094,140.3247593,141.484104,142.7783455
130.0465977,228.9719812,295.8206446000001,343.2716292,392.989925,472.9256136,548.6331257999999,591.9321173,620.2700398,649.9096184
31.19181191,126.9770037,169.95067659999995,180.3348667,200.079021,230.3600603,274.4431152,286.7222950000001,303.2471589,320.5128423
124.2612333,168.951183,202.344473,218.7415783,234.8586333,256.93267030000004,263.8946539,276.7155642,301.8462592,331.2067722
52.35227739,66.85703743,72.43296962,74.19857828,80.80405322,184.6029176,301.5283958,424.1385873,525.7490893999999,545.6077551
3.584896791,12.23897388,28.33269523,35.02831074,40.27148594,54.09574769,75.0915496,91.26398608,117.4252461,137.6364645
21.12302077,36.96856319,43.82372115,55.69641749,73.25299541,94.87141442,145.1662232,188.9957059,200.7065931,203.7321146
306.0593167,534.3203133000002,751.2620532999998,998.4665933,1125.745782,1193.896502,1228.665981,1250.343865,1286.111824,1353.161071
40.57571115,62.89393689,96.64849815,108.1857822,111.1652683,117.4865874,124.9829619,134.364027,147.9943816,151.8188758
61.33716475,103.1618016,129.2707481,181.2468358,204.7454296,236.6130798,279.33112180000006,321.2332724,339.3886740000001,410.5160175
0.989581034,2.46368131,3.4231043110000003,9.643523011,20.21749894,20.71740189,26.91644965,39.5679843,47.78489886,49.08146608
40.77007797,86.23152676,142.04154069999996,223.4505333,314.1969430000001,378.5099461,396.5769547,399.8228021,404.0175449,412.2427498
10.40103214,15.73200095,17.854517899999994,19.64019595,20.84137646,21.7286237,22.74885494,23.47256146,25.22988117,26.52386621
30.76394286,37.69743726,42.69503224,48.71479536,62.44621483,66.75357686,80.06815207,88.62361041,95.15276161,105.4837558
29.34194551,62.26426625,65.32511072,71.07789141,73.66325245,76.3970835,86.61372696,95.55133369,111.3798506,113.5624338
6.612099402,17.25298883,23.91197836,30.26990552,34.05514332,35.94690452,38.72364497,42.65779386,48.21926058,60.57238326
69.35358926,103.5852688,114.6672705,131.7193571,137.46933169999997,140.38692930000002,140.9243142,141.2490708,141.4627056,141.6538882
7.1804190320000005,24.95565426,45.78126194,69.00499452,80.76011526,82.44192348,92.90626297,100.2271922,109.7519604,114.8303547
22.13030443,35.84748629,43.60797316,44.45316321,47.65426584,53.71902434,59.62228198,81.01967941,123.7527347,151.64039540000005
6.615051532000001,16.90695856,39.00062561,46.81467181,58.11928871,74.30073131,95.64668049,133.18356070000002,145.6009291,170.21171280000004
60.13935643,106.1782473,154.0418247,203.0044796,263.8934693,342.090975,393.9134067,421.7349447,467.0376609,492.61363330000006
43.20418577,134.3603899,201.09650990000003,223.3687585,240.54969,257.1034901,274.535553,285.7843046,334.1224496000001,349.7769937
58.04280445,74.79007399,87.05267914,98.80154348,114.2096123,133.4214579,141.795403,151.27909730000005,156.0678629,161.1588584
21.73955965,30.51663657,65.35310635,97.46762573,135.8283145,143.5901281,150.11618719999996,160.35477980000005,179.25221159999995,179.50165790000003
20.85598763,32.23351338,37.73198489,46.81895464,50.76498743,62.66768861,68.41542601,80.45596164,107.3703674,189.7426411
128.24473500000002,152.35020409999996,256.45154469999994,256.49426459999995,256.49561800000004,256.49561800000004,256.5113437,256.588863,256.9800409,257.01997650000004
30.78388251,58.71705758,65.40594083,93.27282916,125.6867693,133.97439350000002,149.07130130000004,164.4573523,166.6144423,168.5145736
26.83949376,33.175704499999995,34.76060121,35.88805908,37.66886799,44.8561539,142.632178,168.2287992,175.2238938,175.84947549999995
108.4571717,134.9790843,149.51873799999996,155.1602619,158.1379125,158.5334451,174.9562788,226.5844321,295.5929178,385.44570110000006
79.680008,141.33954540000005,221.44667740000003,265.6543722,337.931731,352.5197464,358.33889689999995,362.1586486,368.4937564,370.9049592
2.671370414,10.85013641,17.31131787,36.4346673,58.73496687,66.84005363,79.98818249,106.1112679,126.7788313,135.91490090000002
26.85286461,34.41475739,42.94272573,54.53537993,67.70965411,70.76558792,74.69176329999998,80.12518958,109.8353881,128.9326705
8.647789829,34.62192394,38.68036315,39.39658321,49.01320656,65.31855614,67.35556308,68.66423347,91.04170956,108.3675671
7.986482717,21.76734662,34.40537016,59.64233196,84.02408945,100.5154516,115.4229301,122.6109259,126.9847495,133.5605182
4.29920473,7.83024345,15.29464302,18.24333401,23.21949042,26.76522231,35.41660074,42.64730553,47.20155121,55.19811298
112.6735797,263.0520891,293.9969017,308.123383,322.02736560000005,323.7089248000001,327.8514246000001,336.1635136000001,354.1341128,380.4491571
0.7560282009999999,4.769456156,29.63293676,31.91066648,32.54096535,34.17384524,50.86915572,88.48288226,97.97814878,100.9031093
14.2657204,14.48326644,15.63429913,17.39342369,18.14650437,19.02646449,19.26664455,19.5939679,19.74843074,19.96119699
11.01680278,18.32576654,22.80890156,29.23238849,37.42826429,44.69294792,62.07080544,81.53697581,86.18020572,97.64196952
1.195975897,1.44198237,4.237547558,10.41308705,17.18615177,28.34382424,29.9653408,34.38794161,37.78506955,44.25865153
13.52048237,16.810848899999996,19.33489438,21.50879314,22.9890266,24.9869174,28.5647014,35.17909487,56.68139688,84.24687779
31.20589908,39.38587186,48.95180228,53.54252497,62.43522891,71.81237554,82.78902483,95.5291726,116.7673618,134.5218638
75.879196,152.235266,253.441276,318.35646,385.66115,430.42662,465.987754,616.443414,687.8629540000002,738.7918400000002
16.61273631,30.3847668,43.24329244,48.27364072,48.64828431,49.38535246,50.10862068,58.73266593,107.161565,116.6060756
2.47474208,14.35812653,47.80268207,50.31444226,50.55176237,50.6760547,50.77039443,50.88258938,51.21140085,53.35399351
31.65152875,82.14581813,128.26764340000005,171.01025180000005,191.93238280000003,245.2634041,279.5084022,312.1671272,340.3581039,367.1528859
64.11829653,114.15194440000002,161.4146368,223.1157127,285.64419689999994,359.5760779,452.4289732,580.2926967,647.4149603,666.0097947
1.937766053,3.2341686339999995,4.6934086310000005,5.081394028,5.879856514,6.943650829,7.920263886,11.41323584,17.07629295,28.99173272
6.088581742000001,40.27394216,82.91965058,114.31176409999998,154.6185439,205.0004371,235.0828758,265.4774638,295.3978664,343.2464947
59.63554069,108.096626,109.7692685,110.7292849,136.3729669,144.20015039999996,149.923226,162.1934887,178.76005869999997,183.3957124
100.6973448,292.2435291000001,350.97835310000005,404.9806711,424.95592,437.9349768999999,449.8544612,469.5560254,490.1210273,514.3216899
3.78220399,6.408403198999999,6.63236004,10.19705635,22.92271647,36.41538046,50.96170682,63.44411061,67.37572448,80.31247553
0.011300292,0.106277229,0.285720926,4.354985197,11.85931847,12.4160395,12.60164869,13.18567155,17.2160264,32.67175289
16.26412506,20.9161228,28.60355412,43.96066644,47.87254875,53.85440903,62.89839719,79.20299316,92.00624566,98.23011236
11.94899897,17.08278075,25.72554094,47.24114631,65.34263395,79.10683524,89.33488268,112.3792828,127.3023366,133.0148439
14.01977203,21.40358709,24.27544481,29.68792767,40.204657,45.69998629999999,56.29580153,73.81394127,87.72927357,107.2708995
43.9735545,114.3759392,157.0528189,167.59342719999995,191.7239483,238.3758661,257.8436942,274.7492881,283.6617481,301.4870625
14.61515329,19.41956426,22.64368493,24.90523437,39.96022309,85.17594566,102.127886,118.3090733,125.97670929999998,133.5979998
1.229473308,3.348162041,5.4037990910000016,5.773317795,7.293254916,8.649079493,11.45824414,27.86450716,31.89369163,38.39287018
24.01850425,66.82989425,151.41385549999995,275.2397236,354.2383513000001,446.18529,531.766738,642.0284647999998,803.5895684999998,913.1793571
69.69038775,147.9499499,283.8431233,394.7331115,419.1997331,464.4096851,472.671333,480.4122518,510.1185511,539.504124
7.86472019,17.0116604,27.45591225,39.60573527,54.89352365,63.85201036,67.62135009,69.61190826,71.18271703,75.43360522
16.60364071,24.28363233,35.97517571,46.30787174,56.21522474,76.17153503,83.80595779,88.76237833,108.5690966,109.7092346
51.14298623,63.48359769,81.55844658,94.70955269,104.3994887,120.1653889,131.651093,145.1311841,156.601121,162.9359721
0.3834856270000001,0.930738704,1.187061203,1.197039923,1.198903943,1.2012299,1.201396713,1.206841527,1.212077345,1.235139178
11.41292116,25.17265443,33.70434709,46.40529435,64.92990678,78.64053929,87.77888512,93.53841118,103.3132529,114.9348388
17.64194338,26.05608007,41.71636638,49.78488701,55.40551294,60.63792501,67.3210603,71.79191087,74.31836412,78.05667077
59.61501537,100.7878976,177.98914630000004,238.3134891,295.7395808,321.7386029,363.5080209,378.0291089,401.102572,541.7565383
79.17263875,92.1727577,92.53100329,92.93566188,93.59610454,95.22169009,96.75312628,97.01391677,97.38564688,100.56002159999998
0.212654004,0.288274085,0.510771326,0.8063666079999999,0.997773428,4.168747492,9.196157265,10.34308669,10.73984235,11.55656903
20.81587123,70.26044943,106.726103,112.6496043,113.6444085,113.7974167,113.9556007,116.1557196,118.6707038,125.4400413
41.194932,57.68476757,63.56820283,77.37632726,96.14054383,110.5952443,130.2563753,137.0577085,145.9131611,163.1925381
64.86445907,95.29729631,95.72573349,95.77369331,95.77960045,95.78027276,95.78037833,95.78037833,95.78083114,95.7808519
2.46336382,3.5921018030000003,5.807124395,7.158575293999999,7.513727739,10.74101305,12.43333653,12.73294106,12.83949347,12.86870289
2.46335558,4.315205067,9.409239466,9.706854283,10.88767404,11.18995981,11.63650982,11.97370254,16.32783878,22.1356994
42.04164057,111.04061570000002,185.5745083,212.8157787,222.4860033,227.1165046,233.2475191,237.359764,241.2540891,248.72464
1.291863049,3.406656265,9.084618729,27.161079600000004,31.01152641,33.685067100000005,36.28570112,43.49430599,48.02695311,51.80105007
35.72048993,62.44049285,114.6291972,147.7428954,158.0068548,165.34180859999995,175.56392409999995,181.167212,182.5885969,188.347576
40.16723094,55.34332179,58.00426059,60.03663436,60.42478884,65.99475467,109.7588753,164.3996975,178.9493051,195.132904
13.13013531,22.2564098,26.10314569,29.811021000000004,31.86560419,37.80132183,42.81437069,51.90232292,59.97070383,80.44437171
0.618961419,1.960693869,3.867191373,10.62535233,16.18049737,19.09071007,24.99220391,30.06765812,34.54705215,42.49260689
0.0,0.0,0.0,0.0,0.0,0.0,0.0,0.0,0.0,0.0
79.52009,102.015734,108.769091,144.861891,157.151938,160.97389750000005,161.6603806,161.6798717,161.94469619999995,162.2503269
29.11598328,39.51393152,46.79726014,57.97600789,76.62111767,83.36311061,87.30001978,92.6472476,106.5721486,118.1251543
8.459274614,30.73289381,36.99851042,37.85651246,38.85559429,40.25035906,42.28351638,46.18946165,51.40797536,58.89209211
27.82394696,38.28397677,59.03247847,66.07429509,87.31003428,109.951072,130.4130287,139.17170869999998,140.69278930000002,140.9049008
0.0,0.0,0.0,0.0,0.0,0.0,0.0,0.0,0.0,0.0
126.2963857,226.7717403,230.015146,236.4696394,250.6030093,258.8340853,271.8175483,273.2289933,275.0510817,275.2753587
24.38532675,54.9188725,71.34153212,92.89487875,144.0431897,198.6747212,264.0318791,403.3343304,520.2931209,582.0709555999998
56.43517531,133.9255605,190.3201216,191.8998646,212.7135276,241.0519185,259.8316046,284.2235832,299.6952685,344.2888778
29.0865395,54.73957883,78.7384275,91.1222275,108.143673,155.9401655,182.880689,190.2285957,192.2946928,211.0527728
146.6670514,308.3132061,329.54785939999994,347.2776007,352.2916152,354.4402675,361.7536542,369.9212803,370.9930472,381.916637
6.2739615870000005,18.0008484,36.54508545,46.93141957,53.57653572,57.07809028,60.53365229,70.08221528,78.30029602,79.89299717
13.61150819,26.78560348,55.74270798,77.31113959999998,104.2111187,151.76412319999997,182.8544689,209.5472624,225.08463140000003,234.82308680000003
14.81082328,16.96147382,17.029493600000002,17.04944633,17.06139468,17.06139468,17.11627492,17.16713236,17.18956196,17.26090612
19.49800396,40.54782522,44.94166786,45.1901918,45.3402504,46.00401743,48.39606287,54.15523760000001,69.78150341,85.09041574
20.87370398,47.35809178,60.217555,61.06463671,61.20676722,61.43028511,61.4626887,61.50546646,61.8222408,62.23316137
15.2042391,31.19506347,50.88336533,78.36894726,83.73254001,86.70842707,116.0808506,120.5886751,125.080015,136.1375046
13.87145233,23.3562758,37.48460401,57.44243857,75.30521679,94.09239738,99.47531826,111.7882795,143.3859381,164.61095759999995
24.28294454,31.95292144,41.06330477,105.6666772,126.5308775,128.8242886,129.8009878,131.7026308,137.5327656,137.9323562
49.50881851,87.68427644,112.3028205,120.83419,128.51619490000002,155.48440459999995,174.7011666,224.332905,237.2147002,245.9830107
36.86365013,56.82030578,68.52318934,82.68427106,97.39962126,126.3681297,173.0649106,209.8958753,224.6333241,236.43451890000003
1.915026357,1.995976724,2.010776111,2.295275364,2.648171271,7.404867232999999,14.91507276,27.52469798,29.45325592,33.75640262
5.486138342,5.832652286,10.10042398,26.03905404,38.61443948,39.49883502,40.85616373,44.8731139,51.10806675,56.80634803
80.22743295,96.93984123,110.4857702,117.54001809999998,126.2765795,134.0931298,162.3592094,196.7990025,202.1582457,206.5375058
53.60594383,58.25441445,60.19736315,65.02025953,72.87613073,92.3730144,107.4897719,108.9915196,109.7092886,111.3466634
13.19368854,29.82760512,36.93237165,42.68599467,56.99207747,68.30317582,72.50057933,76.77341254,84.71593511,125.225675
9.843559,30.019563,41.598316,50.338292,58.725262,61.2709544,63.013322,63.50432268,66.09651078,69.81736178
18.57931062,41.31228201,45.79061259,48.03792032,48.26548676,50.65640538,57.76129607,61.95622348,62.17452545,72.80263672
19.80382958,29.35962408,37.57746218,51.46627543,78.04881493,130.8351117,144.9939612,150.4536404,151.3658449,152.3290136
141.214436,156.8802902,201.2783267,211.2855435,228.0444799,240.7076627,248.1771675,254.2167717,255.9311353,259.5881557
54.85367986,72.19905243,85.84187357,102.8203118,112.6872726,116.867141,119.02203529999998,128.1709608,136.8717469,143.3202886
7.778781417,13.15032796,14.41355226,20.57045541,31.21179533,35.34098483,52.26484191,53.78456357,54.98529093,60.27711462
0.0,0.000104182,0.000942438,0.006786676,0.072401443,0.154677639,0.1774062039999999,0.180197609,0.180336129,0.180888187
4.731813475,8.733583373,12.89749109,16.38821276,28.31981438,35.82140734,39.66773737,43.14537135,49.32190444,60.49412275
52.12826671,75.86292807,109.1002687,153.9680121,241.6798242,316.0776804,402.4612103,548.670659,660.4087186,794.4446892000002
277.5721733,518.28853,728.7029567000002,1015.698287,1138.871635,1289.179788,1378.308192,1439.31196,1490.320308,1499.171616
19.23451151,37.21405276,61.6753662,82.59337717,92.58180574,112.1767006,129.00741259999998,149.14341240000005,170.27257749999995,191.9390122
70.26972583,145.1450158,195.5654175,206.0074318,228.6481738,244.567384,251.1312506,256.2509294,260.9669583,272.7933757
68.16852783,108.431459,154.09069230000003,196.8907783,223.4422087,241.6328711,286.1232189,340.511284,399.4753911,481.0907855
58.951464,101.0773563,115.9421137,120.7181062,121.7776501,124.9307732,140.5825656,157.82835419999995,180.02958230000004,192.9777407
47.15491401,89.49177525,128.99891399999998,151.5104135,165.1565416,191.8116413,198.7444726,208.1017448,216.2883026,220.5853594
173.4590815,241.4937752,258.1428997,288.3839492,304.0462054,321.0130419,331.1688828,338.8038179,367.4333014,386.1801068
2.593604598,4.157009542,10.2946259,11.4949015,14.91157734,18.61453266,27.70050736,34.93439974,44.03377114,45.1333615
55.63139399999999,81.790941,126.1401212,137.67520159999998,151.5742049,162.0349291,192.5207857,215.8876687,219.11236890000004,222.3255699
0.866232883,6.288697297000001,12.67617373,25.79679547,39.31352484,72.60222177,86.56798945,95.42545605,106.2785994,145.25271569999995
14.02676795,24.08646759,24.68215782,24.8168807,25.36794653,25.59652047,25.66605761,25.92642843,26.04250054,26.60362167
1.155582959,2.543493666,3.414741622,16.79940033,17.59114058,18.44495573,21.15952796,23.17247015,24.98422572,25.80111733
88.79589333,113.1504107,124.8064372,146.0312513,161.3102242,169.57696069999997,174.51896000000005,181.4168035,182.0684313,185.3168873
10.48676474,36.11342826,43.55858802,48.40310611,49.16155916,49.38777327,49.46228729,49.9300534,50.33004995,50.81752553
37.26188028,73.46225951,77.69633739,82.87065297,85.90348324,86.8880748,87.35281596,87.69499036,90.47190255,95.80917174
13.12729082,16.89105233,33.17564987,71.78898914,140.1064508,161.4176863,186.8317014,209.2652346,227.6575337,243.7490253
48.87604687,62.81978365,71.075588,73.05997999,102.82923259999998,162.1416832,204.4176072,214.9710095,215.889208,218.9043944
89.50094486,148.0022254,174.99600959999995,191.5948427,203.5432971,210.7402438,247.0197554,273.3275095,323.43771789999994,364.8702798
100.7107967,164.55513,182.918576,206.1154697,219.272264,227.6645437,228.7831298,229.1509784,229.2409478,229.8118028
65.38022099999999,117.3870252,147.77960339999996,154.5575463,159.7509337,170.0391753,173.2308774,183.586272,212.7009046,243.1422622
13.93485878,65.9301559,91.1854675,95.2712343,113.5122483,123.8344289,128.4881041,141.62928259999995,163.4861075,186.7306636
80.644264,141.4061323,171.12725859999995,195.8640664,219.8674547,250.8678794,284.2442629,316.0001996000001,386.3650361,441.6178801
17.32915698,67.41651275,124.2667648,160.83346509999996,185.3499657,193.7020164,212.5888584,223.24104480000003,238.2243202,252.4280342
12.46672409,22.65716325,29.92526355,56.67865499,59.86214870000001,60.01991501,60.28805923,60.98490883,63.581222,69.32850224
15.88628498,36.00773507,36.64444122,39.37216501,57.80468241,77.85308217,107.6739592,127.638049,132.5348606,135.87179369999998
75.28742667,86.48680361,92.07349201,95.34811955,268.8439862,387.3159512,422.3363148,436.0375281,450.0433235,462.0514251
6.860980331,26.87259397,55.65365545,77.03303228,131.64104890000002,182.357211,213.1673891,240.6435143,268.4230818,290.1235483
50.31295991,73.2237078,90.88489422,106.5175592,113.4359299,125.0499709,138.0966877,151.3904544,163.98534519999995,186.9904461
31.59765866,52.82267813,58.68714711,71.50549437,83.45391972,92.39922167,99.94595403,107.9786255,113.6860926,118.0078599
18.47963975,36.82610395,46.6784108,55.67307884,69.12828531,102.0067633,109.9477278,110.5339892,113.2209254,119.0744014
46.10445762,63.44218932,64.70948484,66.32689631,69.00235588,72.26731136,75.04588173,94.54566513,95.14090035,96.60283928
144.15909,236.27372000000005,295.2163470000001,333.226667,353.06686,361.329597,365.1980894,369.9399084,372.0003287,377.1566067
21.18161537,51.16590779,90.17533847,107.4464961,114.3170476,126.3690982,145.9778541,160.0886134,181.2489651,189.6284722
30.42293897,70.72375572,85.60160366,90.06998666,103.4636943,109.1644621,124.14782340000002,136.33293799999998,144.7461906,161.9718896
23.14022553,56.81895720000001,84.03736487,102.1189107,102.4120028,103.6169375,107.35069140000002,117.5614169,123.4250597,124.7772004
6.344872059,7.208020252000001,7.533792611,8.606749601,11.21576993,11.64522266,11.88103175,11.88212453,12.30474522,12.59158693
65.6249789,90.00843362,134.4891763,153.2684804,169.0911093,181.28749,197.2223832,210.8938331,227.8912858,247.5291957
1.974838325,14.33931812,17.13945932,17.96473311,19.82310447,31.00678304,38.57213170000001,48.29066238,51.74885778,52.49341549
25.98198234,38.72283292,61.64274124,73.30485359,78.07962909999998,87.08721931,93.76414922,102.6876407,119.026002,142.4570084
27.19359552,46.51957943,66.6164769,71.26814350000002,72.7741853,75.23280873,97.20441535,120.971531,132.9558107,139.8288017
51.63060613,77.64284079999999,146.8009306,162.4253731,170.02289919999996,180.4744907,193.4409726,205.0200248,217.7364888,238.3808068
36.96082303,67.27187478,80.80427329,94.52061966,101.8016513,109.0361728,114.4515225,125.2654447,139.12638869999998,153.10739880000003
12.54225011,14.0520448,14.86188761,18.89300475,19.5672538,19.60387339,19.63177309,19.67972393,19.72318344,21.09817028
0.474511474,1.797614228,9.011804592,23.81194609,24.41729447,29.70600546,52.24990681,88.77660663,135.38220969999998,185.4709895
32.94118238,60.03048063,83.15942788,96.78436631,121.1806472,144.1234251,158.1397361,164.7715733,166.75821580000004,178.1771451
8.085032133,9.108550113,10.55962095,11.00734035,11.37757082,18.62441024,19.83756153,21.12432603,23.81654421,28.5126839
1.764743309,2.4783456040000003,2.920861339,3.074358655,3.181305412,3.683174241,7.3091153260000015,8.845011378999999,9.592702821,9.930949813
0.0,0.0,0.0,0.0,0.0,0.0,0.0,0.0,0.0,0.0
21.60447899,38.43357234,56.57843627,76.35324059,81.55868609999997,89.10341266,110.147521,114.1522953,119.4052809,138.1397143
56.18783433,101.3820967,125.7413857,137.1291427,153.7679313,190.762894,199.0159531,217.83191180000003,240.9564858,271.6147881
56.20617925,86.96413688,97.84742135,101.1991635,104.6964397,110.9112234,119.8064068,136.56900090000002,179.55444330000003,239.4564901
53.09898767,85.713004,122.0598763,176.479297,207.392468,220.7575345,238.3343058,249.6842075,264.2623945,272.3517032
0.6405083970000001,6.829350292000001,11.21095385,12.32434477,12.59084212,14.59152289,15.48917558,19.47191027,20.58321851,20.86633082
56.83170625,139.93170700000002,220.2009315,325.5901916,450.8074254,560.4264979,658.3993609,788.2758709,889.7849100999998,917.4990199
2.882847993,5.992990032000001,10.81240912,16.25858121,24.4199813,34.75840233,47.17912925,59.59883393,83.26054323,95.18878636
7.415070891,18.54830135,63.86572408,94.97893338,102.1885019,104.2329579,109.1898563,111.4408715,112.6981035,115.2889244
0.5874917820000001,6.652846035,22.33591545,37.2248366,58.13265691,58.36017997,58.59380419,58.96782027,61.80354281,69.74869029999999
19.48839398,64.82906836,77.91072448,114.6153776,134.6107141,164.615694,186.403463,209.3946241,211.7193441,216.9628584
11.85279797,33.34762158,79.13878890000002,109.9365928,129.311816,140.08518700000002,148.0326363,172.88689430000005,198.4651563,216.5816597
66.07073013,77.68806545,79.505033,81.79046717,84.90574143,86.80757541,87.45758335,88.77271337,90.05733721,92.30734884
70.8384374,149.36435780000005,188.9880274,232.2907069,252.8255204,257.7460277,263.19165330000004,268.3431315,271.56159269999995,277.4061226
56.21010141,156.49068730000005,195.7404704,233.0399103,244.8805075,256.90612930000003,262.82588250000003,292.4042524,304.39128789999995,306.8180136000001
26.28235051,57.87730921,81.12657297,95.19582926,117.003235,120.6124268,125.80111,131.76798290000002,142.40845919999995,157.46541430000005
5.031416727,18.40805943,25.65849366,29.84718769,32.23100515,36.76755737,43.67420804,49.66631688,53.04772406,64.73556265
10.34411564,26.80051079,35.41276414,38.35105657,39.0136175,40.39062501,40.45915577,41.07091417,41.85547819,42.76076931
21.50038824,34.48058845,48.56065014,58.01965752,78.17730727,90.40898125,102.3118469,133.832252,161.9196383,177.6000354
0.660974096,2.315472141,4.871752443,8.747478362,11.35475585,13.02508734,14.2459857,15.16969107,16.63388562,18.74284038
20.39085835,41.43671541,47.46697817,67.38853488,80.90864996,82.93949812,83.41843663,83.61808244,85.69098802,88.88020575
0.018219957,2.642036288,3.304460632,3.442010789,4.3597121560000005,7.205709505,10.22804542,10.31660407,10.73982824,13.86371998
29.73451306,68.30783757,96.43873795,103.0525847,112.4866928,125.3119516,131.9836089,135.0697093,136.0518908,138.6351773
69.51488529,116.5263155,147.4657007,170.1091387,196.2869656,226.9197507,268.1694827,319.19224469999995,368.7707957,387.2021961
0.884395543,2.241724251,6.258674423,12.49362727,18.19190855,18.22809745,18.59606663,18.94486194,19.16412872,21.01052232
28.89286105,84.99582082,137.65143769999997,180.9736955,211.6159907,238.050989,265.7597446,292.0477587,305.5171825000001,338.8384286000001
9.636362274,16.42584799,19.76189881,25.19404749,28.50555338,30.51136014,33.08195897,33.77905452,33.92219806,34.1043544
86.885013,165.6436,239.21675130000003,320.2966013,377.51472,408.743439,453.2597653,528.403357,606.4323303,643.5079053
18.18349684,34.625722700000004,35.01934099,36.66558641,44.75061855,45.77413653,47.22520736,47.67292677,48.04315723,55.28999665
129.87651,231.38554930000004,259.099659,285.9391515000001,322.2021640000001,398.1962628,552.1092185,611.7242339,652.8971161000002,730.0983647999999
3.866094812,5.752352212000001,8.404719092,9.374251094,9.5822855,9.604380765,9.73914316,10.61650717,10.98527135,12.35625295
6.5911304,22.67692254,42.54973097,57.83500419,84.51431104,107.9046753,119.5754546,136.96891409999998,145.8713303,152.842552
31.87421112,82.47759673,95.58145618,121.4724126,139.9789577,175.3310485,186.7978524,191.0513085,203.0179334,217.6211952
45.46419054,71.65230887,89.62880954,113.7872481,128.00454299999998,133.2572932,135.32506999999998,136.8092831,137.8194071,147.6931498
19.84087914,38.04103424,41.74108339,43.80399239,44.47864831,47.00836877,48.32279842,50.50467198,52.24791371,56.20389485
2.25658253,8.465119892999999,18.11142584,26.47585942,33.293769399999995,42.99023574,55.47298577,64.4738743,72.37817775,79.20927799
5.960988184,10.41293489,12.25993349,12.28633781,12.32779994,12.47243822,13.06362545,18.96300858,25.05864432,26.39629589
29.36570394,68.26775266,86.33244439,95.70465203,102.8604902,110.1336772,111.009676,111.09926570000002,118.254285,138.1419858
7.062347779,20.6588673,30.412771600000006,31.73375398,32.01346599,32.77852441,35.10739111,35.69332018,38.77091923,39.70493753
39.57689664,70.73324637,91.31383912,117.00052990000002,123.5614414,133.9384886,157.94206830000005,166.88502230000003,174.8941899,186.1061738
9.271174485,21.80751960000001,27.04299371,30.53259911,42.11213855,50.8908699,55.38060113,62.68908212,66.45748498,69.25780484
20.52792665,50.85741101,80.18923674,132.9086837,142.66464340000005,151.1591877,154.2605899,163.90835780000003,174.3578307,188.4582523
49.40186717,112.4611528,159.7528985,178.012343,189.2050788,205.4797475,213.1378122,238.9483881,251.6809464,260.57762599999995
12.89160526,22.53523257,27.41576852,38.75657953,48.36515047,58.71854561,73.64373940000002,81.48595908,89.64604421,127.6054022
2.935563337,6.521472512000001,10.85517219,14.83173987,16.688260699999994,18.23869522,21.69600972,27.70525744,32.28662566,40.17037499
8.330891169,16.00121908,22.94448132,24.87184738,27.36538851,32.92112711,41.27866389,48.11918536,60.95677777,68.96279269
13.19215961,28.23064371,30.02058796,30.78364481,30.97431359,31.14918031,31.45010726,36.55032375,42.45634406,48.59498463
22.01693968,31.02365007,42.45289945,61.57501832,71.65896841,92.29834523,118.9117728,143.39336640000005,146.48072,146.8869513
121.8045347,238.2250167,290.2053533,333.7818267,366.2665253,413.009671,486.9163177,591.3232730000002,692.9713113,818.4721147000001
76.12086375,119.34670690000002,143.6495069,168.4807519,187.0680445,203.495434,220.1996352,245.6003529,333.2897536000001,419.4121924
2.410621577,9.634226547,20.33137582,36.35407361,59.25197931,80.62997092,118.6025674,129.8508665,135.859496,147.42703740000005
113.7633805,156.14680080000005,167.9239035,176.15051430000003,207.6617447,226.9617384,229.3806159,232.0447992,233.81661180000003,233.9787151
89.41988866,152.53360519999995,232.8777734,287.2903990000001,337.8890022,400.9696467,486.3747334,551.0549784,617.8515394,684.5076082
4.863001749,9.720664061,10.08070786,12.06776808,13.8804079,39.08433238,60.18094932,64.57329293,64.73091687,68.08255421
185.0324076,309.5544846,375.4847108,450.6516759,503.9482791,541.9640539,547.0994373999998,555.4546068,582.4655199,618.8961361
12.52502439,16.01405592,20.58065513,22.29613442,23.95110835,32.48733675,35.95826609,40.31500225,40.58834636,40.85062312
26.23089445,67.95205913,113.2551985,146.5589737,175.3133883,254.4584191,320.7098443,377.9439469,468.3219551,505.2217679
74.9847235,160.3931621,240.7382813,299.9239895,328.5681495,355.0905954,395.9537096,432.4258509,444.6101543,456.7335475
64.9986401,140.778692,196.7785505,241.3938381,292.0026334,306.8203786,314.8161007,318.23242,319.9120660000001,320.25295760000006
32.42463136,61.51584159,76.41086825,89.37905505,104.6860711,121.6911221,144.2767744,192.6941471,223.3081488,235.3863114
3.875522787,13.3290549,27.94538357,30.51796833,32.43859753,38.36970735,52.07505379,66.92442167,77.87849753,83.81958783
51.17140143,112.0509805,130.3923713,131.43492120000002,132.6215455,135.82311140000002,158.48249330000004,209.54271530000003,253.7534997,259.7254069
29.32426248,72.68878297,123.3664367,164.24551169999995,195.4167217,255.34603680000004,316.0900901,360.6265947,385.0281348,408.8138583
29.98025975,55.65705938,113.9802023,142.8841201,166.2177371,177.0627114,178.1709882,194.3205806,211.1975242,235.208236
92.90876879,166.72007549999995,231.0487349,267.7461844,310.2717812,322.5266707,349.9407425,419.8545229,521.7685573,616.0247688
75.59602491,193.9353611,288.6972904,330.3127976,342.8880825,365.2452497,400.27293060000005,436.0138349,441.1789448,446.1339925
2.354325769,3.580258057,4.240497615,4.285382198,4.371658184,4.797866852,4.933759992,5.000319719,5.141192118,5.369007978
50.4029485,63.02319708,72.35915263,77.5718492,95.42696353,105.9215315,134.95283500000002,273.7095434,333.2213627,378.090483
77.32827764,148.1358004,177.29857130000005,183.9109222,185.9125094,187.0019902,188.2521676,188.7622767,189.8620646,218.9806066
7.025047966,14.23184545,24.68606678,38.10294666,56.80167387,65.73431418,69.39960532,73.60161457,77.70297707,82.56808788
13.96933536,25.8479925,32.06288674,53.59006971,68.52067624,76.22728255,82.52386266,89.04985666,111.5857908,118.6677256
35.72673667,84.692655,156.5724543,260.2723023,350.3287323,406.1192023,529.8381737,609.3596769999998,701.2708617000002,816.239485
121.6304206,204.1223719,294.361931,361.8246918,403.4339169,445.1036188,492.7334245,537.8730653,557.747767,561.0541977000001
26.03089617,36.01286599999999,57.01789617,88.77044317,104.9648652,106.96927240000002,112.1833219,114.6729668,120.4101765,130.5678254
41.52305341,85.22092114,118.2070362,144.4413942,189.1984602,226.537489,245.5456965,254.0047157,262.26862180000006,277.0171677
28.7944521,75.261323,100.3874687,155.0095348,170.5558567,170.8010501,171.2683025,171.5403946,175.2569316,217.338758
55.72992257,104.3661946,127.5917869,143.0022849,159.0893783,167.7554699,168.4083789,171.77817290000004,176.67370280000003,178.06360880000005
69.90934767,92.85132733,132.38923970000002,174.570877,233.3215707,308.7058573000001,382.4947503,442.496362,489.4592467,539.334959
100.2267655,171.6664596,218.947103,242.7580613,290.0697461000001,317.6584222,334.9798342,360.3713305,384.6502418,404.0013675
109.7291685,201.839999,251.3716128,294.5999763000001,368.4239711,508.2008246,559.9895196,625.3110292,714.0611885,745.3571887
64.85042297,94.42545241,115.3552204,136.341554,167.1057941,177.01715259999995,186.1247155,194.4596577,203.931105,228.189731
46.86601317,55.46570172,58.81572276,68.78774891,112.180188,147.4273813,169.9934164,196.0693457,216.6935574,223.3355067
6.430491579,14.04278849,22.5641479,33.17888898,58.71727017,69.98486274,89.3487029,106.5636127,115.4027034,120.8054329
43.49861833,105.124244,110.5457793,115.3082984,116.4735518,116.4735518,116.5198285,116.80593799999998,122.6039088,124.3821825
1.813620289,3.04152178,3.77606409,4.168180709,4.196299216,4.207860588,4.233936569,4.241364867,4.315760808,4.467591704
72.46056358,101.6255986,103.3235977,106.5415815,107.0714345,112.6092182,148.7981576,174.0952268,200.6473583,236.9147389
64.36642625,115.0506813,258.5819088,347.5650836000001,402.5176401,424.5054925,439.02807530000007,453.7990455,471.2206598,545.3994692000001
26.86405797,39.8190796,40.7599869,41.39040071,41.68732998,42.98881971,46.14251534,48.57955165,49.9436974,52.01130184
4.584199135,5.579258169,6.6670972210000015,6.733822197,7.39936314,7.882144267999999,12.04294205,18.44744164,27.11117272,36.3348026
34.83942084,40.064608,51.30395889,83.43763616,97.59724929,111.0226438,133.75261310000002,150.7944379,157.2334111,164.6320158
127.1144331,208.4076745,256.5862225,288.1485026000001,321.877896,396.336706,416.6895309,424.9015606,431.1271275,434.1634367
36.93565467,48.75898167,58.14969304,60.12829207,64.74471073,84.88949796,96.64887993,101.4105146,114.2907757,136.87919169999998
14.09909437,20.73044502,30.11530806,40.3775061,52.23465422,65.49550566,72.41656798,80.19093452,82.99030096,89.5324034
0.001880872,0.7244996690000001,5.159593172,5.209155532,6.513556562000001,6.522417485,6.664118075,6.664118075,6.666882921,6.688196242
97.48316848,143.7469498,182.8235661,319.6574662,430.9745575,557.167504,656.4979248,792.1614487,860.9706917999998,893.4487693
60.92460067,100.5271144,123.2049967,132.8865305,143.9754864,146.72840390000005,148.9568875,151.4189459,155.581965,171.77880090000005
1.106351798,16.8215005,22.87843412,25.5570667,31.01310005,33.09927331,47.13385478,50.08586239,50.31000178,50.62561815
45.7094674,79.4479176,91.25538963,96.77853546,111.7113497,123.6132342,136.38119519999998,163.8836119,184.0238656,201.6138158
49.28403454,97.09025373,125.7586191,152.4840865,197.3819136,251.7078542,332.0277683,394.6184662,473.1975037,530.997841
64.9135065,135.4134363,174.4646379,229.9971315,277.25769560000003,309.819819,432.1978665,502.9801632000001,535.8295047,547.9586386
4.908042726000001,21.1973425,38.32532806,43.47157981,49.28522816,54.8382993,64.66325567,86.14031457,117.079205,129.66380759999998
17.302917899999994,43.06973185,66.99877656,87.85279245,107.1378217,120.5078747,129.6498278,136.81482680000002,153.84008899999995,169.6234251
7.0243635860000015,14.88074638,20.91931307,29.77513119,40.3948403,48.54476112,57.71517658,60.36662702,62.58343696,63.57027769
13.96566556,17.50407586,24.05844809,34.80095517,39.43067124,88.66874066,113.6997568,142.69505569999995,170.77172130000002,173.43180790000005
12.57900167,60.59763915,96.44917883,131.04661629999998,147.59400559999995,165.4427427,181.00345,195.6994931,206.21870880000003,234.7845127
0.0,0.0,0.0,0.0,0.0,0.0,0.0,0.0,0.0,0.0
2.705818786,4.661186943,5.460379972999999,6.34360815,6.683227346000002,6.793060776,11.07513813,16.42818829,21.17029942,21.44435441
1.521128328,5.109162004,15.99651788,25.79611303,30.99672778,31.01114484,31.14226631,31.26085704,31.50914855,32.04458974
127.4194144,190.1901606,293.1035044,378.79617189999993,475.3505544,694.3120018999998,817.1922476,893.2028674000002,955.9207899,970.9852307
13.37005297,22.51200601,29.67700505,46.70226723,62.48560337,73.21579408,107.8824793,127.2266518,146.6619905,163.03905519999995
100.9521535,131.1146316,143.2716916,181.4269553,193.4043496,207.3164431,228.0151476,240.5290169,246.6169131,247.3073301
5.982163858,10.52865956,22.79138072,27.84404144,43.24750939,48.78024867,66.71097431,99.49032481,106.4700872,107.3767685
60.32977225,98.75957837,149.6002936,249.1046645,327.8033133,351.1311790000001,366.5838685,372.5026617,381.0706046,389.5544007
81.56343231,128.2214798,196.1563989,323.1497733,493.0229795,695.6554183999998,794.139748,854.2357082999997,972.6002208999996,1029.7088
68.132497,118.9338037,146.39641830000005,215.9475083,241.980978,251.9727687,310.1818493,432.5610577,552.6953743,596.3450527000001
11.8648303,20.68926448,23.5866667,24.7309298,25.52443293,25.88127606,27.2052787,28.05462511,29.29134289,29.93313068
10.6280825,36.7448269,38.28747364,38.29528729,38.30610454,38.30610454,38.30610454,38.30610454,38.30610454,38.30610454
32.48126225,68.44419418,79.26282032,84.03709491,96.32773174,105.123845,111.6671351,119.9780848,120.4265798,125.8662345
3.716537012,45.79836333,54.57233128,63.66278815,64.00466644,68.97588884,74.32474757,85.98817264,99.56213771,108.5112762
57.24786971,114.5887378,163.82456330000005,186.1693995,228.28068030000003,257.5960587,325.9681475,370.951281,384.2000055,420.4444610000001
10.25452376,20.17761678,28.8459137,32.18931672,35.12549388,37.15931183,39.58057193,41.75501568,46.38966984,49.10996321
2.569140459,9.122976088,13.51017355,17.88597955,18.70132783,21.84716277,22.87527852,23.47401446,23.48501348,25.02466948
64.58582516,93.10517301,105.4751414,123.0153652,140.4560936,182.5340555,254.7156556,284.6479377,292.8163259,301.8674536000001
68.04115336,82.16203694,93.04744777,101.6003577,124.1883919,157.57172849999995,193.5589003,207.6579946,214.2893453,223.6742083
2.477621639,3.1330566460000004,3.424087097,5.235655079,9.116215637,15.09179905,59.88025125,78.09032797,117.7530087,158.7319663
61.7172637,66.23319690000001,66.76727418,67.44172868,70.31281487,72.98578163,75.34534187,77.09528337,79.16262528,83.58466551
34.04757543,50.86656686,76.28186757,115.8070939,178.49150569999995,231.9217964,301.48905539999987,372.3176396,504.929316,617.5019577
40.29344706,46.40684682,53.94082573,58.68116591,68.13087605,88.50363244,121.9067737,156.7829951,180.1502303,191.8993235
45.21572257,62.16766294,78.34885023,86.01648626,93.63777674,97.02280088,97.13816477,97.27909539,101.0596482,118.2002992
57.25908328,110.1615297,159.74386090000004,213.8686592,258.4120606,292.08929,331.1265622,364.5754476,380.800829,389.2525558
5.512697595,10.85005057,11.70737366,12.64426609,14.35053353,14.90549734,15.4732998,18.46586755,20.4685858,23.55682395
21.87871314,50.40584269,54.90816954,66.94719213,69.70253612,71.73278134,72.72390034,73.70124048,76.78489248,83.88938866
0.000301934,0.000301934,0.000301934,0.000301934,0.000589637,0.000589637,0.003830055,0.004221108,0.004221108,0.004221108
66.21364947,107.0528992,125.9842655,193.5501877,312.2793164,405.251456,456.0560156,472.1300938999999,487.6893347,513.4526411999999
56.29671617,104.9765582,137.71857830000002,194.0915117,210.405633,212.8221924,221.37373990000003,237.7946429,240.9197419,246.3643665
27.26895661,53.24589487,100.466483,129.4288519,137.5893066,156.134499,182.6191846,195.6092023,236.0546469,271.52689280000004
63.45132863,102.5205755,150.5280182,206.052304,248.51437290000004,267.1556203,280.9447698,297.3234296,307.77416939999995,323.1484842
89.24216583,211.0646134,248.3264088,317.367529,385.4278399,449.8568033,488.2959143,520.8541361,557.7471406000002,615.9647698
91.03892763,149.7073007,213.4863925,233.6879934,261.0162614,271.2276619,278.247834,285.9168931000001,303.8049356,324.5147455
14.96689003,31.3211109,32.42642474,34.72540019,39.17300942,39.31883872,40.74750661,41.25655825,41.40331296,41.68474970000001
107.8112676,172.2538932,230.2966977,247.0439672,259.3065724,271.05543670000003,286.4635055,305.67535110000006,314.0492963,323.5329905
41.91391903,96.64539434,150.4707078,190.3885365,258.0603103,358.6975749,533.3160333999998,612.4985286,662.3043862000002,703.6501307
88.98101171,134.4382674,151.3000753,160.837179,210.2558227,230.2806722,237.6871621,256.7910705,262.768019,268.24539300000004
71.56313,100.0306063,125.9444668,138.10652180000002,144.01426,146.81210980000003,153.6939518,176.167093,188.0910072,196.0717492
43.6796542,71.16661238,72.92101924,82.32855671,98.80393,113.53487309999998,126.0208041,143.2170905,148.8273836,156.0161329
52.75949091,66.94544374,72.5476112,80.53583758,87.95811337,105.8465566,127.6100521,139.4008473,157.2851044,177.7575059
19.59680662,21.91099123,22.49906328,23.61399841,24.3454461,25.56304174,25.88923224,28.23252892,31.62700734,39.07864536
19.34288377,72.49814877,129.6636021,146.4807937,175.19485980000005,216.8515596,251.7611768,274.7330523,298.0083465,311.8124983
40.77919568,66.41495256,106.5188132,144.14766269999996,174.6411619,207.1738794,222.8994331,235.4387751,241.4711157,253.1161739
23.93824357,73.56914512,121.952196,154.82512130000003,177.9446968,206.6209348,221.4370702,225.3004254,227.4844485,230.527451
32.54251811,51.49272013,62.25827408,67.36055892,85.47853165,94.57157126,100.8727345,124.3496976,140.97572240000005,147.19170119999995
51.98316367,122.0218313,173.10654209999996,220.1897875,267.5068918,286.0696458999999,296.1188856,297.7093508,301.6659473,312.29894
95.38497988,131.2863756,167.1627035,311.087038,383.0787738,410.2158838,449.8729557,490.922611,570.3614895,613.8740932999998
66.422555,122.7611413,174.5025967,223.2326293,304.3677457,423.655889,618.6155323,722.4383323,797.0912377000002,863.034849
14.31583411,21.0001433,30.46517557,39.02464423,45.81358291,48.78743963,49.34967156,49.48595204,50.21044595,52.1854981
72.06549939,150.9667524,169.05714650000004,178.0048483,184.3429637,187.541937,189.86319630000003,193.3542048,201.5528421,202.5584365
8.966979457,27.38130581,48.64273391,72.14707039,106.807681,140.5765131,166.3679534,184.5925097,197.2749678,211.4748295
25.38578187,84.14857146,88.36009672,93.85446599,104.096514,123.905625,141.820942,191.1281337,214.021373,222.3564631
13.83215991,25.15446325,31.64694944,44.20813715,49.59096227,54.03376543,56.54566881,57.24740497,57.3697208,57.41897144
31.88951978,55.67911628,64.33503606,72.07330287,90.38025689,111.2686814,138.648504,159.9127676,177.3661193,184.9901133
70.3648365,125.6176805,156.1781333,207.112811,259.6464438,288.325627,321.7010205,349.365365,358.1133661,365.5483641
39.26515825,60.943824,85.08532613,105.2945222,192.6532235,208.9693216,252.5528473,294.8300456,301.5042422,316.3250398
26.19390315,38.53241903,50.49082517,65.77813229,70.00455721,79.19898201,96.80400193,99.76736319,104.3485636,116.94818229999998
23.27190266,51.94336302,108.4851143,142.5064245,168.7929028,189.2576291,191.8606777,196.1337153,221.9386369,327.5279093000001
25.59214005,41.77097426,58.98644010000001,67.97025349,88.99269192,126.2470625,159.20604980000005,196.7664641,224.7009711,229.095005
8.207993036,16.08290734,18.82811536,28.65148342,49.19909019,97.04656352,121.1167043,135.3539684,139.7597601,141.56509580000005
9.043610293,12.58620548,15.9083207,16.21828271,18.74275026,28.46962222,34.30996676,41.77534557,47.04452854,77.15358979
20.07376821,51.10223009,69.19948385,107.1744324,121.1012584,126.0123551,130.5034395,140.0877233,163.4492288,195.0473455
135.43753669999998,252.1249247,331.5796997,365.744162,418.3687847,462.767819,490.3466237,551.910405,614.4313447000002,692.0335447000001
4.694406309,21.30390413,46.41362065,57.37174168,80.94847762,99.61232859,116.23493700000002,118.4554848,118.9404836,154.7661911
22.31224743,31.92583471,55.81268329,78.22765929,116.4680797,130.1921809,139.345651,145.51153180000003,151.40817090000004,163.0867552
21.81698004,32.50437837,39.14595295,39.46762218,39.72896953,40.7808153,41.164156,44.24072283,49.33518262,52.39440037
11.37991769,27.63259732,34.92379684,42.0050912,45.29864212,57.09906872,69.25359994,77.54858219,79.62907219,81.85820969
0.0,0.0,0.0,0.0,0.0,0.111211959,0.269394079,0.317683809,0.353773835,0.356540896
32.4847997,48.11694509,67.69956967,79.13636287,82.11702432,90.54046938,98.80825315,106.476076,121.896233,137.8732427
87.18247225,170.23485630000005,223.7217427,244.7422239,261.9798025,287.6928278,328.4839859,410.0236617,482.9208493,551.7861482000002
50.84915728,85.91904987,122.0916238,130.253065,140.35879640000002,155.0305131,221.9504746,223.0196225,223.5951923,223.816651
72.24856879,165.32113940000005,255.1683579,405.7734734,546.3751407000002,650.3110662,734.4541059999998,803.0851532,830.1410552,871.4815449999999
29.90255879,75.01718595,101.3463153,112.8151478,117.8237116,121.0296332,122.8201396,124.9007908,127.97338729999998,133.7412372
45.201931,62.53047042,69.88218234,85.52664351,127.2321737,145.30968149999995,163.0282129,167.19198559999995,173.35350490000005,204.23252230000003
0.0,0.0,0.0,0.0,0.0,0.0,0.0,0.0,0.0,0.0
26.36711392,65.58881366,112.5174907,130.68805890000002,161.2975722,191.5105748,204.6938876,209.2411782,216.2035963,241.2440547
52.31589829,112.2756441,208.480861,341.95677810000007,417.0792931,461.4713533,583.5251184,624.3996646,676.792825,755.2122286
7.70660631,14.00318643,20.52918043,43.06511456,50.14704935,72.62136425,126.5706281,146.060777,186.9076809,208.3501339
1.07295699,3.68197732,4.111430052,4.347239138,4.348331923,4.770952611,5.057794319,5.227510416,5.231218722,5.231218722
33.01514623,52.36726342,59.10730667,64.29513605,74.28580629,113.4095893,144.3778472,161.8649469,180.5808745,187.5352772
12.42749988,24.29297554,28.87004667,30.33955151,37.72114632,89.78911782,102.4344681,106.6151513,113.6500012,120.39572920000002
178.89048,362.5291867,540.8514332999998,724.4514867,886.91217,1049.804897,1211.814633,1350.569175,1468.63399,1560.0109
20.58453096,34.25913845,38.16109271,46.75488383,56.70851395,65.13316892,65.29715261,65.78089947,67.43464939,68.93562811
19.49688367,34.61364117,36.1153889,36.83315786,38.47053264,62.15442581,81.69431464,104.7164508,128.1150236,215.8076443
55.09507993,97.05652659,140.0358601,177.1923179,199.3084768,219.413203,239.5412027,299.1300161000001,368.3831593000001,393.1407071
7.834012006,11.13643759,16.76486274,36.14568741,44.68717339,51.09067997,62.43068856,66.53872306,66.77789964,67.19230987
70.94222524,117.3107466,127.39286640000002,141.08603080000003,190.3267824,268.6578295,332.4235752,388.7299729,401.0124528,412.3700055
30.52991299,99.14821101,133.2897896,141.8154602,191.892349,221.868255,234.683605,238.09803080000003,244.9126759,248.9480466
30.4174386,33.72771589,37.74884717,39.27144739,42.60055274,45.80800425,90.01084396,169.2659994,176.58507240000003,193.3616617
54.04417434,105.991646,161.3062556,274.75852810000004,357.4547077000001,415.9817164,441.0476959,478.3253928,501.80844800000006,532.6514751
14.52868362,21.66837117,31.60455055,33.01342453,39.87991718,43.67767366,51.02068626,61.80967513,73.0609976,92.5072988
25.24486605,33.922766700000004,41.84159965,47.19351984,52.7611928,64.24867494,82.71813125,100.8113392,118.8153379,128.6602836
0.000325106,0.01066638,0.019383685,0.036706852,0.060291868,0.070914676,0.0749531059999999,0.075800967,0.076123454,0.076440575
13.52113051,18.17587839,48.12904568,53.13229199,62.25633347,71.90685265,83.56205759,83.86799703,83.9342762,83.94017154
20.52225614,84.32058957,129.8697949,167.6627783,190.7483136,193.9302581,200.8835941,227.71814730000003,262.2463279,274.1957157
2.292500812,2.499967543,3.112516174,3.55704105,4.546622084,6.02072236,6.980145362000001,13.20056406,23.77453999,24.27444294
5.803345346,19.68344607,21.34505901,24.01844636,27.68707994,34.96154401,44.25597896,52.21969927,77.73575973,98.34250529
45.75705178,78.54363977,86.7216048,93.11252367,117.9485715,125.1933676,133.0756945,151.15162709999996,153.9400107,157.8460871
83.95578723,191.9667538,232.7865389,273.85569,292.3541282,307.3746351000001,321.305658,347.8348028,372.4016549,389.7617361
14.35413405,21.24476172,31.59514811,35.34172805,39.83603528,45.95398434,62.86775259,78.91176999999998,92.88948397,105.5138577
23.09293945,60.63376892,78.94337163,105.3199549,133.9864226,152.5270512,187.7821466,217.2583687,265.8769085,349.0059294
21.15723133,35.50362421,37.27740869,37.83237368,38.02426521,38.8604109,40.06427703,41.21980637,44.28100799,48.34778939
145.93933169999997,240.1346434,342.3314943,551.5971698,733.3749146,814.5521137000002,986.3378231,1106.738908,1201.488078,1234.7193
23.43608255,41.29649372,67.07933211,108.7325439,136.983912,145.0963872,166.12731100000005,193.0433113,221.9351555,282.7696528
22.00146988,37.3366553,46.08843045,54.1754898,69.91098705,82.43223868,100.637418,102.3610087,102.6421922,117.6682403
14.57710607,25.10986825,29.56020987,29.92105084,32.61590461,42.88237269,55.66107493,64.07579189,69.97757874,72.14524304
47.1152915,89.96007163,140.2175557,208.2873638,259.6739019,309.5359853,357.9337216,446.9319899,509.9562655,557.7865299
19.06111039,31.13567891,40.91726184,46.53576624,52.41099143,58.57164024,68.10029239,79.00482029,106.339117,119.10885659999998
129.953305,217.7567858,284.806064,329.2878494,352.73299489999994,372.4646576,378.395736,394.0675253,463.127329,486.62063160000014
16.09426215,26.29954896,103.4197464,120.7237587,142.34587030000003,155.6727308,164.0372283,173.9662743,175.1291551,176.9451343
34.25246425,55.060465,70.534194,94.69318342,108.5513989,115.9684111,123.4501572,129.7053651,136.1437198,137.8966122
45.80647789,182.3559842,227.9746175,249.7337032,251.2728762,252.0283736,255.5372035,301.74193039999994,313.1041934,319.6154652
0.0,0.0,0.0,0.0,0.0,0.0,0.0,0.0,0.0,0.0
14.32721693,37.34449947,44.18266825,47.84614202,59.68104690000001,83.06974955,89.34200467,92.5631089,93.06982186,94.02764357
20.68408222,22.53692312,23.42032705,23.55712353,23.59377214,24.38373396,26.93502949,31.41852142,40.62984862,45.18974316
18.65044496,33.23829522,47.09247393,57.85548728,68.4217506,75.85671678,86.02553466,96.08335464,124.5025751,128.4128801
45.86179059,66.02632757,71.92182799,75.36462898,77.60140956,83.59470559,85.17188375,85.44957561,86.26069003,87.58887689
54.01877778,66.814842,84.34810744,119.8918632,172.0314192,218.0487568,288.28027389999994,311.9339582,332.18021,366.6155466
7.02448302,26.30314452,40.93120367,45.64105536,52.44742921,72.96968535,136.76801880000002,182.3172241,220.11020750000003,243.19574280000003
18.94770783,30.32912167,36.93264282,46.35194015,72.61886215,90.27562682,98.8349699,104.2371483,109.5785209,115.3351159
5.442180023,12.20300501,21.82951911,43.05840154,61.33534367,75.7231056,106.8107216,126.1848647,150.6595235,157.5008447
11.61269053,33.94493015,38.21834497,39.07340593,52.10653948,66.46440626,75.38941593,77.15036242,77.91643156,87.39521373
0.00169186,0.006096086,0.011754562,0.016322984,0.021009359,0.025349468,0.02909417,0.032583826,0.036831593,0.040111762
13.65754232,28.69512828,47.40282969,53.70733036,69.61893259,84.7025155,90.19739731,97.82115319,102.6790776,109.7035606
11.98248029,18.87618438,19.21213966,21.36689582,23.87950196,26.51828294,27.9396186,30.90074436,32.35911632,34.04273213
103.0738724,153.55081769999995,169.0440101,204.6906965,223.3320455,252.6833947,288.7262697,313.099979,345.2662702,381.9886852
94.55574667,155.1140337,250.9117153,395.618862,570.284262,787.856442,916.766072,974.507488,1069.784646,1128.028841
11.71684224,15.77912685,16.77477766,17.22046028,17.38548283,17.39881099,17.61411837,18.01149452,18.40532254,18.49249808
1.203866132,2.359395469,5.420597089,9.48737849,14.80348386,22.05972605,27.36757369,35.06171527,47.28074565,57.83386256
11.24127059,37.52359339,49.66182318,59.55606053,75.04066507,113.8822348,165.1997675,209.1760494,279.317976,301.6211668
21.41574054,55.47500585,96.60590454,144.4524004,166.4873575,173.7234486,188.5170769,206.8798772,232.2590994,241.4964945
14.22376279,89.92321938,94.33651568,101.9467213,113.1972218,117.272828,117.8589279,119.5190562,121.0728328,128.7449785
48.12105386,79.21779101,82.95619585,88.18659046,89.8600106,92.91473061,96.65567637,138.3241275,198.8834757,205.0658692
39.8202503,62.31629343,63.35878676,66.16964978,67.31775218,67.33449822,67.48564054,73.19719532,84.45592139,86.13123531
25.68260474,34.84546865,37.85438993,54.08540037,61.21615837,63.64375392,64.05366399,71.51646101,87.86281154,111.3689686
68.66783489,125.6646458,125.6646458,125.6646458,125.7109877,125.7771685,125.803011,126.1877288,133.3470381,162.528399
6.687007277999999,18.27308421,40.04097626,44.84690369,49.08913336,51.81068836,53.54145482,54.74099993,57.59931959,61.83031947
29.96693219,40.91878088,55.64331365,65.98132594,72.69960574,79.73730583,115.31230320000002,161.69776940000003,187.5624566,196.4593484
26.63119175,48.016413,80.97771937,135.8474255,190.2574521,304.1211691000001,361.631961,456.0139161,500.9579371,538.3109366
4.741651939,20.15501179,30.93833363,32.03845363,33.69907484,35.13754648,40.90589653,81.48409796,117.79958909999998,135.6390994
0.0,0.0,0.0,0.0,0.0,0.0,0.0,0.0,0.0,0.0
17.5114785,37.68666392,38.18676883,38.21966945,38.70461854,38.91924502,39.16707096,39.26898176,39.36689981,41.54249229
112.0336183,181.6898302,193.3173801,195.3905392,201.7069828,205.7514535,209.0549553,212.4845282,213.924035,215.4462092
112.729865,200.6852075,213.7735432,218.1431386,225.64309530000003,259.0546919,279.80134760000004,293.3403529,297.5915515000001,308.1767467
96.11090917,218.4086041,248.89303430000004,254.086558,259.2996457,274.3391634,311.4392188,346.5454031999999,399.0854708,432.8666280000001
47.7964925,74.737016,82.08492267,84.15101982,102.9090998,112.4629029,130.1872442,135.0694826,142.853819,157.4099775
90.49596333,149.658064,193.0229903,227.8434107,264.931062,432.609514,516.3535607,548.765608,574.2505980000002,593.464194
5.433426279,35.14362484,54.24090717,66.88357491,79.2922085,102.0197555,125.4957601,136.4581293,149.5346447,170.671348
0.294252259,1.353017712,1.448412461,1.449897119,1.450887236,1.456121988,1.464014942,1.5304337680000002,1.670444839,1.861936969
0.459080505,0.687167988,3.1179441810000004,7.589538064,15.69448559,16.99273844,17.4725998,17.79828092,17.81436438,17.82711395
143.426131,192.6211344,205.1903348,233.7435554,271.4267118,291.297261,297.3589623000001,298.6546316,315.27223,325.78043239999994
51.83330386,83.40911062,100.7011484,116.0221835,134.7025857,170.196527,238.98859480000004,350.5471709,449.7009864,517.8691048000002
32.3746772,44.71233588,56.59191071,59.42110248,63.72030721,67.25134593,74.7157455,77.66443649,82.6405929,86.18632479
25.73425582,73.59908177,100.6158579,131.471253,156.78568,181.1844302,198.3314892,207.9184355,210.0149927,211.9071607
31.09410467,61.44868338,94.3221766,103.3192326,104.4552355,133.99559209999998,165.9635173,169.58916259999995,176.8596166,185.6197536
70.77744536,150.271515,167.0851139,181.3443185,188.5966918,190.9260493,195.5063674,198.2648448,199.1245852,199.5295541
0.0,0.0,0.0,0.0,0.0,0.0,0.0,0.0,0.0,0.0
128.1568942,313.0573831000001,414.4043216,509.1806731,606.9291168,655.2622125,697.2186829,769.9773735,828.8369486,855.1929639
39.86399307,53.02262659,65.74053296,81.06557864,98.90137613,119.0203755,125.2905011,138.67079230000002,146.4743618,155.05339640000005
29.77865329,63.81602643,85.81575686,110.25288290000002,174.8502304,252.78534590000004,282.0305437,298.97394239999994,311.3514767,327.6623887
41.65321181,69.90457989,78.01705505,99.04797887,125.9639792,154.85582340000005,215.6903206,373.771062,413.7032614,434.5616914
22.94988459,22.94988459,22.96803439,23.21033194,23.36764566,23.69691684,24.49335435,24.65079775,30.68096638,34.37504105
152.04728669999997,228.0912542,290.4346417,343.8952495000001,353.9035754,376.2115993000001,389.6300203,396.2637138,399.2231996,418.2213581
20.73051375,29.67267695,41.55747183,59.40092867,77.58700471,92.34859741,104.0688187,119.0768418,122.4940961,137.23071940000003
24.01731929,34.48301553,36.00925619,36.36001746,40.39118057,78.82554385,108.008979,117.524555,128.8487141,135.1116047
38.804222,75.46697692,130.3118733,164.6377089,230.3913852,355.3081534,419.235538,441.678567,476.5695102,500.8749124
32.18538235,57.46317283,90.89416598,103.7299918,165.9733126,231.1688549,267.0749516,314.0457829,350.2376615,371.4820937
9.870188849,16.38595955,18.86568283,21.87537415,26.39272312,28.84920254,45.35842742,54.5878796,72.94269236,89.64927878
6.629344574,19.24996235,21.35075716,34.33324106,43.22121122,60.83102172,73.98722032,91.26825999,104.5206726,105.553525
46.63140937,92.87732535,112.3083143,125.5495532,127.7787375,129.5960596,140.3398906,217.320568,263.2443132,277.7640173
6.820458693,43.00715686,76.08850708,97.64783644,118.6190817,135.0259697,146.04599380000005,153.2886935,161.0522716,168.4322959
11.0538819,13.47220142,15.95608781,18.00559043,18.14169846,18.90058891,22.64326292,24.61473141,24.67609567,26.10864024
12.75504897,38.8513986,39.5983025,39.6671831,40.28886095,42.11852527,42.77780176,43.87673818,45.59647258,45.81116973
39.18653986,51.51907243,56.66191476,68.41100561,76.32058451,79.77314028,81.35738277,81.73388949,81.95663867,82.06180396
103.6811932,216.12529530000003,325.7354997,419.3055805,477.1244692,531.7817277,584.180938,637.938749,646.4722487,656.2883239
47.37209242,64.82591500000001,72.18143158,82.88128193,93.89672843,102.1753848,114.1237344,123.72326,129.7348885,148.8397233
16.97843821,26.845399,31.0252674,33.18016178,42.32908723,51.02987336,57.47841501,61.12719631,69.30838106,86.83382549
5.5336448570000005,13.47340869,24.19973697,68.48172969,92.49904897,102.9647452,104.4909859,104.8417471,108.8729103,147.3072735
43.46902229,77.81810286,91.69580914,94.12421632,94.40191966,94.47965353,95.11998872,100.0496907,118.3691375,125.548947
13.59581379,34.98692505,36.50542619,42.30459919,47.6428547,48.95859767,52.94636655,56.63035057,64.38437357,78.14989628
12.80629151,19.80904776,26.98242095,36.74789442,42.27611366,66.42549298,81.60635517,84.60897423,85.29459552,85.64639393
122.711739,245.56655730000003,291.2200993,344.1064115000001,391.2049965,437.32659680000006,466.6808793000001,486.4495394,510.7606506,521.0578322
23.09161352,58.83468206,69.05576078,77.4937502,95.83347322,105.062184,108.27079340000002,118.631643,136.6580868,143.5093397
12.49591225,26.97971732,37.53237294,43.47097718,48.11999099,57.32770753,64.74370768,74.43098416,78.27549109,82.41136363
13.5827905,31.27623486,57.74754014,69.06884597,72.18391912,73.11802215,76.32170697,107.183071,115.8756289,121.68785590000002
38.994738,46.2820685,51.69821412,59.36681323,81.25601590000002,86.083831,90.39591913,96.91823242,101.5749636,103.8102428
0.020020678,0.020020678,0.020020678,0.020020678,0.020020678,0.034154514,0.034167975,0.035961278,0.134690938,0.381308286
0.120045121,0.336409466,21.10260253,77.71741647,84.91027695,111.363986,159.98643080000005,184.764021,199.3304958,248.3735976
94.54015614,190.5846228,304.2950376,439.7205557,593.4610351,699.0276065,835.2768629,959.3034822,1096.775526,1334.192476
78.94678452,117.0429933,194.06320280000003,278.63071510000003,369.629803,456.8233387,519.5448349,621.8727581,701.9747111,835.1680048999998
45.26956265,90.04823326,133.5466392,184.7379728,216.5205302,236.3884594,248.8177524,264.9958676,274.493556,297.2039298
25.98994562,41.8260098,53.2105985,61.81207866,76.99775914,94.79238109,126.296643,140.13658859999998,148.9803382,156.5040651
48.52823143,56.81750256,59.54962894,67.73907566,84.47593709,95.9631322,108.116295,123.8584585,144.29811830000003,154.9227892
23.65740738,40.75937391,53.75287891,71.15821608,82.45815049,109.8050839,136.6905783,166.7598062,178.90075880000003,187.0656864
50.20731825,100.6185221,126.9764239,139.3698344,142.0570725,145.3576188,167.01521540000005,208.0798499,244.3785284,282.1619549
16.80053564,39.16157207,81.76521664,101.8405266,108.001047,109.3582761,109.49388229999998,109.6924084,114.8826404,166.37590980000004
22.31735521,29.98419836,33.53956469,36.13227618,37.35582728,38.93615949,41.04553614,46.4071818,54.35961559,76.18369443
20.707197,85.02313865,128.2304469,152.08272380000002,176.7530526,196.6468348,218.0174022,262.3792477,348.84981760000005,371.7532534
22.00438699,60.40417961,91.90079362,137.61956730000003,161.6949365,175.36739319999995,180.0308635,200.0421018,222.0543447,255.8286767
9.713445204,27.66643589,40.44576015,47.36802564,60.36953018,86.29555402,97.77292347,106.6150953,110.4970162,119.6148326
50.29480877,94.12429153,105.83517859999998,108.8607002,112.5575571,120.3297673,131.6071655,147.6897395,154.7717932,156.2384554
7.363255645,24.06490792,35.70011896,49.28830394,57.81106662,61.77312476,64.56912981,67.65307371,71.87477045,84.79074455
7.810526556,21.2594542,43.69307947,63.89000199,83.47308396,107.3680826,129.4025612,152.9677347,168.19561299999995,182.1500042
1.418821923,55.86360289,58.76015607,58.77209646,58.78821474,58.78873314,58.78873314,58.78873314,58.80247244,58.81621175
20.11724327,32.59503346,39.64392932,41.4579885,49.82565019,74.05260601,95.60967535,124.1683133,133.0769482,133.2284716
88.65325333,162.34462119999995,234.4305085,277.8535018,313.1799488,363.7784358,417.9303605,484.4940158,530.3455358,586.8607092999998
161.09114419999997,284.4244039,302.117033,308.9026623000001,321.649586,336.0071119,346.28649289999987,359.4123612,380.9871831,398.3907598
20.297569,44.28313283,70.22125017,115.5833447,204.379238,228.73375530000004,240.3897818,261.614596,276.8935689,285.1603053
4.287583662,8.448012532,30.53345111,33.6663676,36.6325843,37.76389843,37.92051709,37.92261959,37.93942057,38.12553901
0.001960302,0.004059535,0.006158769,0.006158769,0.006158769,0.006158769,0.006158769,0.006158769,0.006158769,0.006158769
51.8651735,74.33119463,104.572886,142.9895487,228.6713751,345.3059114,437.3010314,497.6308036,536.0606097,586.901325
16.96938631,20.1653412,22.31037266,22.33541362,22.33541362,22.34295741,22.34490008,22.3470777,22.35172383,22.38774111
23.05233734,84.17146345,130.3708811,147.67162240000005,162.0456244,180.4409515,214.5083648,280.4383889,339.935621,368.3981088
10.18911282,25.86457356,60.95402314,80.99127814,92.78272508,98.07560638,107.0242649,121.0341354,145.95011,165.6549456
46.92881369,112.2407745,176.7761967,213.6374381,233.0014996,245.5272216,263.3041858,285.7991152,318.5086917,350.88201539999994
131.3665022,237.5733226,302.2443272,352.2094373,404.0332879,451.9225823,550.4448262,619.1244616,651.3503837000002,676.0541308999998
2.607180042,5.381350078,9.056935566,13.91702582,16.59007934,17.49617795,18.49878319,21.67676026,28.15655559,32.43930476
28.01482012,52.09306277,63.23943002,78.76258786,92.42285938,110.507246,112.5014726,114.79538329999998,116.3316185,120.0818272
23.40362414,32.50931109,40.30078751,47.37536931,52.2427185,53.64127691,57.40751431,88.27400317,115.2168229,123.2246877
14.90084388,26.37128801,31.34452339,39.68514028,76.23303177,107.3601695,125.04262649999998,136.2714584,143.85048369999996,144.61084269999995
30.16068548,40.57382859,51.76384742,61.59986157,63.16961524,82.23397133,93.9900191,105.4603402,120.6254607,145.3509177
14.24130283,24.78806044,25.40166918,25.53712205,26.48107347,27.70927411,30.50919676,31.32076979,32.94762769,33.33647445
79.93242472,105.8280252,123.3142474,146.71631619999997,188.1853975,230.9690458,271.7028229,322.3717797,367.348144,397.207038
5.49436927,15.73641725,35.54552824,53.46084528,102.768037,125.6612763,133.9963663,137.7130282,144.8695308,179.8992085
25.23925528,48.51417427,54.93901621,63.94348584,97.65377484,102.9161739,103.7085235,108.64957520000002,110.7142261,121.690178
60.04608167,68.0669387,76.20612253,87.7274892,113.0242482,124.4101154,147.5410504,176.0537074,195.7349587,216.5307697
16.20069267,25.39895458,31.85570167,34.2674023,42.57150763,51.43967707,54.84714177,57.71300428,60.60295397,62.32655176
4.140525949,12.07651957,21.46002434,31.47685441,38.15343371,46.61270833,68.88632752,75.15194414,76.00994617,77.009028
4.301252357,4.546837913,4.850678119,5.947018551,9.459800256,9.966389076,12.24528397,15.48964671,19.4215,23.86737739
150.78600669999997,284.4112417,403.94024,519.2666987,564.957023,584.2919743,630.2839193,693.9980527,770.6440643,843.7908557
116.7781725,140.2874612,143.74057209999995,149.193907,153.1833273,153.6165338,156.50076869999995,159.3604675,180.9717097,182.8470652
6.495390876,15.16917819,19.24502361,21.84453614,26.43774021,28.69447498,30.60242002,33.46549494,35.23272772,37.03853258
20.03774816,162.6514421,208.6356163,228.9813988,232.8762746,242.5870426,294.5084061,338.0783377,359.6348756,407.3055157
28.2040372,33.95599132,38.4163383,43.49704669,47.4383333,51.07985013,52.51517152,56.97397716,60.95928187,64.5535711
53.35863856,138.85674269999998,198.3343029,230.6856871,253.2195332,278.9409695,290.41665930000005,314.7682317,382.2752445,413.9199834
15.65179242,32.89758106,55.09880916,68.04696752,73.16206638,84.62392606,92.02622737,96.35521787,101.7235411,134.53143469999998
101.0555743,242.0900264,300.9676269,394.2707104,444.15214060000005,541.9553174,593.9343241,615.0996279,651.7200759,700.9455406000002
48.49235029,74.28054629,113.182669,155.70098869999995,165.7220115,188.4171031,230.4587437,299.4577188,373.9916114,401.2328818
23.74449139,29.97111661,41.71823864,54.02676195,64.3989706,69.57682062,83.41706218,97.99219187,115.2371168,135.32425680000003
108.7147388,210.2978378,292.2937961,372.0622742,438.8144385,500.0817469,552.4693776,576.5183969,611.1293376,638.3921697000002
124.1000934,236.7931041,346.4350943,451.4529805,523.7171338,597.3886898,665.207879,731.9337236,745.5539478999998,758.6044716
85.84772388,183.3436743,217.7750056,273.8948973,331.8601225,396.7827568,435.8580631,478.0256768,494.2376279,505.7135991
25.14033257,37.23662089,47.67870146,60.61627003,70.99361067,90.44140496,100.1907312,117.6326666,144.6002995,157.5538351
31.84444157,61.06014286,69.32630204,69.49661575,72.49419586,104.1229931,118.2025369,129.3618969,138.1834923,164.8806613
51.32042167,121.1009682,207.9455925,280.5160858,314.0394845,330.01563030000005,336.4177597000001,342.8136777,348.3652576,366.976962
2.656635209,49.0331511,61.74701867,62.4587374,62.59808448,63.01212551,64.27339049,64.45320316,64.8800663,65.72485575
162.6710878,258.2978465,302.8259916,313.23800780000005,316.8310052,325.6105945,344.6808779,364.0056797,381.5928861,394.729617
17.20925657,53.39933114,72.85197157,73.32044849,82.94442714,190.2587463,258.320228,265.1629256,265.7725146,266.8358268
6.841321182000001,25.05080278,42.39651928,43.59297422,43.65767085,43.68754061,43.74198674,45.17990824,46.97299577,49.40176774
21.20630988,59.67118575,178.1263612,228.243586,254.7323517,273.47497589999995,310.1435251000001,349.4482635,425.6985494,476.8580635
0.748480977,1.752042245,2.471934891,3.679134964,4.960403118,6.619459587000001,10.4722929,15.48569553,20.31398572,38.80271406
81.34529886,164.32376269999995,201.4598307,217.3362436,232.7571309,247.8343894,262.8609179,306.0595685,335.3454849,363.335172
18.27891459,32.89036072,43.98070778,50.43481581,54.36192864,55.32736652,56.7232686,58.2908539,63.91420103,68.63667829
167.8284435,226.8980479,248.8850273,260.3807522,275.53212410000003,289.3542227,315.8062607,339.1196714,353.8831695,360.1838583
11.7861543,38.17685243,49.9462665,55.56539848,69.82955632,89.32947702,138.9004004,164.63378319999995,171.61852019999995,181.2353659
0.264775264,0.265903671,0.441156516,0.546383752,0.685020906,1.175142543,2.37111844,2.617124913,5.412690102000001,11.58822959
0.176222398,0.5797659310000001,1.038944813,1.649712356,1.945917646,2.61042444,3.860328724,6.312096312,7.749319616,8.669968399
3.800642071,8.015247716000001,12.81075859,14.95277523,15.24452719,15.52260922,15.80166481,16.12112057,16.25178943,16.504879000000006
5.726297449,23.98258579,55.39591017,61.13959502,67.00382968,98.58459452,117.1219791,199.34559,215.4230847,218.4066969
75.58615019999998,150.14439199999995,212.6910432,251.6369123,297.6590486,341.1462408000001,360.9612744,380.5752395,421.1809347,486.9478366
2.778628377,3.435947884,5.551049762999999,8.347880826,11.27219538,13.67468851,16.78991761,22.9855978,30.10619486,32.788711600000006
36.29500022,40.40806788,50.38707409,56.91934889,60.21502668,69.66705201,79.80288064,90.43557479,95.96907526,104.0151431
16.62656132,30.58681404,34.77297351,37.35993771,41.45636404,42.54151097,50.75136331,65.06855131,72.12171361,76.78757639
58.69925338,117.92027790000002,163.4587697,205.6950836,279.74598960000003,351.6885877,394.3007776,416.1752323,439.0074074,482.60286860000014
86.74014375,147.7386608,176.7357209,189.5892309,218.8206161,238.6391315,250.5930848,265.0423334,300.01401180000005,334.8548984
42.20521929,86.63579086,128.1736923,162.79308559999996,171.91364309999997,181.5375084,188.4035651,192.1113209,194.5762845,196.258384
2.349964172,7.841349342000001,88.15174976,115.6786983,134.93183390000002,145.0733106,157.5458553,182.0249367,230.20587430000003,292.91556089999995
1.3434427480000002,3.162897956,4.231151037,5.886741787999999,9.244518141,14.53924138,20.05257798,22.415868600000003,25.21739916,40.68293134
4.59176632,11.34781256,23.16421141,32.44896041,37.55824208,41.78599053,50.44469411,57.40387736,67.32605437,86.77011442
5.471286762,26.75292397,44.53273986,59.55984557,146.6980352,175.447752,184.4168549,201.6662232,227.423283,242.8238389
20.95073463,41.25764425,62.98204338,88.23340675,131.23986599999998,193.6938736,275.31604560000005,335.8656253,378.6359454,441.9750144
18.42335806,45.34997964,98.17391572,141.8995367,163.4539136,190.5231579,209.6091272,225.2118818,237.8578591,253.6073125
66.78321742,151.07066709999995,173.794385,180.5595172,192.2946657,202.104469,206.685502,208.4018554,213.3779631,220.4078762
10.77345645,30.75483507,41.968854,55.80094664,68.03770067,70.39974299,70.71607488,71.38281217,72.51260449,73.66250905
8.618278779,15.60610883,34.80621693,75.75326056,102.7585566,130.5977082,155.5681169,170.5804535,192.1798907,208.2290727
50.76153033,69.33748878,85.93359808,89.31458895,93.93816307,99.26199808,125.6904222,151.40047230000005,167.92385090000005,222.6700793
13.53239851,27.24874489,34.52977654,41.76429801,47.17964776,57.99356993,71.85451390000001,85.83552402,96.86321799,109.8837063
44.34357574,79.33069927,93.96395709,105.86148490000002,108.7364217,120.8468591,135.1821591,135.4268866,135.52400680000002,135.7523392
5.003392178,16.77818645,34.8312296,61.83068009,85.3970157,135.0771483,171.8026261,214.8369133,284.222244,319.9342528
44.25768142,53.99310325,59.10897038,94.54041717,196.2737593,232.3929716,298.5264992,331.0935147,333.8802218,335.1842096000001
6.869427858,9.439277137,13.81902605,37.38342088,57.14436375,60.62383248,71.05121164,76.65750451,92.86678968,103.4887089
87.78533,161.2136367,243.4936767,317.1072897,377.4612247,414.120878,466.6680913,512.4182293,519.5619717000002,520.0920278
20.44563464,37.19527948,48.62625598,54.07447167,61.39216435,78.34439632,113.4147788,126.64205420000002,133.8395283,134.38982190000002
16.79351822,40.60005059,54.30395682,55.53736445,56.5524678,60.33816047,72.27837982,85.0349921,87.97794564,95.94388125
0.8391666390000001,2.259383107,22.64330801,28.71379381,29.80876124,29.85056441,29.85056441,29.85447496,29.85838551,29.85838551
16.13310456,30.4258925,90.27028581,106.1702009,106.52930759999998,109.15228159999998,115.0331379,115.9744145,116.0884381,116.683564
40.31285178,79.09935105,91.52208635,105.4285196,122.4511968,135.1519676,139.2931487,140.12590769999997,140.5042642,140.75875390000004
21.38119505,47.12915633,61.85234770000001,63.3344144,68.98938026,78.16070479,93.8817478,95.39235738,104.397128,110.4774412
9.197493763,22.02414976,32.74721076,36.65216663,42.5306009,61.8173839,86.3442629,107.55057279999998,146.0154487,264.47062420000003
76.96778383,87.8089824,92.92943486,95.92051507,258.6417533,367.9661761,407.5511338,422.0167248,435.397379,447.7010785
134.60924419999998,222.9128632,314.5133463,495.1461097,642.9704705,715.0902434999998,848.1776835000002,935.2750735,1004.272858,1030.400814
6.964331034,16.41864846,26.71605578,31.91241221,38.45639269,49.78722615,67.32972706,77.69245499,83.81776331,85.16271137
6.624339044,36.91010666,42.65913882,45.99768521,50.34120836,54.55101507,54.98495116,55.03155585,55.07449211,55.12425385
22.71414408,31.67588493,42.96654999,54.81612703,72.95449509999997,87.07132097,91.66168884,95.85048058,104.3016222,112.7567065
4.153273433,9.634790089,18.73880422,23.16394441,24.98979191,27.28562366,31.556094800000004,40.07665887,55.89034084,64.71478223
146.1802714,245.20196600000003,280.14172260000004,324.9548875,451.3888974,532.7053669,573.0025598999998,633.5348928999998,670.7268801,704.4826971
0.482748913,16.63943134,59.43687899,126.9893196,132.6860564,134.1520487,139.4781655,144.16335790000005,154.65434019999995,166.3944314
0.0,0.0,0.0,0.0,0.0,0.0,0.0,0.0,0.0,0.0
29.41152879,44.69956345,58.11974126,66.8603276,98.61175405,115.4438479,128.0372423,155.2466101,184.2764675,214.96893340000003
1.7832683619999998,3.287743395,8.542430176,11.38339437,12.10431765,12.27702748,12.36683983,13.01286501,17.57523717,17.80168861
0.382894512,0.6344125429999999,1.108924016,2.432026771,9.646217135,24.44635863,25.05170702,30.340418,52.88431935,89.41101918
20.82698635,47.85955669,63.95841002,64.00637323,64.26182286,64.84231672,67.23349406,68.18745711,69.08487234,69.80762737
0.00351432,0.005353375,0.005379826,0.005447596,0.005488915,0.005488915,0.008684236,0.017864932,0.034158259,0.116191622
0.381185327,0.559977584,0.908161596,2.688025533,11.00837942,13.38200406,17.310287399999996,19.08862381,19.39680403,19.7263741
0.0,0.0,0.0,0.0,0.0,0.0,0.0,0.0,0.0,0.0
1.533250376,10.40988563,14.79943074,20.47828403,33.11895033,34.99173102,58.2663618,139.1352148,251.4042749,313.5630391
0.234946267,7.539067725,9.500386333,9.714481939,9.736401882,9.756493367,9.769128535,9.797166617,10.10863351,10.27942227
1.939156278,2.12444259,2.228440103,3.580833016,4.585869624,8.82958169,16.21256921,23.15728453,24.97789894,29.10398734
80.94030117,182.7296522,295.82158819999995,470.6816415,567.9191832,681.634279,760.9635488,797.8863842000002,827.0244602000001,851.111104
100.5066518,151.32853290000003,165.8266128,169.9383424,174.7139506,185.1234589,202.6806131,210.0766562,211.7443644,219.3209597
33.3811396,61.4235746,81.1924078,82.72130359,82.75465318,82.83511173,82.88415835,82.99890815,83.97722972,84.09730935
71.52373025,113.03162079999998,172.805023,265.685721,372.7990535,532.4586648,741.853736,874.7525673,925.6119471,964.5104601
8.123878547999999,40.91914595,49.54826152,63.28976957,84.00773443,100.6739191,105.4801053,124.3395334,135.2053308,138.1830707
5.980905375,18.52892198,20.70981057,23.81177666,43.47185368,61.46769235,93.44730018,165.51676030000004,225.8637177,245.044308
52.53363275,81.212816,114.5882095,142.252554,151.0005551,158.4355531,173.5560552,192.7717458,205.4411356,219.30511490000004
22.52443332,51.95086946,77.31848078,98.93501034,117.3350952,132.1838565,136.9672159,139.628265,142.0179679,146.6050173
17.51032413,24.66365478,30.43297162,45.54908885,53.2876995,54.77269151,59.46792179,71.38626815,96.77426864,102.5447009
6.8622036060000005,15.6741718,24.34524272,43.01823,58.34547913,66.53550708,69.49971864,71.59111508,74.7642469,79.74849129
11.22282651,24.31554913,34.04928126,37.47873509,38.29311528,39.62396646,44.49720172,56.29079035,73.2870686,82.73660531
8.649595543,19.10219109,27.87804097,36.86080676,41.43836414,50.17047048,58.63990572,61.49471811,64.52834796,72.88260838
11.62240173,19.01936965,23.9272689,26.34052392,32.92787563,39.89220666,49.34652409,59.6439314,64.84028783,71.38426832
59.41142186,70.7821955,84.95998307,103.9991468,155.0511614,190.5362286,215.3433045,303.3530688,363.7406346,405.9689729
0.006576652,0.006576652,0.006576652,0.006576652,0.006576652,0.006576652,0.0067600859999999,0.006799869,0.006839651,0.0086235759999999
33.77004998,55.61615185,62.43567341,77.09739416,109.5055237,139.2109705,159.502179,186.9803624,207.2103835,221.9130812
13.54221722,27.43802441,32.75729472,39.82413457,41.03036941,53.86850633,67.15582931,88.26029361,104.1000535,119.3664866
0.0,0.0,0.0,0.0,0.0,0.0,0.0,0.0,0.0,0.0
26.13678126,39.20260485,57.76957459,77.92967555,79.91748528,80.57049205,80.64959876,83.11578916,83.53470127,83.8030078
18.29810586,27.92823546,29.32549542,29.44900498,29.70474916,30.29166794,30.34034999,30.39825061,30.43170693,30.85246562
7.392993578,17.77624401,23.00807315,27.139796500000006,27.80795423,27.84992383,28.19495314,29.3734565,34.53423716,39.83383739
13.49784871,16.29339571,21.13752216,22.78422165,24.64338844,27.49338459,34.03325906,36.43798319,37.58883155,37.91159994
52.00067544,85.26773784,105.758017,113.880869,138.24124430000003,149.9757167,158.51085600000005,185.6620402,212.45470530000003,213.0336215
0.702449045,2.531771274,2.924800148,2.950143371,2.992314837,3.248423724,3.480094422,5.218397089,15.2572831,45.86712087
5.101305033,13.81558392,21.62690952,30.47178323,33.85485072,38.68749668,51.54308202,60.3431519,66.76468348,72.39990697
10.35334413,22.27374819,86.04840293,107.9863424,114.6733496,126.25942659999998,148.0273186,152.8332461,157.0754757,159.7970307
2.190613374,7.335456351,20.69461329,30.30612031,61.01918377,79.43968585,92.34289631,97.1004093,106.2931695,117.3741191
9.755334536,24.75436134,46.94238255,62.51687051,89.37818758,105.5729903,116.0118456,129.7273183,141.2579584,166.3361842
112.9856478,153.59184919999996,193.9554363,222.3347233,284.98737989999995,315.3243808000001,323.9942915000001,329.5440531000001,337.1017257,352.9431675
15.60091844,46.23652652,97.56493233,110.6355255,127.0373817,135.8012485,164.33609199999995,179.5336027,184.7666534,187.8163842
11.17222273,16.97682005,27.25906732,39.29829478,49.77061459,57.34505005,65.80052272,66.20206468,66.80078431,67.54207185
51.32956489,92.02223408,107.3888219,115.2983624,159.8966235,199.0454902,206.1069063,219.8477338,222.3880348,225.1010807
0.254441311,0.271710674,0.279636768,0.319730236,0.323950838,0.328530207,0.499202965,0.5019301589999999,0.504518724,0.508110043
0.169714074,0.5783234939999999,1.209220681,2.779493553,5.98028467,22.19232242,32.46947448,37.75475932,43.10420360000001,45.19734853
49.63173839,62.51353357,71.28184408,72.16162243,73.18607363,73.24387442,73.29238765,73.29281454,73.46986221,74.84729416
39.81301017,74.67466718,127.1856833,186.757975,228.4676619,245.9305902,263.5221974,273.0192304,312.4592524,337.6543705
23.509732,32.82947061,36.73008883,39.85998494,40.63821543,44.19130803,45.38665718,45.77687143,46.42874489,47.98551194
28.08025084,61.87154413,86.50520206,110.2877665,125.9919885,148.90943059999995,173.68877690000005,186.9902908,200.6419378,215.6333155
12.00407791,19.89337726,48.31732036,109.9475014,148.8964435,161.40833869999997,174.7072604,188.2274792,197.8672303,210.8406284
46.54505797,57.33827681,66.44354298,73.64255266,75.25346881,78.48377385,96.21430124,106.7380071,123.593967,140.0952336
7.568229492,18.09128687,21.70989978,24.74127428,26.23265199,28.13015538,32.9415665,41.49602531,49.66201328,54.20922045
4.360247979,15.15377595,43.70030312,62.84504097,66.71403121,69.17105064,73.64330538,86.03598046,110.3447311,134.1228625
59.45597805,90.43924214,95.01236033,102.23349559999998,104.0452427,105.58277340000002,106.7389894,107.1831217,107.198613,107.2494316
85.04511086,207.8039618,258.1209476,275.79339639999995,280.2657677,280.3527149,280.8544595,282.2206167,282.9508375,284.1511933000001
24.88616247,90.37881284,117.0285111,122.4259264,132.72705990000003,137.77601140000002,156.8205541,183.8688447,190.3685224,195.643818
12.59489076,35.59999174,56.07624099,79.09831481,91.74183164,106.0392284,134.05240849999998,135.54391950000002,138.7162755,169.4415297
32.47730233,40.14078821,45.78376831,51.02500164,57.1315035,69.18417099,77.24081906,94.03102141,111.9240989,124.6147453
48.56176144,65.67065711,72.62044298,92.17916631,100.5167597,103.7295835,104.7435518,104.95275,105.1256744,105.2472619
236.483592,281.363559,332.5920974,343.5134087,400.4354423,444.7124349,557.6538029,589.5561067000001,594.8378996,598.0395823
129.1923065,279.109065,368.3707796,410.601182,438.3533388,458.3453358,465.3390954,470.2975591,483.6413575,525.987379
24.03330611,43.21061528,55.24804155,66.13137715,77.61587952,85.97322075,92.44618483,97.68265661,103.0287518,107.6172481
42.40728267,53.10399892,61.16398908,80.43206042,104.1792559,129.3782932,147.3549471,161.2250165,162.0982175,163.2966606
6.476091824,15.15177358,26.64391054,34.17737021,44.73752078,48.29376648,50.88311768,67.25560567,69.09390165,76.27112982
14.58874013,33.62103611,46.63840421,64.33529947,86.96338295,94.00203271,106.0979104,111.6821849,123.2752509,149.0274205
329.3496,408.7064548,449.123286,479.2457067,494.7669972,534.7028898,675.3650948,708.7473235,718.5331309999998,736.2055528
49.7470319,64.55074139,85.8435408,104.63867059999998,123.691707,135.640706,140.7744878,149.417248,170.9328534,189.034341
35.34246436,70.19279109,108.1153158,161.8286316,206.614108,257.4403998,333.11326319999995,382.57039110000005,434.0197675,488.9243462
11.52203437,32.47958736,53.38541026,69.0253935,84.83426721,94.67239959,99.6634387,104.7954452,108.4814407,109.0400502
95.79157229,123.7439626,153.0163396,174.6350326,233.1560324,258.5860533,264.30363470000003,268.4770878,278.2969727,295.5197966
12.27671227,20.32442499,30.12481983,37.21619312,45.48247215,55.33185570000001,108.712845,133.3083569,150.3646555,164.037554
10.95979309,55.08442484,80.90823622,118.8025777,126.4042763,147.51818480000003,151.2763584,157.34538030000004,160.6313395,166.25950930000005
1.733963379,11.92645164,27.10782687,37.2090665,39.4596876,44.95243496,49.04270565,59.9193421,74.85167928,81.69955034
55.302466,99.11757048,136.8978642,166.771875,190.5768467,202.8654868,227.3274582,232.6635153,242.3923782,250.5357153
28.83643219,48.18637879,55.70563238,57.83716909,58.31013226,58.76844522,61.64084633,62.44747488,67.38953409999999,69.69121937
69.33600724,105.5021707,140.3908125,219.3159012,303.0809821,396.7934351,436.5914139,464.0782279,476.9134841,523.0467646000002
65.26175094,104.672855,122.7195751,126.8030113,131.0176402,140.73585559999998,180.942974,208.0055637,226.0486344,237.679326
39.6888793,55.32261991,57.5498052,62.50625348,67.90795307,79.80781536,115.01178229999998,166.9744504,185.8298774,219.7744457
25.79144035,44.01599661,56.69845472,70.89831644,98.89777238,110.6590493,128.5199128,149.5196995,161.18930980000005,166.2448861
1.0653971000000002,1.2296519,1.253859233,1.253859233,1.253859233,1.278264453,1.302669673,1.921954543,2.6757872430000003,3.1811160430000003
7.052463489,12.2583805,15.29769167,24.51465661,33.33120956,40.0200326,41.99350628,44.09049271,55.54861925,72.82772491
20.24012938,36.07641877,55.42791605,71.52471041,82.55023866,108.9661708,130.14272069999998,142.28169240000005,165.3372239,176.798528
14.81479509,76.59249509,78.46814101,78.72632289,78.7595479,78.80305038,79.08474311,79.67486191,82.14189935,82.57733941
10.99787063,45.95049436,48.98184442,50.78802226,60.60172708,79.43089766,96.48324118,112.7945492,124.4112721,125.6964207
172.5071,257.86307650000003,330.2479733,394.3817657,411.9866769,424.4116621,435.394274,501.956277,709.6852895,778.8368382
42.04967578,77.05822312,85.90775115,90.86363996,143.1499446,151.5343563,159.317491,170.8148333,179.388697,188.617358
11.63523438,31.98881877,47.89458942,59.08064062,78.80359799,86.58000071,94.44250619,105.91453020000002,112.7222649,115.8369424
20.64710832,66.22559532,83.86279315,90.24859711,107.1739632,113.2804026,127.1619503,143.5294907,151.4565041,169.5215065
17.55743329,22.00536312,23.22531648,28.39657361,34.9400924,36.40509267,51.63200489,62.8216322,72.8368992,99.70107234
48.01167472,64.39531424,67.02634184,67.20390818,67.87120392,68.52231040000001,70.76711492,72.01304602,74.78576502,109.7946272
6.41448037,12.55646705,15.637474,21.44611673,25.32306655,39.69028303,185.6658954,278.0674417,314.1675992,337.8508166000001
1.97080926,3.896060926,18.92553635,50.05450402,78.42857514,80.9925025,81.75208806,82.15381067,82.70076534,83.22449781
2.172930769,12.39616779,27.83495091,35.45797662,47.44320155,60.76078052,68.92692771,94.36057282,109.1927711,129.7567143
17.01908475,35.18387833,54.183047,76.10091883,114.0790252,127.5973903,136.7120678,160.9760823,163.4605343,172.7434221
19.54462527,53.17534415,65.78904128,82.80044645,88.39267181,98.79832773,109.2297215,123.9989701,128.5172608,132.0945673
59.5643055,80.10711500000002,111.3286558,153.6147832,180.423723,193.6006532,211.2895418,229.3192055,243.4461204,267.4321353
151.22332,301.6192533,348.035615,403.732484,477.3768940000001,537.51232,582.311612,592.4731765,622.8922215,657.3694538
74.556911,147.5646036,202.2117033,280.8777274,298.2625331000001,304.3009875,320.3732296,337.9546373,343.60019710000006,357.9792389
23.52505862,51.61834038,58.17581128,91.87105958,117.11124440000002,196.293084,214.9106936,218.3152787,219.1547781,219.3013595
100.521768,198.1004987,248.459518,279.09006370000003,317.3424973000001,361.6441547,407.3891263,483.9701997,551.7549777,589.2874397
49.0896017,94.7082436,138.10510159999998,159.5977012,194.6305502,209.0122422,221.5272281,226.7908593,235.2867256,246.01748340000003
1.052861295,9.650402003,21.63940041,50.46040802,60.87079547,65.56312325,71.34363574,90.02811155,104.7787913,106.66791709999998
12.00970885,25.64774581,32.03067363,37.40225607,40.57584104,47.37825487,65.97626911,98.51673917,137.00496919999998,147.090924
61.98243014,145.9562126,225.9829759,299.6219634,349.82550489999994,391.21946,450.9830134,537.8357314,700.8947757,831.039377
96.70370529,167.09491469999998,193.7340421,245.6458611,301.4117581000001,371.8768446,491.1179217,624.3567546,755.5495146000002,888.2251031
122.5635728,216.6987869,238.4840759,254.94988430000004,261.4352013,267.9424397,278.7244355,310.4837379,331.0474358,333.6538447
6.614393469,28.11669547,55.68217639,65.01682346,69.60266718,76.04955162,87.39766881,93.91304755,97.80837743,99.66627956
19.77457694,66.07667468,101.6522539,128.4748113,140.7585523,162.0177205,185.9098846,225.51454280000004,247.448244,255.2083021
74.89330171,122.9345878,126.0348618,130.64199209999998,133.5845655,137.52882069999998,145.561815,155.28099440000005,156.9102186,162.3603299
38.444904,102.9475296,141.76775940000005,167.1786217,190.5723583,196.9065549,204.7527949,213.7684331,229.10801060000003,234.0987819
168.5144129,253.5863371,307.7473477,391.8838144,435.6604341,499.4861883,575.843358,612.9356006,671.0838401000002,696.7386497
38.43911097,70.99733272,107.8903372,166.1079665,195.6911467,207.3298709,210.61120130000003,211.4058861,212.7291147,215.0742046
70.46221933,96.450541,108.4390878,126.0123849,153.6534461,165.5577919,196.42449130000003,228.9978133,247.3124746,304.3852054
17.85511433,28.34968233,57.38098583,196.1376942,255.6495135,300.5186338,323.158144,329.2515623,330.06971989999994,330.236188
55.15782179,115.6625298,187.7921338,244.36346,317.0441236,387.6818587,458.6709016,548.0247806,643.6722318,766.5004368
13.95434886,78.78879632,84.51799388,90.76677732,106.48402040000002,125.4468088,139.1765436,170.6429385,179.1213055,185.296991
19.80555987,40.23397766,59.08504903,66.92136156,79.36308662,94.30449989,113.3891574,128.6682777,135.54755319999998,144.697769
102.5132946,130.33230020000002,136.9128499,156.112259,192.9989077,218.2333208,238.3553277,242.4173488,248.4691717,260.2831733
26.84167805,34.51692123,43.32883355,53.65611953,69.63524875,78.72912640000001,82.31356259,88.26316435,109.8508726,172.82557859999997
33.40661622,80.16997929,111.4249067,136.8853064,223.0437197,238.6826003,252.1859426,304.5314452,321.4024726,346.8457845000001
24.60765236,34.57209834,40.0433851,61.3250223,79.1048382,94.13194391,181.2701335,210.0198503,218.9889532,236.2383215
244.4900367,412.2395333,496.8734153,570.5897787,592.5956620000002,614.3061309999998,654.9347323,705.3556183,744.768853,793.4244557
4.372789899,25.35539239,44.68185329,79.27311979,117.0657699,124.0817342,128.7011165,141.8253914,168.81830369999997,191.2090557
58.26603335,102.0586801,110.9083752,115.9883025,141.8907147,161.9856226,181.972894,185.2437654,186.0756689,192.8005405
10.18256639,23.72870806,33.55169188,39.14794984,52.13766989,55.64188543,57.71725744,61.51789951,65.73250515,70.52801602
78.40241333,118.9477177,163.2492483,178.5621137,237.3324197,344.504393,472.6731997,587.7138143,717.1584243,799.7297367000001
19.87559266,40.98643295,67.75290140000001,73.91681672,81.72896721,97.74188542,107.82846,115.8898837,124.8750539,143.5903382
34.68310006,64.00851386,69.72784295,72.93610325,75.48492598,94.4743414,100.7124611,117.1762463,158.1689092,166.31355209999995
10.19792461,23.57900441,26.27480334,31.96947144,33.18040229,35.60462679,39.05747413,46.31951887,49.23157214,50.090768
81.54855431,156.54824480000005,206.2713564,252.6976296,278.0709587,287.3074602,294.6429275,305.4682287,313.4549897,316.7742091
29.89191644,64.37403433,82.41567208,91.93495559,113.0722212,153.92986430000005,184.8554814,214.0732978,243.6102366,329.0799768
13.72555706,25.58337114,34.70808343,47.16308049,68.88127332,92.4590663,112.5870741,129.2734772,149.207859,163.8156804
42.800086,69.35151631,87.54217871,132.0325265,186.4205916,245.3846987,327.0000932,390.9100009,439.7270049,474.8668055
31.4114354,33.475493900000004,33.54988424,39.8421293,50.3890664,53.62679231,55.66552916,59.98820812,69.85720972,76.99573670000002
7.104890687,11.29981809,11.51812006,22.14623134,23.67965599,25.68374707,41.82560248,45.28885376,46.84653014,57.2668752
48.55735017,77.65547567,90.42672852,98.59259698,104.7877923,109.4718081,112.2309142,115.9461773,190.4203092,338.0255017
10.332816,14.21016651,14.7321464,15.63506489,21.12237028,33.07361038,33.77153418,33.78477719,33.96121973,34.3764073
6.602078542999999,25.5151932,42.28175341,50.47596091,83.97271707,108.64191940000002,150.4571392,176.9863456,183.5377322,208.6313931
22.08163014,27.51210243,29.01588503,29.07939521,32.42298988,44.75774266,73.22996324,102.4248172,113.6683095,120.6362881
112.7918606,161.1502236,197.9398576,240.7813684,280.7508188,300.8148651,317.2243267,332.7711461,345.3107504,365.7586062
8.404855585,16.490012,19.36845168,22.57915287,27.29044957,32.22318105,35.72152531,54.05659044,62.71506606,66.37879999
2.627736571,24.94446536,36.98189248,37.85125479999999,39.79880973,41.17848339,46.71998992,51.77944516,58.22203891,59.77333943
25.40071771,113.0901184,199.2125572,276.7943204,331.29535539999995,384.2696852,423.5717036,510.4805184,588.6418301,640.4163546
37.50738891,77.68094493,121.2435565,134.0952683,134.8929021,138.63226519999998,138.7582446,138.7782217,138.9915619,141.0526406
6.304500667999999,22.21610289,37.29968581,42.79456761,50.4183235,55.27624791,62.30073093,81.57939242,96.20745157,100.9173033
9.106078122,15.13170397,16.82200331,20.9747223,37.53797786,74.28835593,96.58062849,106.59551609999998,110.3173346,118.4778097
105.8208546,112.28885859999998,114.4764335,117.3363056,119.4339175,119.6174327,119.6175009,119.7495903,120.1743638,121.7736729
1.031795318,2.26751929,4.390166651,7.852695617,10.48355049,11.2731722,13.17919857,15.78017662,17.20364848,19.11680296
48.63709065,65.63344419,89.59167561,104.2640072,114.2127608,124.8711915,178.077129,250.2594272,288.4629046,301.3901354
115.8359994,209.4333038,280.5004976,351.3150889,525.3274713999998,661.3975776000002,788.816992,851.5877383,954.501082,1040.19375
22.41599776,58.68654532,86.05566057,120.7076317,139.4930651,151.76020459999995,156.70507719999995,166.86877030000005,174.498415,177.82471850000005
10.76362334,18.17487747,29.12486421,44.27581995,58.03155793,100.1421454,125.7213074,138.78728700000002,144.00666040000004,152.68034690000005
61.63483163,175.6116949,294.6824037,334.2998646000001,360.6521252,380.2571846,407.3961543,451.4352239,512.3399755,575.3233561000002
3.604532789,9.465765225,13.86813128,17.55727833,20.85749486,27.06666246,37.8265748,45.05599324,50.54401928,56.82137494
19.88844154,23.593278100000006,24.39136992,24.77633482,30.58071111,36.23061378,52.5716404,93.27920167,142.41726459999995,149.21937219999995
22.30029957,30.40538633,43.55351519,69.67660061,90.34416404,99.48023356,110.1799774,125.6887895,144.83911909999995,162.3965524
0.17890665,0.183186508,0.668182608,0.687221935,0.687221935,0.687221935,0.687221935,0.687221935,0.687221935,0.687221935
3.0934716,8.60828016,23.79315956,33.10987126,34.86274357,45.38739223,55.83404343,74.79674303,113.3387178,123.3235074
5.135242486,18.98308001,48.6459876,53.09759083,68.51129054,122.6934796,141.8726571,159.1992489,163.554261,169.07896509999995
90.02569645,116.9958455,147.10443490000003,174.6082144,186.3210966,196.9600748,213.5864165,251.5854646,330.7044108,362.484203
0.0,0.0,0.28661728,0.29861816,0.29861816,0.298752229,0.301163882,0.301163882,0.301163882,0.304478481
79.25515541,86.57422845,103.3508177,109.7400521,110.3764709,115.4612709,118.5094749,125.2191452,128.64656770000002,134.8981915
42.148292700000006,63.70383440000001,94.56463942,122.6260273,129.5348411,132.5966238,134.1280103,135.2344507,148.4272366,154.15356880000004
188.1731171,236.8858154,281.78168910000005,295.4258618,299.609723,369.1006134,414.7264748,433.1215633000001,442.777489,450.2414207
95.71892464,211.731011,249.4275383,301.18521739999994,312.77772539999995,315.7666138,321.136426,341.6594568,362.2134023,375.8916297
54.40906928,120.1787869,236.8272391,340.6751424,429.6015448,496.3987885,512.320467,520.7821541999998,540.0341682,561.4379769999998
0.79214576,1.4448855930000002,3.003730361,6.865043518999999,7.857467401,9.850693001,12.18722448,13.70690194,16.68239264,22.74571115
121.6798699,152.79912040000005,186.7516899,199.8001341,218.400504,240.2506479,280.8770925,315.5882984,325.8130318,329.4554793
17.56071318,30.2021131,37.76687514,45.45054194,60.20165674,65.59722372,69.46570489,81.46731932,106.475381,121.1968709
92.98128806,121.6217041,138.5664486,151.6504795,160.2630477,166.1027235,173.0194844,180.04130569999995,183.8471354,192.4174061
0.140643914,0.826633962,4.17812879,33.63896046,56.68203279,64.44036931,72.42911005,75.42637377,75.98528763,80.27760554
11.50869506,30.99846817,54.36265847,81.35555207,106.1722005,126.703834,136.25411469999997,145.2745709,157.5794015,168.9786014
0.122576624,0.138432209,0.155056153,0.177093286,1.349688811,4.701040098,8.50306623,15.42704899,20.21301411,26.65001388
57.0966321,133.6330417,190.2202067,276.8855809,330.8929072,420.4780378,461.9839283,500.5955158,512.7826761,523.6493965
101.8798015,166.1577141,244.56694790000003,302.1603064,379.3245706,532.8344254,717.866833,842.38891,908.3191362,983.4861013
13.49784871,16.29339571,21.13752216,22.78422165,24.64338844,27.49338459,34.03325906,36.43798319,37.58883155,37.91159994
2.692218187,7.388357869,20.15467185,30.02242227,68.85333382,98.61356155,117.6715645,122.8858925,130.9752774,142.77594019999995
14.80695841,41.33672762,60.20878524,77.93614874,89.47150959999998,94.66792342,99.71929733,106.20551770000002,116.0837574,141.5152734
79.95602543,138.6571282,162.3741104,172.5803257,193.5543128,205.55660680000005,211.8118591,215.1619978,216.5509835,220.4880365
3.079883258,11.03235053,17.57480801,36.89240771,51.35831141,67.07389522,95.88529313,96.92468366,98.4071537,99.5960093
10.66760872,17.16572526,32.90261544,37.26701381,45.92148613,54.89072443,61.96067108,62.70083238,62.74671682,62.85420881
25.30859686,32.28351889,35.72179595,37.81216783,39.40976313,40.83218949,41.97315197,42.95407585,43.99142402,45.69898882
186.1139904,296.4677565,373.8670824,423.1405414,450.1159015,528.8586427,605.8685181,666.1800401,792.2808008999998,917.0742699
9.51011935,12.76466255,14.14477048,18.10560486,19.64397348,21.82216821,27.40259564,28.08970727,29.18064369,29.22985189
5.761750257,12.77024134,20.56817653,40.78397087,65.00998512,74.69227587,79.31624524,93.78643574,109.1099248,115.566158
0.0,0.0,0.0,0.0,0.0,0.0,0.0,0.0,0.0,0.0
7.382987521,14.32770284,16.14831725,20.27440565,37.78588415,57.96106957,58.46117448,58.4940751,58.97902420000001,59.19365067
50.20162783,82.74152017,108.1946592,154.2822333,240.1604892,374.7376685,434.606654,470.5662452,494.8772675,510.4297463
92.41954129,143.1469637,197.480932,232.038897,237.0201005,247.9402931,263.8721677,268.2177689,272.6505233,284.9298163
2.072011596,2.385665045,3.398686756,6.604489187,10.6364422,14.52710517,15.25465779,18.2000605,24.32441516,30.48352896
44.36262311,53.24030405,54.92278103,59.42803032,80.18344509999999,103.4415719,111.3252598,116.3375075,119.4615829,120.8342502
2.2141379,7.084551908,18.00074375,38.78078973,52.09676935,55.28763170000001,55.55338684,55.83388996,56.06353375,61.65406808
22.91744131,29.55130032,30.37460526,34.99958612,56.90898838,85.07857966,86.59970799,90.18774166,101.0750975,110.8746927
13.33898574,25.25295216,27.27742653,32.87829071,39.98197944,45.40205055,50.3493516,54.17077832,59.27403351,65.44124908
28.73027145,77.60649242,111.1796917,133.8232672,141.9089218,153.02537880000003,159.03788269999995,163.21975680000003,166.2754059,177.2291821
3.567108962,4.0600761610000005,4.636252504,5.1305677,8.461493356,98.30140933,118.0237905,120.3924851,122.5381616,123.86454340000002
36.29500022,40.40806788,50.38707409,56.91934889,60.21502668,69.66705201,79.80288064,90.43557479,95.96907526,104.0151431
40.63350314,66.32994871,98.89864129,149.0146681,189.270922,206.0659627,225.0250256,263.0414647,335.4085608,371.4339497
35.31800386,71.93739386,99.11180439,111.651239,112.4529433,119.568666,134.0409598,136.83994980000003,141.31930269999995,142.7889047
125.2500721,252.6337514,359.8962341,453.0030586,517.6370396000002,536.1844211,548.8720383,587.6252459,609.5734754,630.4885919
42.6289818,93.9332516,104.658091,113.578547,118.6063129,125.3678975,138.4603197,161.6008905,183.8438327,199.5180767
128.90963,186.651046,281.928204,340.1723987,416.3822453,519.86896,579.305252,647.9779867000002,681.0513537,687.6820397999999
0.000148027,0.000519425,0.001204053,0.010617552,0.033916109,0.037566849,0.043444611,0.047470767,0.055777175,0.074349449
3.760791128,12.55591929,32.437088,62.12297917,117.0432108,180.5658783,194.599915,209.3442335,224.5617131,229.561188
14.20969521,33.45246629,47.76489524,55.04773499,58.72111169,63.33526748,64.71324683,65.47246937,66.61125527,69.01690499
56.03549777,82.72302043,105.38124609999998,117.3411186,133.5282888,139.0159431,143.3486565,152.9316678,156.3124659,167.35061140000005
10.38731765,36.04626557,52.54544063,59.11715934,83.08330113,143.3473688,167.9189614,178.5222541,190.8465152,207.4007156
74.89742843,102.119851,107.671415,108.1196547,108.4064994,114.2955007,122.8024376,141.61303600000005,183.0857059,193.2216471
49.59333804,95.66510755,150.3614674,207.4420213,238.8718105,264.1270335,297.2926485,328.2538964,351.5704828000001,411.1592694
25.56132823,51.54942169,59.51645975,73.02938554,87.85259247,106.34650259999998,117.8655992,123.0974887,127.03562,129.7504604
90.32409525,147.6001092,235.70398050000003,317.531117,327.5169266000001,352.80328639999993,382.7850881,388.7414774,415.7563701,418.0633568
1.605636674,2.565200929,5.385652692000001,8.972157431,10.03086028,15.06272641,23.86267395,35.97610995,46.86242471,50.86547249
11.09166631,12.3231254,13.41887755,19.00919533,19.85760235,19.97329253,20.04205494,20.1304766,20.14124142,21.73116134
23.28284154,70.08952527,87.43624838,102.6795568,115.8733834,154.5507505,210.2487334,229.869623,261.2824794,290.7820165
126.9704545,205.4795753,264.0447878,310.3698739,355.8002499,476.6491204,597.3248941,701.3829329,729.0320149,738.090994
12.63470093,30.48933718,37.58321715,44.2412078,49.1117739,54.20537084,58.01860299,59.8641086,60.75246689,62.69078002
35.66139231,101.0468653,123.8236529,147.8332817,189.4654133,201.55972240000003,250.0715265,262.4006909,262.5333021,262.55668430000003
3.985678464,4.935746305,5.835868233999999,8.202202776,10.36915438,15.56862059,31.52893133,39.91531461,47.95035078,54.17299095
10.17985136,16.17531369,18.77691467,24.83221951,40.53261646,81.98652045,195.3561654,225.2326067,243.39055730000004,291.8082186000001
47.36673708,64.68587917,80.43225738,103.8903001,149.1824795,186.9642088,198.9434619,202.1554212,205.3932022,242.7239375
2.125279732,25.01978942,49.24592562,49.93491453,50.23148353,50.425252,50.53110455,50.71749876,50.81148902,51.06680986
17.48535665,29.87139007,30.94070824,35.01882497,35.34554596,35.64023579999999,39.56911829,42.29926517,43.0714508,43.76600388
105.413935,121.510191,168.8649337,184.307943,187.5684595,192.3175384,201.7893842,210.7227799,232.7359655,244.5776455
22.85875364,41.7198581,56.01662495,62.92455138,68.57343258,73.58798591,76.10307638,79.63174572,84.47448926,92.7270734
25.12901538,63.61125282,96.50053936,150.7395811,238.7828235,264.7287564,281.30126260000003,284.7718787,285.7425633,286.6008017
9.637941957,16.23482955,34.44936115,47.970948,54.73636185,58.2597426,59.86799485,61.48495214,63.30092913,65.65795414
26.62351753,51.42634609,81.87263416,111.3135362,120.2436687,123.9007757,124.1674546,124.3869107,124.593008,124.6122537
1.850937071,2.18151255,2.354087482,6.160729964,8.005008297,14.40156506,15.95675573,17.47420271,19.82683699,23.90489094
12.34226088,25.40699025,26.31218396,26.8911297,27.08981377,27.11711319,27.11816389,32.06366129,34.30366681,34.30366681
9.704806004,23.56621618,34.38143979,35.68142234,35.74339876,35.76318309,35.88692152,36.02081685,36.04346997,36.06194089
55.05172706,112.2053906,147.3577478,179.86959119999997,204.86536930000003,231.393696,237.7767446,246.7351827,254.5396041,277.3678009
325.7096195,387.6479182,387.648152,387.648152,387.7563758,388.0434745,388.1482666,388.2227046,388.8506848,390.41867
10.02317067,17.04822008,33.82652508,133.9178783,192.5991537,240.1166811,273.23959080000003,283.6740961,286.7644541,292.8032144
37.88239451,48.35569824,50.95677564,55.5807473,72.96292399,99.50371677,107.8552181,115.7141246,119.5437587,121.0559902
68.04802912,102.4785564,124.9072046,130.8122507,135.40807859999998,142.9927218,159.0687206,168.34065259999997,170.1737955,178.40705
43.9468333,52.26284354,57.23479343,67.38545724,91.19622755,126.7158483,134.9301247,165.4404355,227.0859935,243.9669531
26.757419,53.17256729,81.66880271,94.14894036,118.43732479999998,122.6702431,127.4542751,128.4040977,137.81903490000002,182.8083938
73.56916015,111.0994535,134.42655349999998,148.4176066,160.34555659999995,169.9888408,173.812415,174.6472084,175.3460293,175.65314019999997
74.53010991,108.7000719,131.0119892,155.0966371,164.0559461,166.5636286,169.16652290000005,182.1793767,199.3688579,214.1212755
7.102890757000001,11.71983807,16.01745024,16.76881815,50.71988501,64.54128657,71.68261145,84.09748774,84.2855382,84.78820055
40.3067799,90.68867304,120.7711118,151.16569980000003,181.0861023,228.9347306,243.0601111,254.0607105,261.9025634,271.9612312
7.9540139289999985,9.9943448,26.3172808,54.71779966,56.94750377,58.41547195,68.48575088,77.56614225,82.02767386,85.42390653
93.68591492,129.7122541,145.60645490000005,150.4847386,151.7843444,158.19276010000004,161.3403006,172.2567542,185.3101124,204.589968
44.29272692,66.1773939,81.81718104,96.40975104,122.5092106,152.3998214,197.8369903,227.6442457,232.09115380000003,238.5702659
7.278313915,26.66881453,35.97536312,43.09125719,56.74879951,71.78638546,90.49408688,96.79858754,112.7101898,127.7937727
38.83484084,69.45071196,78.92661821,82.73075389,90.30790925,94.66223244,95.32398048,95.75190145,97.11449754,105.9295389
35.29081744,65.80530279,104.5468874,147.40850659999995,171.28539990000004,187.700042,210.0244807,229.3390694,244.34903480000003,285.7311397
3.900576429,6.70854137,9.499485553,13.12588601,17.45398853,24.40288316,43.82352737,53.24550528,65.14548638,75.73710078
30.79813829,44.77558629,61.88382871,76.16790443,96.54905464,115.52340359999998,125.857043,128.0954363,135.2033822,137.208023
69.50235096,92.42204253,101.8167343,107.9851596,113.0481897,133.273663,154.13658600000005,168.65334819999995,179.69117930000004,200.6877202
5.694327145,12.69229043,20.81961767,28.52692718,43.16839395,62.0560414,69.98158359,74.84634057,97.43945229,111.9262591
73.12293566,200.1380798,309.2618345,382.2585737,414.756796,435.58582469999993,441.2259847,452.9508411000001,458.0455572,462.57183110000005
63.42609557,108.4668486,143.8567187,162.7449061,166.7814216,167.7053903,172.751446,173.95388290000002,174.3962059,175.3963053
104.058841,200.9872701,272.0858137,360.26859039999994,475.6482427,615.3703237000002,735.2804752999998,808.5115298999998,865.1729417000001,921.6014943
0.010642032,0.073317438,0.243477672,0.593049621,0.808142285,0.947529652,1.125173122,2.056945289,4.441715841000001,6.026333318
188.3681667,333.185075,337.0316003,341.9746431000001,362.6151174,371.9920489,391.3825933,393.3736272,395.3205212,396.2248291
34.61094346,40.35172487,40.40496035,40.530019,40.86503031,43.74405447,46.34124643,46.67571526,46.85234654,51.76833628
0.062935465,0.143455077,0.1518019119999999,0.158206791,0.163611637,0.163678455,0.163678455,0.163678455,0.163678455,0.163844398
14.11968627,20.23731156,20.25284788,20.30520837,24.32891457,28.13120491,33.86041943,35.41370072,42.11625837,70.80641946
5.978986352000001,13.42446012,27.08373443,32.20418142,36.13101175,36.94383744,37.79569496,40.1608099,41.00213316,41.74708555
12.89561812,57.43711783,89.39326991,105.41038629999998,126.139315,143.34038769999995,160.0402777,189.600165,263.3779061,279.4409236
14.56321256,36.01269134,46.87395795,63.08054183,68.67403393,69.60943582,71.23628627,74.98601258,80.66934108,102.7220135
35.43106571,38.93188862,40.09400576,42.22894935,64.21090144,74.36443249,76.02161048,83.93501962,108.9882633,109.2868578
129.7982667,231.53262,323.4589763,402.6310817,422.885333,445.949317,473.3415283,492.2696497,499.3145086,515.4686232
114.9407747,162.0877333,187.078142,241.5238413,256.06797630000005,273.0196362,279.8888733,321.68118030000005,353.8943423,359.4467405
83.57818333,106.795468,126.1138883,145.44133100000005,160.2573957,168.5188638,184.1539318,189.8593418,200.7328768,216.3040858
7.6009336639999985,14.11779228,33.41149335,57.91524286,73.25453607,79.20925007,81.22883932,83.66794498,85.43902835,90.08892407
2.77250747,12.21509829,23.62527044,38.66896119,51.36896528,60.45361084,63.83468238,66.74331893,68.50080904,69.78135996
13.21660438,16.34913803,16.4238408,16.71946931,17.07702572,17.7402674,17.93026735,18.02779108,18.13951761,19.10126425
11.69080532,14.942744,19.81597279,23.56694577,29.70005696,38.3991228,55.06991865,57.76611649,62.83003846,63.4383157
9.207273962,29.07127032,81.91940905,108.6029184,119.3786775,143.1426977,153.666623,160.4700107,194.3865179,252.3088288
83.53931112,137.7646665,161.4450721,187.3318956,228.2575785,262.8465949,309.229826,404.7489621,450.4741459,551.8820678
50.8321322,92.2756578,127.8167184,145.020121,161.7335014,226.1186282,231.587615,232.6867203,234.9800884,236.7676856
36.41796972,95.82185778,130.9799971,178.857438,210.5587001,270.6776402,328.0130401,353.4622229,378.1561784,406.0518976
18.09873306,30.08415398,38.91876344,44.25538836,52.31755953,60.66764013,66.32535256,80.83187812,89.0944282,106.6712475
37.95763332,57.61379595,80.39196240000003,129.7666772,192.5442301,230.0765547,264.0581437,289.3140640000001,311.2401228,316.2760552
41.306204,76.425886,95.1537825,116.0412248,162.7792785,176.3939499,178.8736925,179.06466919999997,185.6880549,188.4470626
11.94797794,28.31303499,28.94462491,30.83617448,32.68581654,38.90789148,41.39785572,53.39215181,56.83892416,57.22871791
30.71913,58.354171,75.83101436,77.70259983,78.62057109999998,79.06335547,81.30208602,83.38519034,89.72357797,103.2971214
5.3635927510000005,8.339479807,37.71190329,42.21972785,46.71106773,57.76855737,69.78025235,73.87851961,75.76642908,76.98827182
6.701913922999999,20.86662156,33.71725256,36.33537267,41.98547355,52.99591206,60.00495785,65.47015379999999,67.63307161,68.55875538
11.42924938,30.55136825,40.63531834,61.27469516,87.88812272,112.3697163,115.45707,115.8633013,117.0125935,120.4191008
41.826457,76.519205,111.840343,149.408353,169.9406722,206.3964537,231.153387,242.4863958,248.8494523,255.8629494
28.4838354,64.82396516,74.62045399,81.09643879,90.65529753,93.18443117,108.3453412,134.3706458,150.2080897,178.45514740000004
1.692265383,2.49819237,4.686517523,5.798698785,8.840542977,24.47915264,80.59908206,122.8717562,141.7816488,168.4735028
22.98469105,32.78004323,39.43191224,41.04841682,48.0901968,61.11143303,87.62273151,108.9951209,150.90904,205.6405153
70.27635233,159.3501757,251.4152123,288.2962593000001,363.2095157,436.414072,481.007288,486.8888079,491.28683150000006,493.5628626
2.436172942,5.324561479,9.271340592,13.646202,17.62229054,23.09717127,25.86367336,32.24487477,38.69187991,46.05513555
10.21500516,77.56105864,81.47920307,81.55471297,82.26958548,84.04964159,87.01131672,104.6307268,119.3114628,122.9485561
10.76825052,19.54480518,28.24376858,33.99723551,39.77650789,59.55000541,76.52256532,102.9600179,135.67549259999998,155.4191628
120.4614543,195.047658,228.7010228,238.5491817,245.62317940000003,253.890184,257.936772,261.8819816,264.575679,272.5739972
47.99761761,87.5080925,112.2725772,139.6889848,167.6796945,219.9053851,239.9938576,262.8333448,267.7154038,280.6248747
2.573449837,3.504949844,4.41603844,8.297079983,11.40773252,13.66810034,15.28028467,22.54602347,35.96662844,40.55947314
135.6600964,213.8598159,337.9634096000001,409.0089184,436.6616009,445.4697194,448.8844177,466.0744827,475.4505823,496.6884564
19.96951879,46.21564541,73.26032550000002,85.23414,90.82358229,96.89491088,98.16949209,103.4990223,105.2712177,108.5345877
68.29466071,170.74611069999995,265.941531,293.4147784,308.9927054,340.2260964,361.9043968,377.3816297,434.125934,467.1668148
18.24635257,36.71886457,47.01922323,50.666217,56.79319029999999,82.42458673,173.9905787,201.7007457,230.63092290000003,247.4300724
153.7404795,259.30705090000004,395.5563072,519.5829265,657.0549702000002,894.4719202,1082.889377,1226.260583,1400.828764,1476.46356
113.82562079999998,261.3627708,373.0955442,495.4798483,597.8107675,652.6500132,674.4703908,693.8244227000001,707.2504977000001,722.9921462
4.843497377,35.18575571,37.56610213,39.24049522,39.46663564,39.70454967,40.56280372,52.28204836,56.92777214,56.94156351
12.983216,18.2796684,33.04260897,51.29599997,73.67448426,76.95728844,93.54618816,108.8687774,132.8870594,139.58068740000002
0.0,0.0,0.0,0.0,0.0,0.053066338,0.251048559,0.315668705,0.365064385,0.368954914
24.16753054,37.00131577,45.58213687,58.28251298,75.85013791,96.39392419,126.2933771,160.6237483,176.5307004,218.26492030000003
56.62733286,91.5097327,98.3342182,103.7020558,122.8763291,310.7574123,442.7026725,469.7960256,483.9603954,492.7842057
124.319695,220.595212,300.1551567,403.3013533,462.9692353,592.205652,633.6842552999998,657.7724440000002,685.7056123,719.8509613
34.63541209,50.40101939,62.62835783,71.8237294,72.68996228,78.11242669,84.49990313,97.62052487,111.13725420000002,144.4259512
45.68825181,94.12770542,121.4103625,140.5101511,186.8717377,187.3718339,188.4334387,189.5086062,222.2792436,237.9787545
106.327442,162.1416331,251.2915867,292.7549458000001,317.9652609,340.5011043,382.1780322,413.5337893,428.1768109,446.5125155
23.73769043,28.28640863,30.7563739,37.74063443,42.98636944,43.65796347,44.89330002,46.48892327,48.04620451,49.52657829
94.807321,103.567938,126.3666901,137.12590880000002,142.2528771,147.6562034,149.94828940000005,151.3928945,181.1879453,197.9600281
67.76951237,90.86601294,98.98510688,124.2200256,155.1831444,163.4584782,171.3221224,176.8994163,180.1272185,189.0684596
16.99831973,23.83828452,28.51461121,28.96041,38.21222528,45.95155233,57.24045816,75.23737323,81.2893122,101.5393292
41.61507093,67.67979959,67.99749408,68.27713644,80.23865854,82.67864478,86.56822709,99.79813931,106.6611164,112.8100032
76.27122543,92.1879463,92.57952604,92.63006189,92.70694763,92.75670637,93.07352429,93.34736077,93.93493097,94.1010002
18.23056586,25.92200043,30.68193897,34.53269481,37.1905542,48.2501886,53.02363637,55.6942965,83.18245005,106.3959811
42.86128643,93.36641343,99.47826529,105.4200133,111.7054726,151.7717722,159.6966973,160.2547486,160.8176179,168.6536081
84.90326563,142.7286381,185.4255556,209.2576176,220.9608907,239.5897543,255.0702103,267.84170040000004,279.5823264,297.0800414
7.080678933,34.96319506,94.60066636,115.9343392,120.7237548,123.4529246,130.6993096,131.77342679999998,142.106683,158.9071449
41.13989628,62.2990154,62.56593703,62.58717469,62.97864669,64.95626809,66.08159282,66.16408469,66.1642647,66.17949213
59.32580894,68.90034311,72.04725685,75.65781756,92.0844124,126.2115601,192.5276978,226.5169083,266.6517334,287.7881396
7.909791257,10.4034956,13.31686579,15.04432123,16.91573821,23.6812357,40.19345773,61.20985773,72.94165972,89.033371
9.960914088,14.42686378,24.37998165,57.61661073,86.24190524,107.73530490000002,171.9098628,252.4678045,283.6119486,303.9132817
61.22154547,68.44642039,76.58404966,79.00262467,80.36675976,80.93165124,81.11154567,81.67755084,85.26222342,87.92252487
0.036706117,0.0749210209999999,0.113022845,0.15458745,0.209053448,1.154626616,2.922610433,3.657739923,3.846829427,3.877917816
17.33340158,29.09410432,43.9647561,47.74796484,48.76766718,49.89098314,52.57703575,55.62936801,61.14127577,74.44233352
0.208602766,0.581303322,1.514220417,3.58226487,3.965244711,4.1094515760000005,4.4238211960000005,6.214977714,8.643598317999999,23.84318347
5.075454216,9.554848239,17.50040298,21.97835419,22.64475503,23.01874967,24.15780293,26.06975698,30.04833127,38.70755832
33.16173273,88.63332892,118.9005292,125.7917685,130.7461095,135.9033801,141.72579299999995,145.6574328,153.2228371,162.6285678
10.25990875,10.31085609,10.32767686,10.32852837,10.32966401,10.33223015,10.51083471,10.53625215,10.57378197,10.57981509
5.341146792,11.39353083,13.42693691,16.25279513,24.4815492,36.09423973,58.42647935,62.69989417,63.55495512,76.58808868
42.40442967,103.8084808,117.39259640000002,124.4689803,150.3628466,178.64430149999995,183.8493567,187.8812522,220.7790249,225.4113116
31.58857061,34.75951746,42.61979673,89.81654205,126.1027641,129.1223771,129.5415363,130.19126029999998,130.3879956,132.0581147
9.527733558,19.20438399,21.63703435,21.98691848,22.46728474,22.73809512,23.70263559,24.97740002,25.82803692,26.63708275
3.479184914,4.529686457,5.732752189,6.198399751,6.584560661,6.96944995,8.703683036000001,15.39336287,21.57595673,25.30539864
5.908414819,17.73493449,57.39926705,123.7778328,136.82175859999998,149.1784241,155.8084524,157.83041269999995,159.54482869999995,178.6663225
13.25609172,31.86003516,42.31393556,52.7273221,67.16205126,94.43100787,120.4079461,167.6285343,196.5909032,204.7513579
101.2325983,161.7789201,210.9800475,234.7470454,240.6626476,247.1356074,250.06004480000004,250.4432557,251.3695204,253.75486150000003
2.05128893,15.65836312,27.90199267,46.46465204,52.73861363,64.46550043,83.00973749,93.39607161,100.0411878,103.5427423
4.942627421,10.72163426,15.73445011,21.90086614,31.84886559,37.97520484,43.83327096,47.36914045,49.09713019,51.6896379
12.95128966,25.61183124,43.68489986,54.42199206,62.0641812,71.95889103,78.61001721,90.37865036,105.899572,114.5834356
8.128349835,17.9954951,24.07495161,51.57112313,82.28446634,99.92333874,117.8322095,137.3309765,151.2299726,160.3812158
7.926083134,26.40663646,42.82865354,50.44539719,53.14706593,55.03040755,57.83626326,62.35887621,65.01932623,67.6282534
125.4667633,222.2592883,305.4783613,428.6455813,550.415608,672.2201427,788.6406247,840.6209613,884.1974347000001,916.6821333
42.18974819,87.15474996,120.3236055,142.0480926,157.9924615,166.6764694,173.16204380000005,179.89135280000005,192.3911614,203.41335780000003
59.52483267,131.1592702,232.0272502,256.8123312,277.52818,389.4566123,474.7092232,492.70546730000007,510.6252392,524.9234161999998
15.72583409,51.25649,53.04284853,56.69814272,62.75671158,65.77907429,74.10109055,87.85720084,104.6507191,128.4572514
63.11987155,110.5584347,186.4281364,218.7080353,236.5810646,263.7725746,278.0846594,288.9707231,294.4102607,324.5416376
19.74367012,26.91511583,41.94292942,63.85514484,73.89760179999998,85.56240226,106.2744044,147.47802439999995,166.93471540000004,208.7671132
54.97359631,82.66355038,99.99610515,116.7690764,131.169995,137.8873873,141.20006830000003,145.7945106,158.0820157,161.9910834
21.80816305,44.86752883,55.75730035,62.02210984,73.78722414,90.53756446,105.1609366,116.1788414,136.2525897,148.21020969999995
25.35739421,70.63713078,85.16719982,85.45189278,88.41129528,90.25860432,93.62240552,96.90052277,99.06991494,100.2047337
16.704669199999998,38.14340906,58.70515344,73.9504172,84.98665981,88.87318325,113.7703063,134.1972717,143.21519909999995,149.0527504
22.39305825,54.26794005,76.77632728,100.0993989,107.10190690000002,138.5149686,143.8424757,145.3087135,154.8824946,195.6899167
88.83717667,117.1928907,162.29186299999995,192.2744253,241.442472,278.9878637,310.9626777,349.2511493,404.1293067,430.57523
26.92412286,51.59195559,59.72060056,71.29730635,91.96481023,108.3170235,130.7228256,162.5722148,174.0122045,183.4983638
32.64134524,81.52940215,139.9909513,177.1063227,204.088408,231.6400556,256.15805040000004,269.6978392,285.855606,290.3396265
3.418777332,10.25541734,11.75452659,13.26600061,13.85489338,23.64133938,29.01141895,37.02037713,44.07313364,58.81625276
154.1496272,198.9155285,199.3989148,199.3989148,199.3989148,199.3989148,199.4012775,199.4012775,199.4012775,199.4012775
59.85118323,64.75221284,76.94317983,89.0722761,98.40286256,104.3924491,115.3647936,123.5042338,128.81240590000002,139.13517030000003
49.06412809,83.30994633,97.85204123,109.8627879,112.4591683,121.3913921,126.057786,127.394212,127.7086541,128.5690533
4.422600806,7.819728741,14.29331073,19.79436222,22.2786671,29.57516122,40.75609037,53.24721794,57.70713915,67.48018176
0.0,0.0,0.0,0.0,0.0,0.0,0.0,0.0,0.0,0.0
56.84375108,104.0893059,130.1533471,141.5421913,174.0430122,214.21553280000003,254.0414172,276.6262514,278.4787199,285.1713818
19.493142,42.97544781,97.92693345,118.3145188,121.9198155,123.0531682,123.0630156,123.2971988,123.6152465,127.0459062
67.34902235,145.5470638,181.6760061,208.4758925,229.5614117,257.4784751,298.3664009,357.46599260000005,426.5360345,507.8346685
32.00094012,60.72661777,106.4253412,139.7550888,156.6423435,172.50890080000005,194.1482958,221.41381580000004,258.3177997,273.0969283
73.26106149,116.3518432,126.5284757,136.1790338,145.2414785,149.22928190000005,151.8745847,154.2270756,159.8310994,173.25238149999996
91.47562983,223.9143897,239.2295563,241.9126096,251.9271181,269.0620874,286.4465072,303.70243710000005,328.67751789999994,347.6476315
31.90528143,51.16237229,68.26440071,79.08769586,95.05311957,109.7856864,132.5378682,147.5994453,150.3465411,162.7202481
47.6207244,74.71900795,114.2169447,132.2317581,149.9458334,168.8998371,175.4739521,182.4667728,189.092524,192.5690327
41.79371675,59.08781219,75.21825869,96.57015994,162.1036987,195.4211811,218.3632018,242.0435121,259.8913273,298.159395
52.79988367,74.048412,92.34968817,105.415809,115.9811677,265.323011,343.7906526999999,409.7136488,444.0635927,492.2344597
1.249674639,1.710509745,6.143314892,11.22998355,19.05068051,32.61939051,38.89144417,47.42228803,63.43427628,88.13279653
35.455075,79.28441099999998,89.62123299999998,90.97655693,99.5091283,111.8181111,149.5526131,199.8787108,211.8214373,225.5601262
21.21331211,51.40057046,77.12735347,93.91418821,101.0547649,128.41972109999998,217.5166684,242.18543230000003,244.9446936,254.6439667
15.75687297,24.07399789,27.52946345,30.16607425,30.45845555,30.45845555,30.547014,31.28894234,32.49761365,38.54161481
5.01293207,7.752910578,10.55870313,11.98174434,20.76001862,43.63357253,85.36011235,111.0831806,114.3666522,117.6052732
2.030882823,3.455515559,5.062252909,7.283418753999999,9.344370474,12.67892302,20.51155624,25.9285136,30.23368965,33.08842215
54.54065271,81.13939599999998,90.21420293,96.67934994,105.3114438,120.95045079999998,133.5790166,148.3085843,156.0852439,159.8782031
10.99993666,15.39509989,15.82713562,17.17217003,18.78235494,20.72403326,23.87663368,27.72992576,30.11353436,33.37732106
5.940736342999999,7.035406442999999,13.65146761,30.86072419,67.05079876,86.50343919,86.9719161,96.59589476,203.9102139,271.97169560000003
68.375967,112.5371258,119.4493681,122.3748695,123.4981555,123.9157107,134.4575245,145.2258561,177.673629,263.68681580000003
65.70422627,107.1233908,136.370192,190.5952732,274.10290519999995,293.494379,320.0527425,385.2721848000001,434.6095203,446.5768244
44.13289719,61.29540463,67.06822441,68.07459612,68.71934779,69.43746172,70.04431309,70.4156223,71.1551719,71.39946922
101.0676855,154.88569630000003,215.8973203,339.1695498,432.4957329,471.99099,487.075682,512.4257951000002,555.2359211,606.977731
19.57441801,67.89068475,122.5827549,149.2770601,149.3370949,149.337903,149.3472539,150.1397499,150.1991763,150.2179719
22.45391313,55.74284238,135.0184198,217.4091136,240.7012126,251.4025927,262.8890314,289.1934346000001,354.4980382,389.2046722
1.454419534,17.94285559,19.29989229,22.31663565,25.89798841,26.59025791,26.72994005,26.91316669,27.1045992,31.04703317
1.3577725,1.6083458169999998,1.922056393,2.459699481,2.852444834,4.195887582,6.01534279,7.083595871,8.739186622,12.09696298
46.23143463,55.5377686,65.85590658,77.30289658,89.95693582,123.6369498,143.9742169,170.1147444,178.24122780000005,187.1055334
10.46415468,17.4932497,18.73407172,22.88761892,28.68490417,37.93209312,53.4645757,59.20263225,60.55774482,62.24311709
85.84999622,118.5165759,122.7511946,128.5117213,130.1068419,136.8172917,159.2929825,189.7987845,211.6758483,216.8481242
0.1455084519999999,0.992489005,4.49043441,11.30455935,19.01993913,23.67746282,34.42420611,43.52841844,51.78387686,60.26793589999999
87.35288184,161.3191041,178.2688385,180.73940990000003,182.8024364,204.8860314,226.9181194,233.6456776,240.3363483,256.4629669
29.02318727,64.04293997,73.44710943,82.49367831,88.18574273,104.546724,129.5657841,149.14258930000005,166.3362343,209.5231289
4.294092536,9.522092919,13.57239533,15.63854645,16.70756575,17.69448684,18.50459188,19.00217729,20.14321904,22.83151306
4.97459875,12.31049341,22.2714075,26.73735719,36.69047506,69.92710414,98.55239864,120.04579840000002,184.2203562,264.77829790000004
15.01204234,27.62659694,40.24270477,57.02616123,68.33912277,79.48922318,88.48265892,92.76523702,110.7829545,129.3898171
28.42489238,63.97283674,95.87036172,105.85565990000002,114.7366423,139.6451764,182.8629243,217.6665928,244.1533478,250.0934174
8.178419203999999,25.96533375,57.82130059,96.45720717,141.4614569,162.63182700000004,174.1118385,179.9888105,186.6885825,194.7227846
29.47131238,75.778141,128.1808506,194.1557574,266.6130484,322.7328538000001,341.7105994,346.8471015,363.3995807,377.63669080000005
1.557676371,11.97802144,20.03352865,20.20717611,21.24187219,21.58227076,23.75925817,38.91756204,61.6470552,84.65837251
24.85359475,39.32882946,48.47892208,60.70274125,76.99820667,97.91235958,113.8995338,119.9657293,124.7930967,132.894912
111.8770639,222.4497238,288.5464389,365.8604309,450.7636965,508.58906900000005,551.2859865,575.1180485,586.8213216,605.4501852000002
11.27398931,33.53390487,109.159055,157.8609249,198.772242,243.9506477,253.1212953,257.2270527,260.1520511,260.3349927
0.0,0.008735731,0.017471462,0.017471462,0.025544175,0.027993048,0.051295842,0.066529094,0.066529094,0.066529094
103.7898492,202.3527396,284.9634966,335.1295768,356.4839565,373.192686,390.7874184,404.9621918,416.8342384,437.499786
1.204205588,2.828011643,5.776455649,15.53172247,21.15294463,21.19125283,24.1581492,41.6204364,55.88417149,57.25259163
0.382979841,0.5271867060000001,0.841556326,2.6327128440000003,5.061333448,20.2609186,23.07500498,25.70867276,27.07288666,35.15413529999999
120.7810031,280.4012069,393.2420894,417.55581960000006,427.7777198,429.5962152,431.1752143,436.278835,447.4285843,457.12669000000005
1.070307916,5.39020556,13.91313565,18.94770488,26.67410663,33.71029712,34.92188724,34.94149565,34.97539075,35.00118486
60.68709642,112.95559679999998,123.8205832,127.1953083,136.79110409999998,150.4751645,157.19230969999995,169.0280824,181.0762267,183.3006849
48.87383332,91.49463771,98.37531369,99.74969136,103.3040792,123.273598,149.51972460000005,176.56440469999995,188.5382192,194.1276615
80.53225238,217.3397661,335.0036512000001,478.5603244,613.6820326000002,685.0560328,740.2335472999998,782.9580794999998,828.3922079,851.8673367
60.54502817,88.30802959,116.7383261,165.150033,227.1157791,256.5135372,268.2975373,271.8606671,277.0261158,288.1934558000001
76.81011433,150.823579,178.92459430000005,206.001601,236.4962267,271.2338753,326.78922,360.311104,375.0334063,398.1543033
171.962114,205.2549062,226.0556594,251.4031796,272.468046,281.684577,287.1293929,293.25655730000005,303.2019275,331.24431789999994
28.91307469,82.53197784,120.6004199,126.549276,128.1981512,129.9306213,131.2528333,147.6800303,164.2053982,186.7643357
23.51161931,44.90147072,89.28092265,124.6988857,134.4456438,136.23879119999998,139.7357221,146.96453,154.423762,162.9237825
79.64846117,162.9258045,213.6803235,241.3960273,273.7251522,295.2456945,309.3809958,323.3419255,334.39212339999995,366.6627627
40.147417,112.3780103,133.8941307,153.6149127,189.5463857,263.45217230000003,308.984825,353.5710397,414.176934,478.135646
17.90236173,49.88431946,75.34000403,104.9351034,129.06574070000002,142.7736049,148.0846594,182.7800316,205.8826361,221.5638912
25.49026213,50.15841536,75.91492407,101.3881509,113.6048344,128.80543070000002,133.82424790000002,140.3394289,143.70214850000005,145.9762911
65.82358171,147.6726304,239.7613836,346.82759560000005,421.16151,507.16636,599.2516506000002,668.127493,745.1833253,791.2066113
0.0,0.0,0.0,0.0,0.0,0.0,0.0,0.0,0.0,0.0
77.23358113,139.2668779,182.4569556,223.4820051,289.987548,412.72487,554.662485,668.0881645,729.3950288999998,782.8333084
28.02354263,71.7969355,149.6981677,258.543882,341.9070356000001,394.9031785,446.03474810000006,558.6200288,589.8695190000002,612.1053851
14.790738,19.05891797,36.02242004,61.37096776,72.13637697,107.49131409999998,158.1325441,217.23457,238.44693340000003,252.6641653
45.86179059,66.02632757,71.92182799,75.36462898,77.60140956,83.59470559,85.17188375,85.44957561,86.26069003,87.58887689
0.40891515,1.136061127,3.152325275,4.238128703,6.807429681,13.14247357,13.36813028,14.01547433,18.2186049,18.82560457
1.587649343,10.08626122,19.31509272,26.768024800000006,38.22603728,43.65676612,60.1809246,66.23965203,79.34684357,101.5823628
4.914480177,11.62449507,47.47623494,74.12531406,99.99405718,124.4993404,156.61750569999995,186.7616281,200.1707638,212.0425307
129.0411367,274.38532999999995,427.04611330000006,549.3919950000002,669.2633517,795.7804282999998,907.014915,1007.951282,1070.922816,1139.994207
1.572681253,17.540559,33.03803055,69.20619405,73.92289105,74.60541828,76.38000498,78.10322554,109.9134437,126.8906361
44.82234964,53.02345077,68.620286,77.90965574,95.48287592,114.3635752,132.71503810000002,139.2376749,143.429614,151.9084363
41.92136918,108.6212382,149.4627055,158.7628667,164.3016137,170.3663461,177.2059739,182.6638577,191.98377230000003,203.8262982
15.87478768,20.18571635,20.63946739,21.17254675,21.21903302,21.86873526,21.94621134,22.05997480000001,22.13559807,22.16744222
11.93508358,32.1564106,52.30913288,60.83053067,65.04634459,67.17421885,67.58063277,68.84884652,71.02520176,71.45038955
10.49437358,13.36897873,19.0853616,29.57455558,37.69083689,40.81030034,42.51870276,44.8088624,44.88872925,44.97264261
2.455261749,15.604324800000002,22.31970891,31.58021488,40.18776569,40.80387238,44.17810406,48.32040177,48.86666865,49.20451772
17.06453303,23.81617082,33.20316172,54.17182048,59.1805695,77.86667522,86.58378313,87.81063780000002,89.28592739,92.67366229
6.398387937000001,21.0427331,27.91573477,38.71002761,63.69661021,81.61069746,87.34055546,88.91037363,92.36917579,94.06370276
84.14809367,124.556127,201.9632573,230.1801213,247.4293877,266.80635930000005,293.3962037,310.969452,337.0096983,366.1510463
9.635815751,10.50535135,12.70487269,16.68527649,23.03495298,27.53329352,33.44585316,41.45898935,47.16238201,59.018104
0.230232338,3.856956901,31.96270654,68.25356286,105.145334,144.1594684,172.737419,177.6449144,192.2557386,209.81582090000003
21.66055817,91.67367435,126.141584,165.0202562,200.8969351,213.5302324,223.038381,226.60270240000003,233.1041349,275.65290130000005
48.28248183,88.094368,156.79848930000003,165.12831119999996,167.32720469999995,168.4747324,170.30298269999997,174.7428878,178.32201819999997,179.5486985
16.15121672,108.0508867,110.6165541,110.7264077,110.7279225,113.2288052,120.7383296,127.59932820000002,137.19990869999998,143.799151
36.82309965,62.62927677,69.06531867,73.71049285,76.49512757,90.23578294,95.33751598,113.3856619,148.4795808,154.8519572
97.48772,131.6346847,142.1763673,147.9579343,154.82911380000004,161.6461695,168.3220861,175.86007869999997,184.6071476,188.8382189
0.0,0.0,0.0,0.0,0.0,0.0,0.0,0.0,0.0,0.0
59.93931438,158.4947832,224.5037128,276.5823312,298.4292287,311.8604055,350.2858679,389.4297239,422.0102958000001,491.1333392
68.06244193,131.5481037,243.4261821,297.2159672,360.8580694,422.5359391,505.6662273,559.9762536000002,594.1103791,616.2100977000001
75.29538429,130.908424,142.34614409999998,148.31545459999995,157.389609,190.6098569,205.1733895,208.9022325,210.30714680000003,211.9330613
34.53444032,325.7329595,339.4595395,344.9809743,352.08358,370.8776549,374.298168,384.4525098,395.1789485,402.5323276
51.27838648,103.6192914,157.3573169,163.6634636,194.0656446,249.7647384,339.2141896,344.3825129,356.2691383,362.8770342
39.14414494,55.54850918,59.72707405,65.82088648,77.0698271,93.35693787,105.0131008,118.54375659999998,127.8177417,131.0364635
42.38371386,66.30439143,74.50156386,76.14052324,76.99148341,77.5487444,83.3084285,91.45044845,121.9809877,144.2932352
70.138037,134.59694240000002,185.096481,264.4372905,381.082628,444.2792072,492.50907,547.8997168,601.9003343999998,630.2866528
19.83568697,38.85533629,43.3623348,51.85371181,57.71646977,57.98908328,58.30357368,59.55391566,61.7766282,75.82592438
7.749906843,33.63912141,39.46385149,42.66368737,44.62029455,47.19225565,57.95436753,87.11044509,147.5756608,175.49172919999995
4.981643288,9.024370088,16.10864624,18.8970397,19.23307993,19.78467683,19.90319025,20.76197206,21.43334896,21.94693024
2.638332412,3.937233312,8.139131151,12.87823163,19.90962866,22.03009811,31.54843285,59.69699148,123.5547805,130.4366406
117.6861913,193.57650980000005,239.3951683,246.9251172,250.9519655,253.858202,263.2080991,280.7558042,299.5479878999999,305.6605876000001
5.999697068,9.2003973,11.76541468,14.39445083,19.62964834,35.39204914,44.64416233,51.99108333,54.92697381,56.92805034
61.68754433,98.22780199,103.3445391,116.8245202,128.7286198,149.8622667,154.3206791,156.2878389,156.78187759999997,157.33138
6.8335258020000005,60.8236483,92.17248914,100.9080956,115.16290159999998,122.1860097,125.80396609999998,131.5068832,169.6881239,212.6588224
19.57500694,24.41833202,27.19860682,33.09537517,81.18015402,99.81170109,113.62636770000002,126.9861256,137.0729683,143.4143559
15.30270031,33.66999972,39.18825607,41.31783567,43.92012929999999,50.03047784,58.08919093,66.59482996,76.87845236,83.9626417
29.73695205,43.24051246,48.37024207,57.84116694,75.26303267,92.66927272,101.0650575,144.8355796,167.69946140000005,187.6334134
10.69995355,12.8950804,12.99529646,13.31034812,13.71795228,15.14262634,16.71154917,18.42418769,20.42650682,21.10684503
88.13439671,141.8520791,177.9066113,192.4568184,207.146164,227.97348030000003,289.95495960000005,319.8176546,342.03355710000005,364.0370149
13.80168271,72.73232319,107.468742,147.9069846,181.5484633,185.446825,187.3712065,199.1741255,206.5625656,215.609871
2.848125623,5.297422871,9.570544287,16.83707304,25.861892,32.22260105,37.48582773,42.93603371,49.25009157,58.69959627
7.604117368,16.08977159,23.61717175,30.64221972,37.8490172,48.30323853,61.72011841,80.41884562,89.35148594,93.01677707
72.11406867,98.545185,148.82966169999997,164.2485773,172.1489201,192.4691925,199.6751393,206.9761103,217.56459680000003,234.2719038
0.090797182,0.120529977,0.6660058289999999,0.7958928670000001,1.277085492,1.678847526,3.370354316,6.553851316,9.503783536,16.84720546
17.72263011,34.95820431,49.76540571,74.43813243,88.09639858,89.4557911,89.73339092,89.87963108,89.95506596,90.07484988
0.724126403,1.794814137,2.495587785,2.576701885,4.218488024,15.0069811,16.78319977,16.9971948,17.45423904,17.97602328
106.7673578,232.1675515,285.2756661,329.903343,339.5615092,361.4415488,386.017192,439.2804744,513.8509756,556.9629771000001
7.0745818,11.94193099,13.3404894,17.1067268,47.97321566,74.91603537,82.92390019999998,90.90918219,93.43534909,94.66969919
71.43896429,223.3842475,239.8720153,241.1432627,265.6071951,295.3969464,306.4021943,329.5779935,364.266837,378.1268222
19.4828012,30.84995794,33.08787089,33.66447309,35.68862422,40.53464665,42.97467421,69.13814509,76.89957211,78.59900213
0.001420915,0.01129972,0.031154013,0.031154013,0.031154013,0.031154013,0.031447148,0.032063771,0.0321689,0.0321689
3.835633103,9.480913217,10.78403331,11.469232,11.49495551,11.49650314,11.58819775,11.9516754,12.07185528,12.50049715
65.89258567,154.7971834,195.1136964,218.0424798,224.9600841,232.29674900000003,232.6293922,232.6912224,232.9146222,241.4630361
0.334558421,0.535066182,1.307285615,1.372186096,2.988768513,9.879239205,15.4046531,17.81344405,19.25200822,29.41998039
17.5662468,32.81868292,57.2971938,83.25770446,89.83125840000002,93.12389397,98.31886465,106.9048331,112.8172126,120.6014707
55.30392742,93.50065919,100.1063216,113.54811,117.1947768,133.158492,152.601444,158.43065259999997,165.12347250000005,168.5295467
16.83021562,43.92991149,53.39112732,65.04317153,84.93193007,104.6000435,110.2558455,118.214253,127.7990199,133.4358483
8.698963391,14.45243033,20.2317027,40.00520022,56.97776013,83.41521271,116.1306875,135.8743576,143.04580330000005,158.0736169
31.6620325,71.67665233,163.741304,206.5734088,251.99159280000003,302.8248485,342.4179515,375.0458273,437.4057727,487.967376
35.502802,87.86100438,250.9600281,288.7792041,308.2526601,315.9532617,335.2403499,353.3697404,356.2331663,361.6607057
187.8810832,319.8263434,346.9196965,361.0840663,369.9078766,393.798626,415.573952,424.7934723,437.282269,446.571558
19.57967641,41.16017066,55.15829818,59.37939927,82.81857519,114.5810624,144.0252584,175.0901475,202.6851304,213.3286264
0.033610071,0.346827395,0.436394262,0.585151347,0.8128931220000001,0.941753794,5.592496341,9.262825,12.90167191,14.91103463
239.7071062,323.1284616000001,380.6304853,418.1203259,442.1006858,465.9422766,476.4662032,496.2591593,520.8589049999998,546.2973927999999
72.29890833,96.5415935,105.0243413,128.8584771,144.42448080000003,148.1454448,150.2844274,150.4879365,150.5730892,150.8796841
58.13020267,140.7100927,197.198734,244.4702043,289.7079887,340.878431,438.456071,535.6136113,571.3892559999998,593.3620323
12.65153465,20.86844921,22.16501643,22.5593961,23.70780656,24.47819165,27.25058837,28.710792,29.93245519,32.06967512
4.151817175,11.54743807,19.53120634,26.87409749,31.57239349,37.81074829999999,45.56203705,59.17669107,64.13287048,67.09117351
0.095116876,1.009415492,2.6981650810000004,2.723109272,2.736959904,2.73720183,2.737443756,2.738845629,2.738845629,2.739106458
4.661199425,7.453133855,16.25130139,21.60932824,24.66110469,27.30778765,28.08640042,33.06047554,38.68656745,39.78701677
47.48093924,91.5229451,145.6921227,169.2653432,184.2345633,207.6436384,229.2077167,257.0410627,289.27698589999994,332.6646327
35.59427423,71.91108563,108.5252328,139.2123551,155.6591905,160.8234775,166.31366409999995,178.4076427,190.7258994,200.1467172
38.14700674,73.77224415,90.74095107,98.37907822,117.0285344,146.56917380000004,167.94491230000003,183.610165,190.1445,213.79260980000004
13.77072889,22.67796433,33.18478163,40.89379324,42.94736833,44.16637962,51.34067496,59.13815727,61.47278541,65.00184602
1.719725447,14.35864687,51.76925399,54.13573470000001,54.60159327,54.71509491,54.8845532,54.99559206,55.28630214,57.16607786
72.18448283,151.5395968,204.5768478,239.04096580000004,276.8085255,332.4456207,400.6741367,498.0986908,538.6299575,551.5729409
22.89225351,30.237655199999995,44.47679967,63.34692817,89.50051583,95.37634418,101.9516731,129.7174967,139.7104793,144.21858569999995
6.340522172000001,13.49760488,19.30495604,20.79563218,21.47498441,21.57076542,21.72414343,22.13352974,26.98687822,32.80496494
122.1226029,253.1861557,285.4275541,299.8884436,318.2951965,333.4693271000001,367.9999931,393.5564822,408.29467810000006,422.0472535
31.66324966,54.647125,81.62010799,126.8389549,215.651437,271.1891358,364.9142587,425.0874067,463.8994058,495.65955539999993
35.04947357,96.64109091,121.4045746,135.6083599,145.00059199999995,158.47689269999995,166.7275128,175.6483699,194.560328,210.3551523
1.248103907,4.280260342,12.62119145,15.11552996,16.80918696,18.69202236,21.24627618,26.54629201,40.90481055,50.59475586
14.32889455,27.12203332,47.57751798,87.20712537,100.6990844,120.2583794,132.1868398,136.3051304,141.7611159,156.4653978
5.52821924,29.67759856,44.85846075,47.86107981,48.5467011,48.89849951,48.97859272,49.75104608,51.65133444,59.23487368
94.38195513,139.3259761,176.6789756,194.6142351,219.8396705,240.4219054,255.9838413,272.8398342,287.47296580000005,305.5855531
23.5035728,40.65366754,54.17288778,61.21384389,67.72816094,70.95578908,72.29706626,72.94555457,73.55486119,74.45013285
80.611801,138.18153669999998,185.7814193,259.19744269999995,354.5430627,480.0717527,667.1700592999998,752.4346102999998,854.2006402999998,941.0247937
192.0163246,213.9561296,253.3830124,265.3448858,281.6164066,291.2463939,298.7917995,304.5605934,305.5724335,308.1817466
26.88549438,56.95472232,69.09567489,77.26060252,82.56944358,86.13338385,94.14653766,98.16703868,138.3444401,241.328152
27.07397265,36.36596141,46.98906952,52.41272289,59.22433829,60.82298308,63.33425072,64.63272195,73.78314987,82.86622996
89.83991597,109.5622972,111.9309917,114.0766683,115.4030501,119.2113248,123.4637693,144.65366799999995,155.98335219999996,165.70248759999996
13.86112493,30.68249721,47.33625679,61.86269569,68.95110691,73.30433573,78.06662662,84.16252099,97.94630817,106.9175702
37.76506914,97.48695771,147.0450553,196.3039673,266.4307846,337.8965979,428.3997196,523.5616636,591.2558,673.7825744
0.0,0.0,0.0,0.0,0.0,0.0,0.0,0.0,0.0,0.0
0.0,0.0,0.0,0.0,0.0,0.00427442,0.06407224,0.06407224,0.06407224,0.06407224
34.692876,107.4066291,133.2738601,152.8063397,168.958213,193.9854108,224.3572187,257.1294204,280.8119192,293.1831795
20.59106,34.95852,52.96348100000001,55.842559400000006,57.0534262,61.31664620000001,65.4091388,70.2030408,73.95142120000001,78.15828559999999
31.15212887,49.79895308,68.71971491,96.76900481,109.2244275,118.5427988,122.053178,157.6208498,170.2356993,170.6165602
37.23152223,83.79448973,105.3423144,132.8278492,134.2408489,136.2394352,140.9183836,141.8097205,142.0665477,142.1085118
171.0025752,273.4841132,395.1069081,477.22351839999993,547.0346512,576.3207157,599.5005794,617.3957215,638.9551909,658.8872769999998
8.057265649,16.08394602,25.54242017,35.48352694,54.16473587,76.31625216,88.14279188,99.03499743,108.5237297,124.7298884
68.97984583,137.4926718,196.6530625,236.8820512,307.6233585,347.3882615,372.2254747,385.745561,443.0941515,483.647746
22.55201335,35.29689768,64.36679518,80.26890822,101.4834846,123.7018552,128.1362537,130.2563872,132.8900906,137.9900924
55.41409316,66.04904158,78.6042302,96.55146244,112.8196481,116.8736991,117.5741683,117.8655752,119.6023644,122.6542213
78.25950749,103.3250891,108.9688357,114.6764395,126.4659841,183.1716464,204.5180917,271.24633450000005,295.7572261,298.4701773
7.69003717,15.99011952,17.87634915,23.07146339,31.25502338,34.43780531,39.33783128,46.84513034,51.9657424,60.61280328
14.91974656,22.52042808,22.89368478,24.2621801,25.72160636,27.26569941,28.11346498,30.23046736,31.74580441,33.37234779
54.82146136,94.43797435,117.1684821,129.65761609999998,172.80014440000005,213.0748191,242.357464,298.3415571999999,362.0520709,378.1171995
2.006899145,7.356427847999999,22.649819600000004,48.60975271,70.69095422,84.67372958,95.3447242,106.05539740000002,113.3135884,116.1519847
4.869580271,9.277790761,12.94790711,17.02235585,22.744173,27.3108951,30.18595372,31.85866377,33.09425025,36.57216592
27.33429668,40.10403627,53.15451385,58.74326973,58.98685192,60.0012193,66.14152699,104.4141926,130.5464697,144.37630780000003
14.39447411,40.68740511,47.49572668,56.17441784,73.76777302,87.14650688,100.3631113,103.4956449,103.5703477,103.8659762
24.93390467,48.42657283,48.4950855,48.54591142,49.14929855,49.22240659,49.28595412,49.28595412,49.35966676,49.43852962
3.37138343,6.55095989,8.705681421,13.41574329,16.31801167,20.69563562,25.57764613,28.30907402,30.58118872,31.58111987
12.99047,17.84549872,19.72227918,32.37898847,40.40771448,45.51924181,57.6823345,78.72870875,112.4665031,142.4865628
55.70474834,120.5214663,147.01044009999995,155.0382663,160.1006142,179.570708,197.3918653,213.6160146,243.87195130000003,295.3852178
0.56549401,5.334097262,6.05747073,9.858567716,29.03704746,45.93240009,63.31702013,102.2067408,136.0445741,166.3489659
36.33415949,72.82201866,91.02592276,104.5656859,122.4863482,139.55888269999997,162.2536945,172.68127009999995,183.8399099,197.5376418
36.45525099,69.170521,85.85627879,105.5309135,142.3456429,215.1602351,259.9877463,270.4942629,292.9865613,350.2578128
12.93428939,26.92278382,33.39429430000001,43.20613138,64.64280705,68.92034889,72.00760403,75.68128102,85.44496245,92.36273968
76.73947671,139.4984011,177.1338372,200.047016,253.3555187,307.1414604,351.76633639999994,427.97036,523.5683333000002,550.4256981000002
186.3700475,280.0464938,351.0389673,423.460586,460.12626730000005,473.2011505,505.7779848,523.1847695,553.7036400000002,599.7768269999998
13.34120723,18.76372986,23.66073033,30.14969769,44.59418259,72.09143218,96.36255748,106.7170757,114.1533763,117.736017
73.31863057,107.4981154,126.9055139,131.9581265,181.3138579,216.8735204,230.4170665,238.1030129,253.15909130000003,259.1805059
43.44834034,92.35814705,170.2456857,270.6243274,337.6352752,382.9470646,406.0793064,456.47529010000005,484.4845915,501.8150954
30.99757911,51.48818406,68.10184890000001,98.8434054,114.8604257,147.07807739999996,154.00566809999995,160.13372280000004,168.9458909,179.60627399999996
28.70316543,29.00265887,29.05020822,29.23160676,29.32512174,29.38728923,29.43667803,29.5750767,29.66981107,29.69669984
12.34618579,14.77084191,33.27312046,45.01608933,51.19302413,57.57554364,59.18694646,59.96499384,60.69560202,61.34748648
0.34561266,0.383248911,0.460674871,0.8379191779999999,6.514925111,22.0959334,31.28619569,37.82597208,40.13298672,41.09007996
14.6000168,80.60595440000002,133.3342392,169.07314780000004,180.6231418,189.7056532,199.6326777,253.8194983,271.1144535,276.6993474
9.179659986,20.18664526,34.04651632,40.6054796,59.51593997,91.02109871,129.9996275,146.1896601,153.2617257,162.95343180000003
27.32049613,39.81858263,60.820384,77.9748685,92.20917288,131.51849140000002,185.6987145,235.3239458,285.7632184,311.9403256
2.235562081,2.451129963,6.191563082,9.722816517,14.891687,16.57125099,18.33086321,23.39615685,25.82797801,41.80232691
14.20935019,24.97637148,35.58183437,39.75593785,57.14848944,71.33189955,101.9759403,123.0046429,131.8363255,146.2154906
35.34824958,56.78148916,65.36156841,68.49777561,72.08301962,91.78522023,139.6372246,156.17404230000002,159.55944230000003,163.9772047
13.95741476,27.62478801,45.97907167,64.85791136,76.15727058,83.45213315,88.81286611,92.38080798,99.21209757,108.6894008
38.84156975,90.15910245,134.1353843,204.2773109,226.5805017,241.5770545,260.215814,277.20214489999995,287.1940841,300.4749289
49.4571279,100.9065043,155.811083,213.6744741,316.3605782,493.9316996,646.1273402,795.4716523,951.6491784,1011.898118
32.72600971,37.56640241,53.16890356,69.13434056,95.67594299,120.7117438,145.6560371,160.12545759999998,168.230553,175.0524038
3.63308375,22.07216175,47.48477642,78.88304292,87.0014743,89.32490059999998,92.8689592,120.2804785,152.3757684,169.54540749999995
63.00529833,128.976381,160.0592367,171.7102623,172.9023337,174.24071469999996,179.4392459,184.2416553,203.5583827,208.7609389
76.49738947,155.9612925,233.3977914,263.6106435,297.0078726000001,360.2336592,399.2213604,422.3291802,436.090753,439.7499397
49.04310176,67.39419297,81.37338606,95.07004359,103.8054989,104.8324245,105.4711932,120.2382379,139.32576799999998,153.24945
93.25839343,112.4346078,118.6881973,134.8067895,148.6198947,154.1948676,157.7643192,158.51435039999996,167.0292096,171.711898
25.91270934,52.15099202,56.21330194,63.23638217,64.17987661,66.79579919,70.67008062,73.43430868,77.61737095,85.71130812
1.219139733,10.94349015,34.54900462,44.23104288,44.23193665,44.23199458,44.23261831,44.42479961,45.34312744,45.85239231
204.1545867,427.03041669999993,658.0043033,835.3434567,945.2134147,1003.950442,1038.942753,1063.201292,1088.862996,1175.135043
0.0,0.0,0.0,0.0,0.0,0.0,0.0,0.0,0.0,0.0
19.43417466,19.53037517,20.2331321,20.61127353,23.09942841,24.9469008,27.48882712,32.86394554,39.07137446,70.72945759
83.097538,120.313115,166.31961030000005,232.0156587,301.1340233,341.4772966999999,380.9333,411.1537043,448.0914467,512.9131267
33.80340617,57.73506492,69.26910358,107.1596976,180.9799574,232.9631211,303.0017888000001,354.0864995,401.1697449,448.4868492
80.31086269,145.14789030000003,168.4934294,193.1433658,226.5490797,284.0049102,334.10304,354.3752712,365.2415954,375.2631206
86.17085466,130.3106511,222.9741304,277.255102,293.7410062,306.6316738,325.0343317,340.2572595000001,350.0685135,382.5685664
5.236655183,11.64733647,17.6854992,26.98175299,39.20049065,55.06887287,76.6968766,111.4808933,125.6548419,134.3424199
3.648235679,10.61156426,12.37670183,13.42573199,13.95695816,22.43150933,26.46876217,28.92037985,31.65501133,33.27467984
8.270597894,25.53236995,50.71240984,61.06689447,64.99728167,65.78457779,125.4201185,173.8812038,175.55384630000003,176.51386269999998
34.98947263,68.20231213,96.223892,149.23668600000005,168.1855993,175.6022362,189.4616414,196.8490473,201.4018239,211.5538765
72.20828,88.86714620000002,95.73705076,105.5908115,124.01044840000002,232.1950667,303.0335041,381.5594245,421.18309410000006,464.4857736000001
131.30433,193.8404345,233.7031028,238.8909211,315.3807492,328.2634533000001,345.9802669,362.2472784,370.7651645,377.86814110000006
87.42548333,135.629459,153.21668569999997,200.5696877,232.31578030000003,251.1476793,254.9234508,255.57437510000003,255.9165329,256.0563894
8.964295572000001,24.80303608,52.80044839,81.60855816,97.76427854,134.892194,175.3210205,204.4239775,228.0773944,244.99021980000003
50.17239467,124.849268,146.39705769999995,152.49658369999997,173.97270769999997,206.8292377,245.7084497,294.5472218999999,325.5439777,360.863843
15.90695214,57.64117197,90.8504228,121.136675,142.43240759999995,160.72061619999997,177.0146045,182.35317680000003,190.3312772,197.60299540000003
85.70466,147.431773,175.9131282,226.4088162,270.2790046,297.4321807,300.1921557,302.452767,303.2836046,303.4572588
17.99583867,49.9754465,122.0449066,182.391864,201.5724543,213.0634809,241.0150026,243.0769105,249.6935686,261.2644728
25.77190532,54.31396115,73.98813282,81.16667227,82.52468237,83.78883419,84.25297156,84.29966757,84.4227987,84.43133774
28.77829262,48.51157376,65.91843529,97.10348063,128.7256086,142.45929080000005,152.2157938,161.7963452,175.553425,260.1219195
46.60341157,89.04787737,108.9319255,136.5398675,146.4559632,168.7286667,193.555297,197.3672042,199.9189886,201.467474
25.31705336,35.94245294,42.38030865,45.48168525,55.9681658,61.13043115,78.28038691,94.29853724,103.89129,128.3054113
26.61994501,64.145605,80.42446253,87.61172253,107.7010494,122.858713,139.52519009999995,151.55735280000005,153.89197959999996,165.16398619999995
80.42233431,192.8381162,378.4212538,497.2500029,541.6754030000002,567.7337567000002,602.8899621,654.4927514,725.4393957000002,812.4419753999998
72.48472333,110.7078897,169.2708133,217.98689500000003,232.7586117,267.00768930000004,331.275794,434.2549707,531.7426906999998,565.8896553
1.432291087,2.744735525,3.712036159,3.936561265,4.051594786,4.481836636000001,5.452928042999999,7.127284747999999,10.80337363,20.12799806
2.556596247,6.252636465,8.321035645,17.43564629,37.5094145,68.53787638,86.63513014,124.6100787,138.53690469999998,143.4480014
156.177526,216.4264658,251.2164809,268.18231430000003,280.62165350000004,296.390027,329.5164409,360.8342035,406.3254831,463.5845663
81.05466202,117.798221,142.095397,164.3233177,198.0700688,207.2405242,224.2746787,232.12951260000003,238.4575775,246.2257
13.50459072,27.55893907,55.35412219,79.72622931,87.88367187,89.66329379,92.8607154,92.92747219,92.95878642,93.14084013
57.90786538,113.0323894,138.3738616,175.6683953,192.7792904,218.1913296,242.46173880000003,280.7495336,334.437144,445.4310469
15.53362231,27.28722221,34.99490001,38.78447658,55.08262996,81.41831938,102.9932212,116.3519489,121.7587761,126.8639777
72.12884125,128.4006676,212.2379445,297.7102215,416.7974765,586.0836764999998,792.887259,953.0305515,1058.460737,1088.681492
52.46545450000001,114.1829293,125.8839726,135.9463836,144.7056244,196.7576735,213.6048782,214.5194274,215.61980040000003,227.1023438
43.60646203,147.2354216,178.0744071,181.0828742,200.529682,203.7336253,208.0794286,236.4576981,274.19118389999994,279.9488144
54.04871997,125.1865037,183.8314186,251.1406362,309.4164068,329.0203587,337.856037,347.978169,394.6523707,502.1024071000001
42.0937162,100.2664695,170.2972158,214.02235640000004,237.7353449,270.7866202,313.9436417,326.4930773,355.6828175,365.1161942
137.07769330000002,202.311115,249.8248633,364.5086033,507.08367,645.5249253,814.1114352999998,1021.989289,1186.197565,1252.124914
79.40804667,144.22605969999995,200.648485,252.103573,287.4500407,407.1884973000001,526.970839,632.8460057,719.727779,800.0422637
86.49453567,188.8874424,234.2208442,258.79712830000005,296.0464961,328.5109406,341.7301856,380.4547685,402.4453963,424.48948960000007
0.0,0.0,0.0,0.013238603,0.026477206,0.026477206,0.026477206,0.026477206,0.13743375,0.16720098
97.77602413,123.3726453,130.3677399,130.9933216,132.1178622,135.72182030000002,142.9715571,206.6112787,252.2917244,271.3211815
18.76421657,33.218917,52.880048,59.68138123,68.5368338,85.81621080000002,97.74349289,120.9733086,125.4976228,135.33371630000002
5.590880351,12.6396743,23.69496279,31.92198865,36.19147212,45.94288477,68.18728705,103.5686989,134.5702264,147.3918514
2.761792133,4.111584433,46.60283277,47.94611425,48.03402136,48.38533447,48.83646769,51.22426192,53.36133885,60.96630735
16.53061116,91.91805574,108.1123821,119.5625067,132.8782421,143.272375,149.9326073,151.7388081,152.72724130000003,159.9076603
17.03781911,32.58861025,51.16455708,62.29881042,84.32132104,99.77140754,116.6343813,133.42036000000002,139.4481043,145.1917284
76.95389133,88.82961082,90.62748551,90.80144779,90.84159907,90.87665633,93.1654725,143.1316754,270.57439510000006,313.2242236
124.49652720000002,203.7348872,244.5051346,262.0011195,312.5924447,338.0336373,352.6646331,393.0327441,408.1095699,416.5530539
48.96613457,57.37716186,70.62269893,153.8155868,173.9018125,174.63688059999996,174.68224619999995,174.8391923,175.0004247,175.2606161
9.689945305,21.38398033,28.70294369,33.10227691,35.75989041,38.446744,42.32094179,45.09672338,46.23014412,47.31240812
78.612139,119.3879445,163.39321,201.5976895,240.2278624,272.2748465,296.4841389,331.7666833,380.5458206,395.8884966
6.187178897999999,19.87780562,36.27234794,47.91693842,51.97691221,59.48645316,63.14107961,66.96980348,71.4637291,80.99511124
1.7126385169999998,3.71495765,4.395295852,4.849972512,5.01078068,5.074077248,5.183986257,5.594436163999998,6.51825844,7.634070244
37.11847463,55.68176252,63.66065326,68.45708619,71.03519092,74.36975562,78.97967561,86.57436362,110.0434218,146.35314540000005
138.256445,236.330685,272.11514700000004,347.3124083,434.20436500000005,540.7090297,719.5995097,903.2382163,1081.560463,1265.160516
6.946624767,15.71897839,23.18895025,26.69967678,26.9657689,27.09585537,27.30808929,27.52236461,27.64368311,27.85545301
17.97425016,52.6148687,109.4333049,161.1958105,190.1932562,196.2968691,203.9317862,219.34877000000003,224.7506466,237.9232209
6.058568866,9.080931574,17.40294783,31.15905812,47.95257634,71.75910871,85.46301494,86.69642257,87.71152592,91.49721859
16.99531777,32.74065769,38.17790755,41.21132605,46.3952302,54.65026355,56.95457765,66.78881797,99.2354575,120.6090085
81.28989175,134.8036289,193.91570880000003,219.521219,239.2658705,251.5351037,260.6098326,263.95863130000004,265.29079,265.8103856
20.64710832,66.22559532,83.86279315,90.24859711,107.1739632,113.2804026,127.1619503,143.5294907,151.4565041,169.5215065
4.3062584710000005,30.18751782,61.66839847,94.354131,109.1859106,113.3724388,115.9745747,121.3916495,131.5913753,136.7563576
41.38021679,71.12186991,88.03752434,100.4050287,118.3459611,153.7031926,187.51422140000005,208.5436376,239.82708650000004,251.7416792
139.0569833,189.6048795,246.2791234,322.2323117,390.7605531,434.2260309,461.7721147,501.7248404,522.4911975,538.0228153
22.25263071,72.53584339,92.39327771,110.1637916,113.441942,118.2012148,125.7272382,153.532566,202.2269801,208.7509308
0.5789005,7.5075928,16.829436800000003,21.5480958,22.07434414,22.07434414,22.07434414,22.07434414,22.07434414,22.07434414
87.37976646,121.8294977,136.38804430000002,140.633139,142.0494211,148.7355303,152.00754740000005,163.6080574,177.2619785,196.8694147
43.9762819,114.1182085,136.4213993,151.417952,170.0567115,187.0430425,197.0349816,210.3158264,225.7377138,235.00476290000003
11.94295869,23.2901126,32.98082562,39.58484754,43.26759282,46.54899669,48.4525463,48.70541328,49.36738889,50.32455672
86.79595514,151.61633940000004,188.8826269,249.2906814,340.72033660000005,464.8178709,633.3322837000002,718.404208,772.5652186000002,856.7016853
28.5161475,61.54448118,96.66684507,120.044936,145.15850780000005,149.2381615,155.340791,167.3286185,183.7936036,187.9602912
3.618620379,12.20570862,19.11835144,31.93508301,61.20030801,69.67970252,72.47987059999998,78.61328507,78.84775122,78.93856229
57.55436721,108.53321499999998,163.9769023,211.3631447,266.1988144,348.4256931000001,448.14513560000006,570.8086432,662.7017019,727.2937628999998
91.02901037,133.2088051,200.0706465,202.2799412,206.6212766,211.9245559,224.8668167,246.84823140000003,258.2120129,261.1998401
76.61712133,83.63917974,84.46798347,85.41586031,86.52128713,87.06470774,88.00549681,93.39023974,101.9054236,121.66855859999998
13.44129655,27.12392782,30.72245635,33.29018827,37.79757102,40.12675169,42.86856479,45.75192101,64.95119377,80.3210482
30.10557345,99.18839587,124.6579248,140.0730354,161.38043380000005,190.1587264,209.8920076,227.2988691,258.4839144,290.1060424
19.47712748,37.14714197,55.75442637,79.94310513,105.6880506,125.5862002,144.7937333,176.5728752,202.2658554,221.7792134
5.753161668,18.5742311,22.5369967,26.37475328,28.61552491,34.44300775,52.06706182,76.1205092,90.82337229,101.3955166
5.8910793560000005,16.24207236,17.27799695,24.31778652,73.16575139,173.6724032,224.49428430000003,238.9923642,243.1040938,247.879702
66.88789799999999,88.06501767,112.2317687,150.8912487,195.024067,204.6875179,227.9202827,236.5180867,270.3312314,287.3909887000001
28.19103624,50.33094245,67.17837342,89.02025164,104.728473,111.345411,117.10488909999998,127.3035758,144.61789960000004,160.5668583
4.888536842,8.954452911,9.621267975,10.09110633,10.49887331,10.58918381,10.59187115,10.5942213,10.59776847,10.59850991
10.15537135,36.07476618,85.16743183,99.19869234,118.6021976,136.98690269999997,147.1196421,151.56939419999995,159.9102888,162.3472939
20.22529652,33.04912651,35.61492345,36.49762443,38.18293251,56.72561405,162.7868155,227.459254,247.02106630000003,264.3910953
126.5170767,237.7515633,338.68793,401.6594643,470.7308553,563.6081687000002,644.9394873,663.5505092999998,687.0949477,713.6159892999998
9.936285052,27.76106576,34.70884755,49.85309672,60.09919842,71.12807269,80.20696682,85.17373442,94.9603244,98.55673877
13.27042108,23.37387743,31.67211954,37.14345043,45.16759834,77.16853846,105.89421609999998,151.5929395,184.9226872,201.8099419
22.63920865,57.73971857,106.6611389,172.5769314,207.929153,246.4157603,294.7012976000001,332.4495361999999,355.2741841,382.6620277
26.44592333,54.60072833,79.15545833,132.80512,220.27528,260.793006,319.6964333,383.003371,464.575343,536.4879162999998
78.62747395,143.32994430000005,149.1251911,152.79769919999995,155.7219561,159.9636491,169.38695159999995,171.4195756,177.70621119999996,178.90928190000002
119.1206753,250.8031567,349.7357406000001,389.2636682,426.2558942,438.1604661,445.6221682,464.2850193,470.0690071,471.534053
19.47689074,34.88357576,47.75356882,76.7303961,92.6288673,94.87346662,103.5619798,117.3609788,123.3770142,125.3061304
63.57123344,83.58882677,93.87517278,111.0531916,112.6300364,118.0693813,180.2360349,230.9345807,272.09981160000007,313.7332275
24.11169172,63.59671446,77.4719949,90.57759997,95.19569151,104.8199728,111.9537746,125.9989326,150.02935390000005,184.7692448
5.166510827,8.251116186,8.751332501,8.76090072,8.76090072,8.76090072,8.761315318,8.761315318,8.761431623,8.761431623
192.8650563,256.840846,322.3061376,347.0232043000001,364.948974,377.3934019,390.5222885,408.1344716,476.8032266,546.3754575
54.08913249,83.94241153,101.048811,111.313308,113.76933909999998,131.79792920000003,148.45009480000004,179.7745292,218.3279719,253.7443231
8.319157,9.3086116,10.4515119,10.76304145,12.21826075,12.21993647,12.21993647,12.21993647,13.27803977,13.51483962
3.161409716,8.125319302000001,18.8747598,27.23572821,58.59385018,78.22269563,90.56133218,94.49703529,103.5187068,114.0476326
12.70865165,25.71964777,30.9662723,38.8659694,48.03964731,73.46285692,102.4261949,135.4467813,157.4482512,172.7834366
5.314875273999999,9.817342669,17.72765461,26.67660143,28.46171635,30.59671685,30.74840271,31.09211528,31.62959051,38.14156406
11.59306596,37.34523562,62.82681239,86.05081603,108.0441835,112.78536509999998,114.4365682,115.9284938,117.0917025,118.9374945
21.79916401,49.99380895,110.4937431,148.6407498,184.2659872,201.2346942,208.87282130000003,227.5222775,257.0629169,278.4386554
3.852833315,8.866235942000001,13.69452613,32.18325447,35.27662451,37.45149242,37.60726952,38.08547842,39.01795224,41.97167404
148.86151999999996,269.4226667,368.8709683,518.0667417,718.5110917000002,926.3872417,1166.373932,1332.338082,1408.218606,1532.9256
16.55395139,37.53916353,46.37745281,51.73611292,67.40049518,82.68610903,94.71527551,108.3304918,135.1945498,148.1495714
53.36225194,88.33287421,98.87332581,103.1198994,108.662581,114.8060296,119.9967283,126.5121357,177.6835371,238.5631162
62.17199341,101.1730222,133.78220190000002,187.951236,238.3827113,295.2229225,364.8342805,453.1483742,551.6863052,598.6797343
59.95153624,71.07881326,76.83175646,92.46752003,139.7346632,229.4864844,324.1983046000001,430.15438380000006,561.5208861000001,667.7277064
23.6063832,81.14444409,170.87222340000002,209.0665976,220.2088957,228.15372830000004,235.2831655,246.39993790000003,259.395138,274.2059859
18.28555898,33.36928459,44.62057423,56.91695691,70.25009589,73.29766378,80.53618427,112.32740990000002,128.2183121,159.1817872
7.710593286,20.50559906,25.7512337,30.15626849,39.62842245,46.87920708,52.34174602,64.21150716,90.18453773,124.155153
70.74130733,110.5062103,135.3434235,148.86350980000003,206.2121003,246.76569480000003,289.2638562,310.1115695,328.5153642,365.2745558
8.262104893,21.70920656,60.51524437,99.30468064,141.8122865,187.3277928,211.6758815,236.9108542,253.8904753,273.3359273
52.51474006,68.88367701,87.50135662,107.081033,128.66152730000002,142.65965480000003,146.88075590000005,170.3199318,202.082419,231.526615
4.342573573999998,8.064661755,9.219495715,19.86584409,20.58105571,20.80974335,20.92843559,21.01153688,21.55950626,22.71054841
8.318892486000001,10.18131845,22.55758008,25.81598244,26.47719726,26.72672687,26.73802075,26.95136992,27.27351399,39.81673224
41.31167983,74.89843417,93.632095,105.9620595,119.72588,131.4146183,135.74639209999998,173.4564196,194.7494507,205.2849986
8.56215325,16.35690855,19.83701403,26.31741683,41.808144,47.36511812,50.99820187,69.43727987,94.84989453,126.248161
84.56065007,121.2981088,164.8526025,223.3073052,274.3528199,305.7759003999999,320.7110419,340.7210902,377.5542604,386.1250817
15.66438226,30.94999611,42.97916259,56.59437888,83.45843685,96.41345848,97.35436578,97.98477959,98.28170886,99.58319858
2.79142556,3.937261131,4.5403432530000005,6.325681062999999,6.56072503,6.747622015,7.058871047,7.530806697,8.030794078,8.888153391
27.73028457,38.574289,44.65346029,60.50703286,69.77750576,76.12229819,82.59824146,83.40988626,83.76937399,84.11290924
1.93908746,2.873671999,3.3801997260000003,3.519839329,3.533933515,3.703278053,3.955941763,4.337526201,4.915291758,5.813217579
4.53425963,9.159886235,11.51408657,13.72530766,17.09423773,19.23293079,20.53298758,24.97226303,36.00153193,51.63432815
21.57490183,34.93362955,40.34045672,45.44565832,49.52991214,56.66930379,61.59682420000001,68.83555658,84.48787388,129.2831113
8.683637365,14.75210648,15.04310412,15.37301207,16.68285168,18.99379230000001,31.5133092,50.60935529,62.96832294,75.83295827
51.59542925,111.2716455,148.5376586,177.1411411,197.5561209,259.4144614,299.42807430000005,355.2444409,384.9094159,403.9788295
28.69066125,53.57894988,75.95268890000001,110.747122,144.24561730000005,158.8179782,162.77142,166.0882778,167.682063,170.56873059999995
18.80151372,73.81422737,84.46982367,90.47607728,95.5508276,100.8265627,110.0392082,117.82138799999998,138.7939878,153.134863
7.775146146,36.96295149,90.79863232,97.76692931,98.02361366,100.458844,119.6379311,131.6793265,138.2188055,142.0312791
89.10246583,141.715422,189.5145739,192.3065626,192.69547580000005,195.2878127,199.4652237,230.8587806,240.0579351,245.47073140000003
8.834919372,26.40437908,32.98321779,33.96450285,42.70145146,54.53789389,93.34050958,139.8855675,150.6787864,159.7840526
33.70876045,81.59142391,125.94844270000002,167.9891083,263.0529812,316.4605588,333.2752256,345.1244817,350.3798573,355.0554463
6.191371217,8.083282486,13.50536672,15.68791518,17.88137407,22.27002082,24.46635566,26.00419679,30.19618896,36.2915946
3.932311207,11.95545035,24.55146659,40.11134658,65.82193264,83.49784317,98.35661909,111.2279054,118.610029,126.6839658
6.461946218,27.12380382,58.33032097,58.86179333,66.44367373,112.0714288,155.3846028,173.9452542,185.0049227,196.427226
74.67585214,97.04092171,101.5416259,112.7801384,131.0971391,136.9458457,140.08645330000002,142.5932343,171.4988937,196.4735831
14.98234174,55.57717603,57.99205206,58.58497898,58.89152833,59.36232744,60.06505489,62.00097884,67.47192847,82.04687635
9.287162,11.2308961,13.96330934,17.1247298,32.8237202,46.51259614,49.22911064,50.74519932,52.41052613,114.9055587
258.2332,524.2614467,629.00079,712.6298582999998,748.8585907,787.9774397000001,802.8943512999998,809.1305262999998,846.5556162999999,923.0455457
17.07968341,23.72260213,25.10239231,25.66242001,25.79994879,26.46833005,27.41308455,27.91301963,28.53554387,29.88541571
0.64178779,2.392278919,6.310874176,8.084128957999999,10.3293668,14.20488958,23.6584217,38.27475036,40.84733513,42.76796432
0.962249206,5.614910491,17.26216249,36.38381178,41.43071031,46.67111765,50.49441068,64.50909245,67.41194632,67.61545456
2.681603284,8.479439581,13.10381406,17.98264522,27.37519063,31.80605499,38.80580636,43.14490092,48.04023703,53.88479295
5.109281665,9.337030116,17.9957337,24.95491695,34.87709396,54.32115401,65.63503781,70.57014187,74.00898344,83.10191452
86.72052645,245.3088594,355.600631,460.7313124,608.9570276000002,732.6075450000002,935.8000598,1054.760042,1164.979432,1249.564794
0.826246067,2.987017836,10.95474844,15.81236861,16.64912304,17.32772392,18.6704504,23.30359018,23.80516674,24.05642361
11.51051257,26.91756467,47.1056621,79.59533409999997,162.0201675,177.1200682,185.7580837,195.8624617,203.2089617,207.2522891
6.562692994,9.404435436,12.67067889,27.86732805,41.38810998,53.82130625,67.68403749,69.17928413,75.22363829,80.48991838
53.77419963,78.9273396,84.01040209,92.68891697,109.3846298,123.3526085,133.84742240000003,154.0470908,167.22255180000005,174.47784740000003
23.06896429,34.49300672,41.91356424,56.00438616,70.15251791,82.48085523,91.99146469,100.9239825,105.36820149999998,115.9823595
0.054522805,0.137261785,0.334797548,1.153010297,2.2115717,15.47732904,19.43507813,19.5095567,19.51931335,19.52023598
92.34195667,117.5238136,120.977292,124.7807242,127.7472152,137.5616099,168.18421619999995,214.7861085,247.9671434,330.4069537
6.9595220310000006,13.14176035,23.7024587,40.77001048,62.65394528,88.84039091,101.7616874,121.8334919,137.22390090000002,148.7778523
27.6792148,63.34293573,107.3459067,153.9645262,173.96012480000005,238.1954607,260.1176596,270.1101639,274.8344954,290.8289028
93.34862063,153.9025451,211.1222286,246.3605672,268.00680980000004,276.5399854,294.1095061000001,312.3138853000001,327.1584427,332.11740489999994
74.886913,175.1322117,242.719262,275.2711784,289.3393014,295.49051569999995,300.3624695,304.2419579,317.2227668,460.9229081
70.35371427,140.2939295,169.88565309999996,195.9304508,203.6420429,219.5483509,234.23631980000005,261.4687649,311.5250387000001,341.0527249
31.20191675,91.54697011,119.3133215,121.6034876,130.6262577,191.3950608,250.6233658,281.9284578000001,362.461836,410.5732254
83.45131931,138.3800016,191.2215027,212.6416245,224.25468430000004,229.9621163,233.2109876,235.3973872,236.3616192,236.6873271
35.10419652,84.13969352,115.653849,151.50371830000003,200.5114329,237.65830860000003,288.4289778,462.174939,547.4037682000002,620.7062194
49.08501913,88.53436438,156.5297743,304.7116713,398.0545919,487.0259469,546.2619434,593.0893980000002,627.7814983,639.7532399
41.50133229,54.84678176,63.40737341,69.24329798,101.192797,109.3316663,136.85466110000002,140.3197136,140.3248872,141.4923564
0.062858345,0.230013358,0.601036613,1.618053131,2.071619552,2.13975488,2.144951384,2.158347125,2.1634594590000003,2.171773678
81.61539445,145.5253021,194.3423062,229.4821068,278.6169762,302.3190474,320.1839838,335.0932336,359.329067,375.7555691
123.9028033,166.4317408,174.48566110000004,190.4901938,207.9353662,219.0793275,219.7863889,220.1570648,248.7042472,285.7552203
4.327253712,14.71860121,40.9116674,52.33381285,61.86846877,78.04324544,120.7698556,162.3806404,211.3027324,280.8646011
16.56451404,58.18496926,59.96650048,62.87797807,66.44969002,73.26214744,87.85449736,102.8339051,125.8923664,147.1123761
21.94299417,34.00166017,36.53221882,37.32396422,49.78045855,56.72148955,66.49977387,78.8591167,88.91338698,93.90898028
111.1554268,149.3829312,176.0825121,200.77429730000003,217.9303324,239.2852182,260.5165059,288.4528640000001,328.5598188,356.987023
15.09551954,36.2602844,44.88367676,50.18526708,73.60119161,88.99184575,97.63270833,106.4935346,115.1812857,118.6517901
8.352274508999999,53.38052891,97.10371699,114.8865496,124.5770025,133.53778789999998,141.6115737,153.8043151,171.7473432,177.495308
23.50300223,31.18743387,37.66702381,48.30530089,56.55341419,81.45745698,107.4428814,121.4745358,130.6740021,140.23523659999998
19.43070429,28.81715539,31.45020111,34.36250947,50.40976948,53.91034984,64.30252594,66.1307269,67.45542945,83.31927771
66.78387333,122.862095,185.557274,240.4817523,255.4719648,266.7654898,290.0986685000001,307.0115502,316.7671657,337.3608214
94.6415285,120.2654432,140.3254178,162.952005,225.2054965,252.9285775,259.4360955,263.6519719,266.76338730000003,273.6820488
1.072745446,3.338603989,5.298970022,5.504477654,5.641721776,5.7524091560000015,6.005025262999999,6.29302821,6.651135732,7.296130161000002
30.13511142,42.45472665,48.74461658,57.91655726,67.15949264,95.28247136,103.4404246,112.6773075,120.1838169,122.4438402
10.85151399,18.37854623,25.58783883,72.81863617,85.54126237,165.85354650000005,220.8225316,242.5650929,259.0444806,264.6672692
89.31224635,148.4081767,170.82732869999995,184.2240991,199.4969445,202.9151842,205.8136163,224.7359124,269.8507329,286.7882099
33.91870744,59.37116076,97.85085584,139.939344,185.2206886,206.0876005,223.9866735,262.79089550000003,299.4536504,354.2985467
84.10420017,146.2509353,160.3675692,204.9810228,257.9927696,338.30953660000006,439.0225666,579.1421234000002,674.8160167999998,750.3008291
3.67208111,6.093749879,7.164693329,7.942874314,9.403337796,10.403934800000002,12.52972805,13.78995512,15.41686842,19.8865337
0.162412694,25.70558117,86.42068406,97.31496873,97.76082735,98.33077158,99.05349669,103.5832084,130.2679253,187.7252979
8.906290038,52.45270191,77.28567191,88.82872751,91.22002882,92.68072031,93.15077583,94.88877211,97.92662858,108.7500314
8.289499567,26.04672093,52.37483815,55.12143862,55.15860288,55.25533116,55.55933277,57.73644267,59.14338405,62.85651749
121.791568,202.291872,236.3378432,262.3224478,298.6046296,342.3795158000001,369.092106,377.9577147,387.6261121,409.8795009
9.749174886,25.9432661,40.69938687,53.50567838,60.50843463,67.68180782,77.44728129,82.97550053,107.1248799,122.305742
1.516296397,4.725526815,7.619289546,15.78798323,25.32553692,31.67192792,38.03727729,50.37616719,54.90962345,56.3876788
7.510205526,20.11983075,22.04838869,26.35153538,49.75685621,73.65949406,74.27778909,74.28042673,74.37482999,74.41388397
133.2960813,169.238753,179.85018300000004,187.283563,205.7262733,224.0604027,250.044767,277.0142087,288.4027490000001,288.8559228000001
144.11888000000005,316.08664,400.254515,460.28746500000005,500.0950253,557.797956,641.5702413,773.0627097,918.6657663,1090.858016
19.05800299,24.27233094,32.36171589,44.16237864,59.52451204,69.83513789,75.0657689,95.50472388,118.17450490000002,123.7404881
8.404877949,24.47774904,35.59956274,41.6793464,44.87230697,55.30181051,64.12198575,75.6821104,87.46672590000001,89.25634406
73.58089571,202.8814104,317.77013789999995,383.7656693,409.6660134,424.7461933,427.70990210000014,436.456134,440.9523415,445.5734695
68.28223674,127.9859176,137.8054641,159.68815590000003,172.58123700000004,182.6471483,188.71326,191.2907754,195.4238265,198.1052629
10.76211188,39.91818944,100.3834052,128.2994735,133.1275452,137.1480139,178.748964,217.9125,249.4538317,274.5479153
3.707875309,5.762458497000001,11.69817614,16.71122499,25.79917723,33.86755814,54.34122602,80.21261505,98.31152085,117.6456257
2.713120832,10.00151702,14.94612784,18.72742483,20.20745788,21.62724239,23.63414153,28.98367024,44.27706199,70.23699509999999
12.70037611,30.26800104,50.81178732,80.71124023,115.0416114,130.9485636,172.6827834,205.8920342,236.1782864,257.474019
4.459921209,14.23296382,29.80372424,38.02320047,45.81012084,51.21670901,52.38930435,53.11152071,53.45709905,58.79825855
51.04041031,86.47578538,102.1605401,115.7070544,134.2164441,150.4128284,171.0759087,182.5717744,199.33563830000003,226.6157716
93.533513,155.9326846,173.45925559999995,180.6713604,198.9891134,228.0822351,246.5161059,252.6827753,264.5338197,290.4142302
2.139617826,5.513682848999999,6.103743487000001,6.783969383,7.203910293,7.394873669,7.89150786,7.969705698999999,8.059891079,8.141381456
3.373391308,13.56022102,24.43517987,37.47338395,45.87448675,59.17906733,79.30413483,91.91275681,106.1456053,115.0356959
10.17301482,20.98632704,24.85414282,36.18325092,47.31356097,58.75695554,71.60928878,79.92864851,86.54437685,88.72356796
0.0,0.0,0.179708423,0.352159019,0.352159019,0.4247226770000001,33.86410774,148.08639209999996,168.5126611,171.07810990000004
38.84283179,69.68566723,80.3266478,86.54456919,90.29724829,105.1329481,156.95353930000005,201.8463938,212.7699262,225.087747
8.390948176,19.36606443,25.09141364,37.19820541,58.64206309,71.89908931,87.89428783,100.5967882,114.75892759999998,135.51209640000002
45.59141616,106.886511,167.2666993,229.64397230000003,284.56310069999995,301.3072791,324.7175216,358.5688012,377.7629873,387.4096575
36.8886106,100.7940194,163.5880644,219.1311188,257.1271592,271.70221580000003,303.0118582,325.208429,359.6009832,373.6720896
17.72381711,22.79861482,25.12466022,31.17932119,43.44247506,64.7816398,107.6036078,129.9484373,136.895948,147.6155209
147.0864283,294.312245,441.7882017,549.704195,676.884595,790.9903267000002,898.6408287,999.6807652999996,1060.721045,1129.540895
52.20944667,119.4577487,164.3453767,229.276975,265.0641148,336.6272448,365.0947212,391.0085817,403.1706366,409.0783749
7.0846119960000005,20.63513682,21.78879805,22.5532891,23.24233317,25.85093276,27.10966695,32.87097008,38.69489626,44.84030961
128.5573502,226.9058631,303.4032526000001,382.8671556000001,460.3036545,490.51650660000007,523.9137357,587.1395223,626.1272235,649.2350432999998
1.897503389,6.708914505,15.26337332,23.42936129,27.97656846,32.80998956,40.59751224,46.65569282,49.54808258,52.38296525
33.54247175,41.30299326,49.6006629,70.58773001,132.60083740000002,157.2359792,214.6279864,238.4140102,242.0787659,242.806489
8.008548351,30.95605722,37.47795115,37.88691897,38.13755879,38.34009896,38.86431427,39.87452683,41.54844948,45.07526066
38.92250057,92.80381048,160.4538347,184.207927,187.3573212,194.3486205,207.8839192,250.4597734,263.0436333,268.1562403
4.594149554,16.03638193,26.84708687,28.1448561,30.39377711,31.98976774,36.0728992,42.31042032,53.32232522,54.0451728
4.472254741,16.86492983,41.1736805,64.95181187,72.66882290000002,77.32786108,80.21154168,85.50931109999998,91.36614593,93.4007412
51.68176838,87.50408913,126.0109634,164.071746,210.8945521,256.3966019,285.86309,311.8527735,330.0152275,345.1035998000001
213.6568633,361.1144767,437.129982,519.8044273,544.3166377,570.760901,616.3831802999998,674.9824347,718.8720237000001,772.4325462999999
18.99955114,35.04561315,47.32065101,56.67608367,64.89311102,66.97299837,70.14481965,71.73948796,73.17430933,73.66796171
0.0,0.0,0.0,0.0,0.0,0.0,0.0,0.0,0.0,0.0
56.94307896,76.60440682,91.54417207,134.5381487,144.2489371,160.82543059999998,193.8951861,212.7317648,217.2328906,229.5266087
5.382920878999999,17.69588207,49.29354073,70.51856020000002,76.38302918,89.20137644,101.1498018,110.0951037,117.6418361,125.67450759999998
27.82824167,72.08750699999999,96.47498217,122.0536088,143.5135023,153.2418437,158.73893859999995,160.0087249,171.22398700000005,176.34894119999996
65.11919507,132.7808861,176.2191128,184.0993154,192.4744557,195.3768475,199.5957669,236.2571086,258.56574680000006,260.85873430000004
18.05653835,28.26458616,30.20142099,41.49807791,68.05123879,115.3194481,154.72685369999996,169.9005282,195.3579164,209.8655475
6.240733855,6.501664455,8.773228134,17.99929236,91.92342742,102.0597554,102.8001311,102.9282022,107.2112763,117.8012145
7.304950747999999,15.50016445,25.87799544,28.36046663,28.85648561,30.14348455,32.51569387,37.01609975,38.38648951,38.41927579
103.4078292,142.12212659999997,173.6391466,179.9288416,182.794549,206.0388328,244.7402949,263.4151351,298.471141,315.9683765000001
37.22508067,49.01604274,62.94835656,77.17186406,82.15228355,89.85451935,104.4400092,106.80619140000002,107.4423691,107.5037332
27.51948861,38.3100773,48.7657139,66.54253975,94.45225992,127.8249029,153.96582969999997,184.5248621,198.9793486,210.399046
0.885057863,3.723782116,5.181232958,5.95455454,10.78594496,23.90590129,26.43914884,27.15898406,27.9973742,28.15867467
60.24866817,76.85382289,86.12380614,92.21527643,96.47790452,99.5067431,102.6826874,106.06554409999998,108.0089832,112.3462569
50.26993159,77.02380214,106.7295502,126.33437,177.9186707,221.5103197,258.3101834,265.2043161,266.1953897,266.739269
4.56487294,72.45216754,94.99258234,148.2788145,151.6626449,152.7501565,156.0356554,169.8265226,173.0737196,173.0818048
54.64082213,69.19042979,85.37402863,106.5357158,123.9855463,146.81432080000005,156.12599790000004,170.6904582,185.895239,194.1631068
85.6926675,182.24705,401.2084975,524.0887433,600.099363,662.8172855,677.8817263999998,695.1516035,719.0326069,747.594587
91.90478379,136.8383718,182.3017196,236.0018133,257.2964288,294.5239554,333.9423643,367.2605345,433.4959345,463.6478184
6.9507369820000005,24.79676533,42.09565634,50.59966549,77.90413333,103.1606641,148.484744,175.05327319999995,181.4062471,201.9495471
0.0,0.0,0.0,0.0,0.004075238,0.004075238,0.004075238,0.004075238,0.004075238,0.009141264
31.41003177,95.96847795,128.8028489,132.5847037,137.4049257,147.3490351,170.1933823,181.6951391,192.9832592,197.9278667
7.352290977000001,13.683488199999998,19.63009534,24.30399885,30.07584256,35.26941618,42.60329422,50.50993749,59.41770166,75.25303309
38.39635092,82.33580427,116.6426888,172.77689099999995,240.5406021,276.9965129,303.1861778,323.8624563,343.7615678,353.4421047
8.544710557,16.50681825,21.19658439,23.22873763,29.00033991,33.44340705,46.56093035,48.76185396,54.01339131,56.58054839
13.17090402,14.47402332,19.67935147,31.65396579,39.62914812,48.01172865,52.068324,59.03342759,63.98342008,68.93143446
1.645189114,4.144140898,14.09359567,20.66185798,25.61046,28.41254883,34.286124900000004,39.22801664,42.90283999,44.82576934
48.19938543,95.88833129,146.6327244,166.279791,189.4317367,198.175021,209.9750387,225.4399002,249.6887761,317.5363095
22.75513057,50.63906014,65.07189556,77.4405777,100.7534027,130.2363626,152.5622976,156.95639599999996,163.440898,182.8641122
12.31361845,41.71834789,50.08697852,58.22101793,68.13193896,85.49276433,129.3899222,152.74680800000004,160.6513468,169.7215413
100.8375829,191.9384014,227.3421857,253.7439886,276.11934310000004,304.6501983,345.73216,406.334939,474.802331,567.2414851
35.146576399999994,44.2325568,58.7547312,60.61342054,61.55685116,79.40109696,103.1554338,138.2973074,139.2396801,143.9602112
220.0809167,341.5797733,440.02423,546.1196732999998,725.8695133,864.86907,1014.232363,1133.409003,1187.397799,1233.51966
9.219368797,53.31233256,72.16430576,80.31458263,80.90251145,80.90387131,80.90387131,80.90798957,80.91781709,80.98027031
9.717722259,19.93034077,39.42529373,49.93310274,50.95791557,51.59272359,51.75020887,51.84925399,52.19292042,53.48911986
48.86420771,82.22005512,126.6995135,148.2794591,224.6700153,318.0876616000001,364.0986873,427.1499826,481.7382638,514.5241009
76.58107333,144.3658513,181.8983133,213.1503653,256.0410703,278.6619607,293.646519,305.5112207,326.7561857,332.5019185
35.0644985,87.12518284,150.2121524,182.9582739,208.0657441,239.285625,266.2990415,304.4851625,317.1973502,338.2032843
22.79433931,47.40602275,64.27432788,85.03226737,94.61954395,103.0013841,108.0194578,126.0741745,143.92337460000005,152.2024076
30.79647779,54.98949804,60.7579294,65.95325982,70.46347812,73.69082378,84.46131282,98.3063539,108.507927,116.6318056
25.87296747,47.62525232,63.74951082,75.10418031,116.3193803,137.52714880000002,138.7502033,139.1683325,142.2134946,145.7576449
45.03191932,81.1985947,105.4035613,119.2098482,119.6329153,123.2663513,128.2688818,143.0720007,169.24766430000005,179.2449689
0.0,0.393208632,0.7864172629999999,0.7864172629999999,0.7864172629999999,0.7864172629999999,0.7864172629999999,0.7864172629999999,0.7864172629999999,0.7864172629999999
42.7624804,72.99170668,92.122519,136.30664209999998,167.96308009999996,180.7828804,189.4204989,189.6027021,191.1992734,193.3491349
5.32636496,24.15062376,196.1127378,229.40553,250.2062832,275.5538034,296.6186698,305.8352008,311.2800166,317.4071811
56.791388,76.14524967,90.70875467,106.6469957,140.6975873,210.1411383,310.726527,501.0184403,712.3614503,862.904847
0.951113613,1.4801934959999998,2.003285934,2.612799952,3.005437767,3.529802867,4.1591826360000015,4.818238261,6.115281445,9.517739002
126.0203305,146.24225769999995,154.1473011,199.6260283,224.768584,239.799895,244.90793540000004,254.5923692,264.2972831,276.8841232
34.0445125,34.834860600000006,34.86014554,40.43992829,47.11116009,47.44753772,48.58999367,53.00408407,63.54136707,71.34559347
102.5033831,156.4587165,192.6761995,209.7060579,222.3226074,230.0854386,242.0465155,267.9162807,302.0975334,333.6404784
0.0,0.0,0.0,0.0,0.0,0.0,0.0,0.0,0.0,0.0
56.83976575,356.8059683,537.7970357999999,591.4261102999999,637.4827293,793.9007968,1138.029849,1494.330539,1553.582666,1563.915767
67.61421293,95.16849791,116.6038749,129.01357040000002,150.57663190000005,201.6419875,292.2488304,351.9464142,416.6412604,463.3827775
4.413679985,11.05822701,16.36511309,21.79081285,26.46724683,31.46432289,41.73146405,53.35386578,60.75083370000001,65.65873295
42.70991683,120.6302168,205.0438027,272.5907185,308.769516,363.5087968,417.9726478,465.4718839,540.1564369,641.8445178
16.99872979,28.85645279,40.71270771,55.11252553,69.55240028,84.83563609999999,93.50551421,99.77846529,106.2834665,116.4205865
38.81062833,86.39071917,161.4561678,198.5440822,247.3686048,276.3490133,292.4001728,321.909107,360.5451003,397.2749457
65.72631591,84.01550835,99.03226248,108.9367594,109.7901751,111.5034696,114.5710319,129.2100771,136.0889679,136.177762
125.3511876,199.3944315,258.2150653,270.1368414,276.45642660000004,283.640498,299.3516954,343.8237773,383.73589,410.6957815
15.48641598,39.27495626,51.91615249,65.88181805,69.42022835,75.97460058,86.71710766,91.34682373,140.5848931,165.6159093
11.55843535,14.26671607,14.79151736,15.02458165,15.22465656,15.34259433,15.48926533,16.17539367,16.98301389,17.58451752
14.32721693,37.34449947,44.18266825,47.84614202,59.68104690000001,83.06974955,89.34200467,92.5631089,93.06982186,94.02764357
17.59792953,38.01166718,43.06433397,47.35194289,47.59236541,50.19550348,58.2306881,68.68020581,75.35335695,94.15487066
2.190613374,7.335456351,20.69461329,30.30612031,61.01918377,79.43968585,92.34289631,97.1004093,106.2931695,117.3741191
63.719239,107.8056223,169.01639640000005,248.5903271,308.4485514,390.049816,421.0417385,471.35481160000006,653.8626929,749.2476727999998
24.34139635,46.52795483,70.23932409,84.82754888,96.5119535,103.3874126,107.4175769,125.2813268,155.9395886,181.829485
59.18228253,110.7455393,177.46522980000003,202.6495529,212.6779852,220.24028340000004,221.45072510000003,223.1901533,225.4515176,281.39320519999995
175.0945767,279.68358,358.3464033,422.2508883,515.4473929999998,608.5366847,649.5165833,666.8528613,677.4745633,691.1185552999998
167.88800669999995,495.42006,765.4221332999998,928.53971,990.539669,1057.574514,1198.662809,1325.414109,1432.4821060000004,1486.250619
32.83327449,65.22889942,99.41348147,124.2726759,133.3445573,138.1433667,140.4587974,155.22832340000005,177.3720622,203.6869495
28.54931523,62.03970457,75.61870865,87.24354427,95.48330523,167.5938973,240.8865015,247.634247,250.4364231,252.0290744
61.52604132,110.2559136,123.5403562,132.34184409999995,135.585375,136.428958,137.47712969999998,147.7096811,155.02678569999995,164.22876200000005
31.71154788,73.19982850000002,115.7087476,144.8395128,153.10836469999995,169.71322030000005,207.7268058,242.6966083,257.8707881,282.50669689999995
13.5234493,35.82566388,57.53751510000001,94.37762494,183.0169989,266.4878287,305.0668581000001,329.1464943,366.922162,425.9240403
42.11058749,67.68974944,80.75572911,85.97510251,94.64878894,109.98908,127.82099479999998,129.259145,130.74448370000002,135.7982026
1.423134119,2.687320882,4.482804993999999,8.297992137,14.23301625,18.05908045,22.72035024,27.92857693,35.58679094,48.789576200000006
28.89989886,58.0437329,85.33888042,99.75684145,105.1487032,111.3384085,114.0972278,115.7626015,124.0810431,138.33772050000002
0.0,0.0,0.0,0.0,0.0,0.0,0.0,0.0,0.0,0.0
9.872026826,30.79181502,63.16649222,75.50415090000001,87.38372573,90.2129175,94.51212223,98.04316095,105.5075605,108.4562515
30.377198100000005,50.98023038,61.95316504,75.39621516,107.71610459999998,145.6737379,165.32990049999995,188.108067,237.4827818,300.2603347
0.300188986,1.683063941,6.261843162000001,12.02323687,15.17895123,22.57112865,39.84708789,50.71954319,54.543284,59.01970903
89.56315194,257.5138728,382.7506542,486.7823466,537.6621006,567.3841852,575.8813842999998,590.1525697000002,594.8816137,602.5155995
115.6591443,205.0581127,232.4784872,251.7355782,260.22573430000006,271.0386331,280.08311480000003,322.6170338,350.039554,355.2597168
21.72704508,39.88999342,46.66647059,47.3586934,47.82743463,47.88774298,48.54664414,48.9199248,49.69287896,50.21609713
2.054278034,6.1379294610000015,24.62980776,48.36340334,77.67417309,103.1902221,130.1237416,148.7490015,156.5065888,158.4197155
13.75937354,20.86325873,40.15464998,52.47712912,59.75398436,65.68017337,69.54081336,75.08375631,79.77584713,84.69032729999998
92.94067167,168.02169569999995,241.726479,347.766639,447.571739,566.8233557,695.5986623,814.9126422999999,921.925801,963.2618477
6.6566965,14.37118763,23.18690282,73.58985132,86.2100999,95.54605545,100.758752,118.6138664,129.1084344,158.1397379
32.03522343,48.63132827,68.32691177,81.54179006,86.40685968,91.15779919,94.04307934,97.44090828,106.2061118,107.40259609999998
8.696469965,39.31318074,72.35073645,84.14828863,96.11117425,108.96379650000002,127.6612778,140.6788865,154.8140139,160.5253426
95.18599224,211.6086893,275.8134398,339.9176291,429.67791449999993,511.2413468,557.8993943,625.8343133,752.8276877999998,922.700894
37.81194421,49.60993513,67.87173407,85.27639212,91.39307759,95.71204328,122.16454579999998,160.3885506,174.8235326,188.4826236
48.91050774,55.51854507,58.18798183,61.60126727,85.71964614,116.6918663,135.6964854,153.2256857,162.8736592,172.90748390000005
0.456241323,1.04127509,1.303813464,2.3928811690000003,2.434946387,4.095469862,4.48901682,6.148162889,13.13887306,15.34272674
13.61889615,34.58645949,45.38729146,47.19751257,55.06985578,61.46979004,68.08121174,90.6563019,95.10805676,96.48370635
37.90262648,47.49641302,54.96910074,61.43856026,61.77918092,65.97875974,83.74791618,104.1314898,107.5679591,109.9625774
6.873001666,17.66729451,42.65387711,60.56796436,66.29782236,67.86764052,71.32644268,73.02096966,78.62435106,79.30719812
6.280600934,17.61474006,29.7437778,42.83628856,52.21055978,56.93319736,63.68559404,70.65036298,77.91459821,86.09025201
180.166434,246.9324992,320.9834502,364.9312756,471.3121802,510.5047534,529.808687,545.2745137999998,562.9539926,593.14275
39.83937525,122.3287078,155.2788776,155.9108321,156.0775868,158.226327,159.3622909,159.95095419999996,161.33402,161.77620269999997
2.099120525,17.33780825,28.10235667,29.56610434,29.71436781,29.87480036,29.95843986,30.012112800000004,30.34001187,30.63760532
4.570188312,7.0363088010000014,9.015193175,10.16996193,13.52016365,18.7648091,21.47903241,23.23994,24.50895352,29.40858053
16.9858306,24.44477292,29.97509969,38.11331723,60.74402664,83.3846593,113.876013,156.5753326,172.02275690000005,181.4351014
12.96607443,23.84564992,30.34315106,38.016093100000006,45.38129764,58.87673113,64.81556084,76.83247542,90.99775644,100.7119455
0.0,0.0,0.0,0.0,0.0,0.0,0.0,0.0,0.0,0.0
42.2343995,132.9659565,324.2750513000001,355.6763625,370.6531813,379.1908608,391.5953568,406.5247203,451.6905048,461.2736861000001
18.89059115,57.00728527,81.47778502,82.68166036,89.19695504,103.3571437,123.560328,135.7459144,137.2593564,140.23589850000002
72.45012009999998,101.2409503,102.950567,105.9036728,126.5557143,138.863334,178.9905105,191.854365,199.8124994,209.3044954
21.365448800000006,51.64156621,87.58215636,113.1239029,127.781677,135.9775351,146.47494740000005,157.73128169999995,170.4141066,188.4449877
39.78214909,53.63293869,67.39074765,83.48714451,100.045948,117.0755803,140.7351051,142.96030080000003,143.0156569,143.40446740000004
0.957776175,5.802006757000001,11.77213359,14.09096135,16.19534391,28.31272299,55.83570069,66.08934049,75.17943594,77.83411549
98.28182167,171.760448,232.0157197,313.0232387000001,379.807112,435.8853337000001,498.5805127,553.504991,568.4952035,579.7887285
0.7955833529999999,3.489696609,8.901701528,15.18224124,24.46918076,33.87511468,43.0802365,50.35714976,55.96322773,62.20348397
91.55070453,115.1192744,142.772473,166.4214366,176.7858698,185.8205418,201.2220578,237.4594069,315.5593171,347.7529935
28.09715744,40.92555086,66.8324414,98.22136229,115.4738084,130.987679,136.4433131,140.11240780000003,145.9440226,156.8586972
28.58158536,53.62345071,74.99219193,121.320894,142.1083301,154.8464879,166.5405968,218.88292880000003,283.0101306,296.3156728
7.636689671,17.08239296,20.63247699,29.89369736,48.95480775,61.02937627,70.8109592,76.42946359999998,82.30468879,88.4653376
0.002381677,0.078754622,0.143738546,0.19025172,0.196567495,0.370233036,0.67751007,0.7113885959999999,0.752838505,0.881077903
51.59086917,111.9789015,132.3882522,157.34521930000002,174.32194099999995,186.3612907,206.9155498,224.1027528,255.3162963,271.0369462
141.6942794,151.0335619,153.4439178,164.7634525,184.4512334,207.3722391,226.0131326,250.7023373,255.5595359,260.4176849
17.80369281,34.16409414,45.80752625,52.64098537,53.09736975,53.91361215,54.19689676,55.90788946,56.60912264,57.07388383
11.13673551,18.09447717,27.27131544,38.19642119,44.24219953,53.61032789,71.31436236,129.2382629,197.63569740000003,232.350196
43.562261,82.47564283,88.58353423,88.67981340000001,88.98709741,89.49340629999998,109.977633,122.2825061,132.65166259999998,147.3974931
33.4255125,75.49037567,141.9992498,186.5733842,199.8747175,211.333152,228.9069862,264.0633985,302.2249028,317.4220396
1.352392913,2.357429521,6.601141588,13.98412911,20.92884443,22.74945884,26.87554724,44.38702574,64.56221116,65.06231607
5.292904611,16.06934077,22.38473894,33.67995353,39.76655845,49.82224498,57.48023261,63.12444596,68.16651364,70.58346850000002
45.80647849,83.41519984,114.5201489,146.3522687,180.4345569,212.3638271,237.7589592,254.9339412,276.3081015,307.5767946
57.64584949,155.5489244,162.0831442,162.5593771,162.62420469999995,163.3481403,164.7261356,170.4320752,170.8829608,171.0834968
118.38854,192.766442,223.8756402,279.94378660000007,304.3043008,316.182718,335.162811,341.8753104,352.5603376,359.4730389
5.579894623,10.21371671,18.77357702,26.18201018,36.46897484,56.53906632,68.45432056,73.60791957,77.16757793,86.40459479
52.732063,77.6643535,89.57316193,99.94343627,123.8900583,134.3059439,135.3293256,135.9115418,141.2702167,156.0312595
3.293550922,15.09397752,27.24850875,35.543491,37.62398099,39.85311849,42.6557943,47.68087993,54.74954967,62.58948138
19.49765156,41.11199907,62.81051862,88.89289543,124.237147,155.0440163,165.1008072,178.2929728,197.0196718,212.9309831
24.9948492,39.91188267,60.86210196,78.08686616,95.87050891,100.4836671,102.5901063,104.9186872,107.1945919,111.3261446
5.805318985,6.712389606,18.05272738,37.41384122,41.18713943,43.17921832,43.88799128,44.35110074,45.12960921,48.77414962
29.66194772,36.64541972,37.94087352,45.85400935,56.8090762,83.31185904,103.370752,111.7379852,115.283149,115.937311
42.19153804,51.89669137,59.43086807,63.35192971,66.81287574,70.53079542,73.60464918,76.14896672,78.57030309,82.74213058
0.038913016,0.039400741,0.045285536,0.057988493,0.065450723,0.075648934,0.07946411,0.07946411,0.07946411,0.07946411
0.278218408,1.709909832,6.298603384,8.292741898,8.366574947,9.987876334,20.339288600000003,21.90424763,30.027282300000003,40.77074213
13.14520275,22.86430857,25.94628766,30.75594204,35.46379708,37.83025734,38.28406133,39.25085043,43.56970834,49.35867058
67.71418833,97.4552725,112.1496573,169.21821269999995,193.96603080000003,207.29021530000003,239.5097065,250.279062,262.3876532,288.6608258
11.06821456,28.39672873,57.06752871,92.27930892,115.0510017,124.5450822,139.1451436,178.6431279,215.8243898,222.2816298
5.012815849,11.17923188,21.12723133,27.25357058,33.1116367,36.64750619,38.37549593,40.96800364,44.67287344,50.10417575
47.51811787,88.56801178,93.75923501,97.24370818,106.0340228,121.476517,129.2309548,168.3898003,206.5415569,221.31855
2.47474208,14.35812653,47.80268207,50.31444226,50.55176237,50.6760547,50.77039443,50.88258938,51.21140085,53.35399351
6.882924088999999,10.02792303,11.17191815,13.82418144,19.95680483,23.56850805,24.06300488,24.20141766,24.84192606,31.03076796
48.76627514,86.50492586,155.7355176,161.12873359999998,164.26709230000003,165.9106284,166.7431213,170.43114430000003,172.7111196,174.2915259
16.94704584,134.6169396,161.9533719,168.4419252,169.0340545,170.1733994,173.0358244,184.115771,245.64181230000003,294.3716846000001
102.7359764,180.0293129,192.0639707,207.3620329,215.8215505,220.8644812,226.1910765,231.2960435,232.7667212,238.1590562
49.7856688,82.79048900000002,111.68335,167.78630980000003,220.4419267,263.7641845,294.4064797,320.841478,348.5502336,374.8382477
4.412770185,6.843301428999999,9.10885088,12.22763942,14.19858876,15.50610877,18.51046868,23.95489399,31.5203893,41.45468445
12.22733844,21.42271001,22.28894289,27.71140731,34.09888374,47.21950548,60.73623485,94.02493178,107.9906995,116.8481661
38.36516151,40.70128671,40.92182021,44.15015874,53.10023831,70.90068507,73.44000497,75.55411544,79.60063382,84.25098908
50.14083835,97.68481452,126.403294,131.7574378,133.4016795,133.9711304,134.0978942,134.123017,134.343121,134.60702659999998
69.96295855,148.3934081,250.2732096,314.5511222,392.960356,450.5537145,527.7179787,681.2278336,866.2602411,990.7823181
43.63292701,75.42113151,96.47846652,103.6578928,104.67071640000002,107.4327692,110.1567112,118.0090957,119.44370259999998,119.7393336
9.130900288,20.73323109,52.90827971,140.05419030000002,164.1888115,175.0582493,184.6841217,188.1315937,193.88694,202.4696797
54.80794807,99.44939807,133.6095507,181.9549015,242.0276201,309.8827269,389.5373472,459.4849393999999,534.666576,663.1322842000002
16.78686712,30.57172723,39.61513531,79.83709711,134.0970543,180.7077189,204.0573521,232.7198295,257.8334551,273.71628639999994
62.87554933,79.29895283,97.32002617,110.7682056,189.8380094,202.8927059,208.2638918,228.8684971,243.92890380000003,265.2844318
51.11539267,71.59297317,114.82337920000002,140.34808049999998,157.17343799999998,158.8688865,159.4489273,159.5189761,160.26038280000003,161.80022350000004
9.985101734,24.28048384,26.35237596,26.54482976,26.88569276,27.13047738,27.39018189,35.13583304,51.19636529,58.73137396
33.83777473,44.41872991,47.93197145,54.1743313,63.64939276,64.00308577,67.65345754,74.35248569,79.2199431,85.64684169
144.32973330000004,191.7460597,258.120932,279.1128907,295.8564543,303.9013628,307.6674611,314.6879389,350.79879460000006,404.5640391
7.3345156089999985,34.67647236,60.89632443,66.7405811,67.14063763,68.50975600000001,77.2088892,77.41809291,79.05198307,91.09183849
13.16875124,22.46669245,28.97497396,29.88296844,29.92510594,30.12882312,34.50864397,35.87779655,37.80911558,41.66888598
24.19763071,32.79852112,35.80132603,43.05180216,57.39117265,67.08691564,68.47407738,68.51756236,69.14573418,71.11923127
34.77320616,53.11819972,59.78338426,62.24709906,68.80444150000001,88.46603992,122.06426840000002,145.8148062,152.37629819999995,164.8271885
53.59537557,86.34377525,96.0640324,119.6553864,152.93117959999995,177.12391719999997,206.6760382,237.2059512,305.8242492,339.9658278
5.298025168000001,5.550810195,6.51093145,6.740750918,6.854264077000001,7.002309445,7.113391414,7.679325546,8.71769041,11.29114025
71.37400013,126.5515146,169.2760469,214.7101753,238.1853041,258.4992903,290.7914006000001,332.9528799,387.6711984,394.3677199
29.10737389,51.30727882,66.59506908,94.31871069,107.098485,121.7326616,127.2824749,136.3096208,138.2281738,140.29507619999998
5.558004857,8.988683400000003,9.526604238,19.43110207,28.93245105,37.23038165,38.36727431,39.14337095,43.84008769,45.43207151
6.099888402,9.17885578,18.67082398,27.28277434,33.4703076,48.01391244,51.85035452,52.43942496,54.52431894,60.28437412
0.068940401,0.402970985,1.011772568,1.069995828,1.070767978,1.130770285,3.364171697,4.240450702,4.241424135,4.241424135
0.175252845,0.28048008,0.419117235,0.909238872,2.1052147690000003,2.351221242,5.146786431000001,11.32232592,18.09539064,29.25306311
46.95191746,212.5682353,242.9502718,260.6117913,273.1291363,288.6821917,297.6159546,324.4162976,348.0705637000001,362.4937144
6.990710169,9.194563849,10.83357259,11.71630252,12.45512012,12.70449993,12.83007693,17.70938535,21.41807095,24.94897885
15.62985268,52.49750617,66.47962885,77.87344115,82.24214453,85.27809449,86.97046779,89.36764649,93.71735927,103.7625911
0.862560683,18.89138328,54.62676785,61.00502116,61.26996407,61.62124545,62.02666227,64.95487124,83.00539561,134.5813512
0.004745559,0.022092828,0.048376607,0.070413504,0.296972456,0.356418059,0.413125154,0.500559918,0.656992316,0.859417361
1.323058273,2.498748747,4.797665107,6.343402267999999,7.257913369,7.368469254,7.382600261,7.395968711,7.403601477,7.40368754
62.40574318,118.7058185,131.0093222,149.90959619999995,184.68740280000003,191.8871905,202.0665157,217.8965551,232.2437792,253.528945
20.01395097,54.76015779,138.52816289999998,169.4604866,185.3392221,200.1351977,211.4758181,217.3822909,222.3523899,223.7179749
47.40922503,87.13703652,116.8455233,124.0919104,125.597996,130.9387462,151.8693277,186.2441062,233.38036040000003,313.2857692
0.554857898,7.663471017000001,7.954389625,8.291416307999999,10.62606998,17.19060864,21.08974611,24.41393222,27.1372461,27.23672022
18.72541302,30.89137012,44.85119116,54.11187971,58.43306207,66.04054756,69.58728783,79.33981702,95.7914229,121.4999371
174.36156,319.78249,441.3773067,641.4046033,813.00458,957.12346,1129.09122,1213.259095,1273.292045,1313.099605
19.58790311,34.19998885,38.33371002,44.26745242,57.88908757,61.54177563,65.01641837,71.38475294,81.41040452,110.49894609999998
56.46316929,59.91095454,67.52908256,80.24566375,86.98514654,97.94996291,105.8327169,108.7233814,117.3487633,126.2528961
3.965209121,7.779931982000001,14.1920723,25.19042722,29.79948267,36.7087169,59.18319226,77.57532275,83.43667962,85.34703725
77.62061394,119.9380669,139.275321,155.840051,193.5876091,230.3708126,233.0867385,236.2083381,246.7713449,251.1991079
156.1446116,264.3803407,396.2398537,498.7984468,605.3341011,631.7600301,644.924049,657.8643819,675.6322221,696.8141972
0.0,0.0,0.0,0.0,0.0,0.0,0.0,0.0,0.0,0.0
181.2142902,185.7735542,189.0164083,197.0446093,201.2795167,203.5242477,203.6512436,208.1957614,212.5205486,218.082618
139.21808869999998,224.0033577,278.12273700000003,352.8054013,502.2618973,597.3210809999998,666.5611643,728.0450741000002,773.3482776000002,799.1208575
37.37399917,66.1909485,144.67827150000005,161.1809043,170.8798969,176.6665176,182.2165031,184.0223246,222.0525997,254.0312797
0.00094831,0.001848644,0.002882506,0.003549784,0.025201376,0.140927831,0.208261167,0.258706158,0.325874777,0.402488836
68.83774739,127.2981565,153.77468100000004,171.103838,221.1911938,278.0414459,314.6081462,339.1246467,347.4766974,366.3635394
88.67116621,204.0307614,253.753746,312.6411974,347.714482,385.8037075,422.4489505,470.6633714,503.8495999,533.9713476
68.05813333,138.96247069999998,313.168334,397.865614,447.4817557,454.0960333,460.652069,480.4394474,526.4248924,589.81531
14.71654768,19.18360619,25.08803807,44.11742978,48.02116353,58.42537908,59.29760135,59.90301059,61.31561245,64.96970717
81.54065114,156.6269507,229.7082486,294.4007187,361.066533,438.7541814,543.3772821,661.4830836,723.4306012999998,774.9456418999998
163.9243068,269.4693627,331.1038346,353.7484631,373.8780711,423.5640694,478.2533257,527.3263684,628.1893056,792.0402719
11.85575817,88.93987364,137.1220068,177.77669369999995,189.3871329,215.4552677,237.5741339,246.7451741,251.588041,252.393215
33.88416213,82.02229263,109.3593509,143.9570231,171.7071136,186.7268465,205.8197151,220.9679516,239.0017786,252.2758436
6.8958179999999984,14.35253991,20.79357176,24.56528394,70.58667246,88.16684708,104.6021161,115.6624727,135.8278801,159.98801540000005
3.822827725,4.869357502,8.096050938,14.88165999,21.35488788,25.60880036,27.87642933,29.06893825,29.42506958,29.76247926
0.016233652,0.1473326,0.352172997,0.380371327,0.402491103,0.427690408,0.554375628,0.656337317,0.69962144,0.709229269
57.92436267,115.8772632,163.5431843,202.5482245,263.6064477,342.520829,422.6038895,456.0471692,476.3221462,499.0931461
39.6282449,83.73840211,98.17638453,102.0399367,125.4055367,133.3586002,134.9107355,139.917007,183.0302827,194.2746839
25.66588813,44.79987438,64.50619938,85.41256575,125.24116399999998,138.6837783,148.9630937,152.3285378,155.8413758,168.06227130000005
25.02875926,27.26887802,27.41757326,27.44083424,27.44083424,27.44129593,27.44213398,27.49137025,27.54276255,27.70900478
27.57323235,60.53861218,76.94873207,91.94615511,109.9566475,175.4277918,245.9303505,292.1327367,321.5279994,384.9211552
53.70184764,85.07372688,107.06722240000002,123.1496826,145.6411081,154.1866399,161.818636,171.0970315,185.1945972,190.537944
22.29051056,50.32473098,96.60574081,118.6083017,131.3974046,145.9804362,173.18739250000004,225.2946845,266.6729742,294.1245937
14.58310171,20.5281868,25.91548931,33.05139134,48.56799743,77.89736834,104.030653,115.2120363,123.31125690000002,127.2849035
3.970576233,6.217659829,10.28173156,24.85883763,35.39159981,39.84194144,40.2027824,42.89763618,53.16410425,65.94280649
314.7527009,375.5456936000001,375.5458968,375.5458968,375.6765675,375.9986646,376.0972554,376.1872933,376.7652556000001,378.267276
22.5939279,71.92342383,102.2642611,116.9808088,121.4478673,127.3522992,146.3816909,150.2854247,160.6896402,161.5618625
77.36252338,134.9371927,173.13706430000005,231.07666380000003,236.03440730000003,240.7273525,244.0519591,244.89760530000004,247.9175637,249.6194344
66.69147815,85.58894959,93.96461249,103.5663022,108.4565746,113.0170677,115.0112188,115.3713952,115.8067735,117.8438142
0.068533449,9.560044227,38.50747709,44.14728573,58.79363341,84.95950024,110.6327457,132.3723053,141.1493822,175.985852
6.770156695,25.15316168,37.3740547,55.44614092,101.4127563,143.9858879,160.1683591,161.6754984,161.7610209,162.4190868
0.0,0.0,0.0,0.0,0.0,0.0,0.0,0.0,0.0,0.0
19.61860357,35.70353727,38.61058505,48.85753834,61.25835132,94.48175172,108.0185862,109.1183202,109.33254479999998,109.6111242
32.4851324,61.61281428,63.72950181,68.51407822,70.9834943,87.05380546,126.1070864,134.6277966,137.0333872,140.6908646
1.510397658,2.173918208,2.80566547,3.599715147,4.286027561,4.673393911000001,5.336903457,6.152521562,6.918663296,9.560868453
44.15012383,55.4926585,69.85306017,75.35851127,78.16280187,117.0329219,139.693197,144.96830219999995,149.38207419999995,150.19823490000005
11.18092915,23.67205673,28.13197793,37.90502054,53.47578096,61.69525719,69.48217756,74.88876574,76.06136107,76.78357744
61.28059877,131.4883687,163.5325072,178.38323559999995,197.4154799,212.8605311,220.2236179,227.4329491,237.6460001,251.8182503
7.765918387,24.22608192,34.97602019,41.56672141,50.768494,72.46216377,78.81938364,82.81897811,90.58914804,96.07244615
14.54772753,32.18218205,38.0493578,45.21643193,62.06256965,78.68270684,88.61296237,111.4275672,117.7013259,122.3791636
23.30779357,44.08775937,58.88009767,69.66583801,92.23105908,139.09707230000004,147.6967608,151.04678180000005,161.018808,204.4112471
3.716537012,45.79836333,54.57233128,63.66278815,64.00466644,68.97588884,74.32474757,85.98817264,99.56213771,108.5112762
6.222640174,15.46323548,15.84013899,16.08028224,17.06718094,19.40930229,23.74032919,30.52644347,45.62277951,55.51639021
5.469483248,13.078269,14.36086283,17.30344773,17.91077575,18.1461848,18.26380883,18.51119808,18.77192867,18.91343071
4.391113404,7.146947326,15.50019844,20.67245284,25.54203311,29.9502436,33.62035995,37.69480869,43.41662584,47.98334794
1.891549576,3.741191635,9.963266571,12.45323081,24.4475269,27.89429925,28.284093,28.73204625,28.89369947,29.49696331
168.6102,170.58211799999995,171.71468430000004,183.4823417,194.3283471,213.9580485,230.1119745,241.5028272,244.91334,246.9761557
151.8396633,302.0250133,360.7415237,393.7584465,543.7596115,580.0230942000002,612.9946182,657.718016,667.151778,777.9081812999998
95.751892,135.851636,197.705672,240.9611648,334.9792096000001,417.2517286,440.5998249,506.5541982,526.5886541,536.096265
17.1695005,36.66763267,47.12463167,57.91658083,81.16425717,83.02488716,85.95910917,93.43590629,103.9192118,127.7632642
30.16854660000001,35.66011684,39.01323186,46.8004186,54.31186751,60.0510932,69.07933904,79.15032995,97.12526425,128.9590083
5.425699759,10.10213373,15.0992098,25.36635095,36.98875268,44.38572061,49.29361986,51.70687487,58.29422658,65.25855762
1.533635368,15.36892485,16.65123521,16.92647533,17.23435283,18.00958861,18.79932822,19.67498794,20.502518,20.63143952
18.62053761,30.62435344,45.54336131,57.54729087,71.79423653,73.36905173,76.36803441,82.00592624,86.98200365,105.8608572
175.35944569999995,260.96676040000006,311.3930648,335.8565452,364.8402278,397.886414,504.3997572,524.7059322,529.1350698,535.9976081
11.30214965,28.67106361,49.30266165,61.07708578,67.39770365,87.91058887,101.9632546,109.6714893,122.1339905,135.3880696
12.11406533,32.94848533,71.46164717,112.029038,118.512228,134.7717462,235.1931068,268.0664595,277.7844418,289.544148
53.20126321,116.8507421,188.2194519,230.2655007,252.6290441,269.0858697,295.2420586,322.0007271,338.4028388000001,351.7114397
66.33944563,120.456624,137.2602784,167.1621606,169.6182506,170.9326478,173.1698031,179.05115039999995,193.7585946,211.8050145
87.24112583,120.3926242,137.1924451,200.0679944,216.49139790000004,234.5124713,247.9606507,327.0304545,340.085151,345.4563369
10.59856476,18.08923202,19.05339997,19.31886878,19.48894546,19.49834525,19.49944899,19.49965042,19.73536113,19.98707142
52.25045541,57.40926472,57.87789511,59.05219772,59.20333149,61.0524973,61.91993168,65.50846897,71.54452819,86.28136119
12.48463293,17.40457509,20.36855265,28.2849519,39.0733937,61.18448933,80.06702299,87.06813144,102.2807038,102.6491648
15.58063737,25.92343928,38.81752235,77.84771173,96.37822398,103.1641658,109.7751913,114.2444592,118.7959158,121.9726797
74.358802,162.4554207,264.9342887,339.935677,358.604618,379.6315887,401.6893703,421.686971,434.1263347,471.1646907
0.88189661,0.88189661,0.88189661,2.390767096,11.61155777,15.32673455,26.73007847,35.89286962,36.19919821,36.39420629999999
40.85640786,48.53361767,54.88335249,70.82396956,85.03450477,119.77677649999998,154.91866519999996,165.4660677,166.2784552,172.83699099999995
3.3960002160000005,32.17382084,44.13041045,52.15319936,69.33717218,85.62623311,108.1473369,125.4988701,136.7141787,148.4557127
56.76690482,109.3346994,122.13236709999998,128.94787490000002,139.7524919,148.7575179,159.7403041,169.7712627,175.29444669999995,181.6490409
7.437027527000001,12.92652258,19.2390656,29.70427777,38.12702315,44.90261196,46.4745964,55.77241871,61.93445885,72.36375912
4.13206856,20.92914233,63.59117114,93.66906655,103.0068867,108.957147,115.019342,121.8038313,125.9551399,130.1926978
31.59201244,56.31960693,128.38510630000002,207.2863593,225.3767535,234.3244552,240.6625707,243.8615439,246.1828032,249.6738117
30.61333154,40.84525298,59.16909756,87.96265902,134.4277112,144.5638253,146.1016031,146.84707780000005,150.804081,152.19439450000004
80.0830605,113.5263402,133.8013173,156.5723171,177.4183974,210.41163480000003,269.3304651,361.9159884,463.2689891,507.5329636
4.224014823,46.51656487,55.69047977,62.40826701,62.66134522,65.36553152,69.07658366,78.57683901,91.67099026,99.23192262
264.5211767,375.77560330000006,486.83712,527.176148,563.0537167,583.199866,613.46916,642.2179117000002,709.3880682999999,759.982529
185.8050534,241.4561317,253.5355829,271.7705765,283.7335348000001,291.0005651,292.4923701,294.0535792,302.0882692,309.4250624
27.91574835,48.45058664,63.88851806,92.59407673,121.3916383,128.5646612,135.48723049999998,152.9124763,165.2358243,168.8962425
34.13412552,56.23384419,70.1936693,84.74797455,122.375054,138.6818916,142.1010646,142.76494019999996,143.0171959,146.0846062
7.338372937000001,18.33357576,29.40781978,34.6816419,36.71007410000001,38.36246295,39.47773820000001,40.29235543,41.23323763,41.88279476
53.15116405,98.28273776,123.9850539,200.9054148,290.5716534,306.4321023,313.6083325,315.7489740000001,319.6031035000001,339.5918541000001
2.707984039,18.34299111,59.49473999,94.14258677,126.4430893,172.5890708,190.1912375,193.5569602,196.374373,196.8590169
34.17231565,35.02150493,35.97928111,40.82351169,46.79363853,49.11246629,51.21684884,63.33422792,90.85720562,101.1108454
72.51902667,119.5094047,175.7053517,227.8313673,275.9951797,374.445863,524.2140416999998,618.133817,686.1124812999999,812.384978
16.30497614,21.43672951,21.4444882,21.54357274,21.77180162,22.49137445,22.6077812,22.84502031,24.04016372,24.68877796
23.33227029,54.57495156,57.22797959,57.53257047,58.49204627,61.54779383,65.4287829,69.25161062,70.29814040000001,73.52483384
12.38680076,19.97442375,20.37691907,20.7157689,21.43475394,23.27350074,25.96967962,30.83983431,38.73801911,45.80445736
31.26869308,57.04113253,81.69645376,96.77274662,99.28420094,101.8891649,109.1588828,116.4330206,135.9730405,144.14384619999996
15.50871871,34.47400843,56.55563857,61.98611086,63.48989346,63.55340364,66.89699831,79.23175109,107.7039717,136.8988257
1.263757478,1.390141081,1.390141081,1.428019521,2.883385672,4.743402136,4.83013425,7.50066953,9.14879627,14.26366827
33.7111966,47.54000288,47.80966971,47.84272299,50.2296542,58.44798861,69.84290759,75.73555461,77.79335055,79.72788484
47.04471046,75.21152105,85.4067001,92.02897847,161.7947399,257.9648556,287.3060014,313.0942042,328.0760506000001,335.2158535000001
2.286999485,3.986488691,4.769775719,10.0561955,11.63998101,11.66858628,11.88801695,12.16674744,12.94877886,13.28540474
58.944810200000006,145.3656002,230.620257,319.5429910000001,398.30284,458.670377,508.92176860000006,535.1602263999998,565.5944498,604.2292712000002
61.155655,112.399955,178.7828697,238.64174,262.7838267,272.6000277,274.9042974,285.4646727,301.9016007,333.9606867
6.332575753,20.58823514,39.73539693,53.12811038,61.28539898,67.87384315,70.03426398,99.24887909,143.2224336,213.6248183
0.638768739,15.4058134,34.4933435,48.4170255,76.57516638,126.205288,177.86094169999996,193.8499396,199.6056851,204.6589306
139.0401167,211.9778733,302.27164,335.4682303,362.610598,375.23297,385.0167667,389.7714717,426.9074671,499.1517377
28.20422078,41.50943684,53.66255127,75.62596825,97.83641527,107.8142575,111.6379675,117.5758542,135.61008669999998,149.7804125
4.316966871,11.59102547,23.79851645,30.60999571,39.65017338,50.5853229,56.36661008,57.72317153,63.09056068,65.3677811
202.2066601,379.91884510000006,392.7445282,395.5806996,396.5836559,400.0280475,404.1613835,410.3343359,415.1350277,417.9779662
44.99839188,87.90742113,109.5671301,118.3096883,137.15451930000003,149.53681919999997,171.1423638,192.7157724,205.3935954,220.3091741
0.0,0.0,0.0,0.0,0.0,0.0,0.0,0.0,0.0,0.0
34.77434044,65.8555208,83.36083241,97.97530413,114.9450429,130.4786653,142.23226509999995,149.9399429,153.7295195,170.0276729
2.439145798,3.489646299,4.468487833999999,7.180802554,8.208386989,8.579791082,8.823327875,9.055767356,9.068351793,10.90917334
61.24994868,98.99150897,116.4153955,127.0534637,134.93157030000003,160.40235239999996,180.8041307,202.0626885,246.9278077,287.1714463
75.37362814,97.35859242,103.3298585,125.7688154,147.8640925,150.5873019,155.7535177,165.1128371,170.8481412,180.5728212
16.55183567,27.323125,34.84272533,50.30186333,62.42265833,82.72383367,108.0286643,141.32041230000004,215.5349457,282.3526747
113.5361029,144.5712796,171.7414327,194.6051906,209.3947141,221.624956,223.4969395,233.1714967,241.4584785,279.20908460000004
53.73618375,91.78533922,133.83110109999998,168.6281879,184.8757554,192.0116835,244.7134921,278.5797952,304.3714792,311.5600847
0.702674056,2.080009808,2.217684711,2.256796077,2.261068315,2.2684150780000003,2.2684150780000003,2.2684150780000003,2.2684150780000003,2.2684150780000003
11.37830674,64.43937035,94.08591101,119.2657799,131.195145,133.5988478,133.79040049999998,136.0131815,138.710142,139.5872645
18.38045969,25.6932297,36.57945274,45.73565524,55.14497305,73.83840893,97.95401143,115.06213390000002,134.3431537,154.5600222
3.731556001,8.021879643,10.38491231,11.41946303,11.57742101,11.92239535,13.57539106,15.45820506,16.99313952,20.63736468
72.07795613,118.5341171,204.049064,272.6206811,324.9723568,384.183674,467.7229851,521.9483405,545.6287461000002,571.5155696
22.94491106,63.48673492,63.65895492,63.92140953,64.18712693,67.69386408,68.26010617,68.95581792,77.25710226,110.0492879
20.47093531,41.92962853,69.86087003,87.46386486,95.73138767,107.5871458,184.67126130000003,232.8533945,273.5080813,285.1185206
0.0,0.0,0.0,0.0,0.0,0.0,0.0,0.0,0.0,0.0
30.07422984,61.84459399,86.58155822,101.6802166,114.8412486,143.49863090000005,164.008709,174.2901552,193.5478974,204.2214728
34.93623608,51.48340109,51.57714708,52.04589108,55.00443727,70.86872224,99.45461077,130.4521899,150.9427948,167.55645969999995
4.731458157,10.39988818,19.00826846,23.99705252,27.28339393,32.40527877,36.05650175,37.56015428,38.09966996,38.75637782
51.96266808,70.81809504,104.7626633,136.6882197,250.790677,274.031275,279.7210738,283.3712466,285.499379,287.8549858
0.762911965,0.931968747,1.248454635,1.705612864,1.72006763,1.72819217,1.7309588830000002,1.733456924,1.7590315090000002,1.880505794
15.68306941,30.57199056,51.47981087,51.70733393,51.94095816,52.31497423,55.15069677,63.09584427,63.12758312,63.35506974
52.72357122,111.72294850000002,127.3255749,130.3634103,131.71531370000002,132.4859413,132.7141007,135.2598275,140.4382653,156.90896719999995
114.870543,251.924501,296.426597,312.3596474,333.6774156,351.870884,359.730348,361.0411898,361.6058443,385.6329913
28.80533754,43.41556506,49.56098622,104.6921098,153.70797530000004,180.632301,219.9577258,226.934282,230.9687785,239.32291569999995
0.0,0.0,0.0,0.0,0.0,0.0,0.0,0.0,0.0,0.0
48.02608757,107.0368076,151.5099243,196.9253389,239.3055127,274.9904174,290.7974511000001,296.5601673,313.7217036,319.5091422
47.42803144,133.1428214,183.3696759,196.3513938,205.8668086,215.8015864,221.2428426,222.5612738,223.316201,223.4440391
58.91416749,70.10524159,72.72882903,73.2299435,80.0548117,181.1454581,211.0574241,226.8946225,243.0042482,266.4958461
3.298553865,6.695111238,12.72862244,22.61164945,34.28543384,42.91502824,46.38427694,54.17059039,60.03980464,65.09816979
70.84966414,75.53616347,93.09687665,105.73827659999998,113.3030386,120.9867054,135.7378202,141.1333872,145.0018684,157.00348280000003
17.3821767,43.92296947,52.27447078,60.13337731,63.96301145,65.4752429,65.62128779,66.28027939,66.94308313,67.80023453
53.01174683,133.3285138,234.0415438,374.1611007,469.8349940000001,545.3198062999999,624.4505597,703.349867,782.482183,857.3968978
26.50278284,46.56167584,54.92890899,58.47407277,59.12823481,60.16888499,61.52941642,65.49339484,67.63585166,69.01798642
13.46028912,32.51484947,49.17906374,63.54569571,73.84630791,79.5886392,81.22757032,82.00041637,89.39715336,100.1391132
65.15112621,112.36503559999998,117.3389115,121.86128159999998,134.9278506,140.92884980000005,143.26878380000005,146.3190378,151.96592280000004,155.5617716
15.03965982,26.48314749,62.81580158,95.94382438,106.6228268,121.5003717,136.27400649999998,151.1863302,176.3928187,209.8220215
16.02930353,39.69620555,55.49439774,64.27164385,70.03497440000001,72.4091224,82.70463262,97.63809571,115.7880905,125.08336640000002
81.35324754,119.5517039,136.85856819999998,162.4691051,186.0754883,243.6135492,333.3413284,371.5357027,382.6780008,390.6228334
17.7682468,21.4811978,41.3729456,55.21300359999999,70.8637578,74.85243068,80.57979959999999,83.32364774,88.17616024,95.72365278
0.600452532,4.984479926000001,7.997847005,8.957918442,10.07766165,10.35673711,10.58126996,10.59466491,10.6655405,10.6899512
51.72302758,65.13707431,69.96670207,71.85178167,76.54425469,90.54782269,102.9322846,131.79204009999998,144.3849289,163.20860159999995
8.248029838999999,81.15975148,95.54736541,102.6575709,132.142642,157.96462830000004,171.0422889,175.3338294,175.4721455,176.30653049999995
55.86904157,136.627703,203.6167744,249.629635,277.82224069999995,295.79089639999995,317.2287784,382.7661496,401.4756987,405.7327878
104.7233082,187.30564730000003,280.10754269999995,380.7648907,464.4740228,545.6064797,596.946087,655.4422912,698.5259841,741.7107449
119.2786774,275.0426117,358.484548,394.7923766,424.5501711,461.4997787,475.3075356000001,481.29107130000006,500.032642,538.877934
42.11854117,95.28634598,117.2494972,149.4204094,181.3184714,210.0664541,244.921351,270.3057467,282.0016808000001,289.5176558
46.32508612,91.75546213,212.6043326,333.2801064,437.3381451,464.9872271,474.0462063,485.1873230000001,499.5271148,523.1093162999998
6.187533266,20.73113810000001,24.56758019,25.15665062,27.2415446,33.00159978,40.18204565,41.00306819,43.50121433,82.14472796
9.884719946,31.41964025,51.69472153,69.21826626,73.19404867,74.22819978,75.87521134,77.82352262,80.47554489,91.10076148
23.17939806,56.76681192,77.55626788,88.38500416,112.6733564,119.7295972,130.5800125,135.2314659,144.9570067,148.33843080000003
10.39071781,27.07472426,32.2606894,36.43081237,37.17057667,39.47023801,44.50873643,46.71573751,50.06002795,74.78057934
14.7545755,83.241642,136.477236,165.9208495,174.283771,179.345814,185.9540022,241.1610197,259.02854269999995,266.6452982
32.18172169,56.49992065,70.48039961,81.15020871,88.72778905,92.4091668,95.55006308,100.0241615,104.2468267,108.4604372
70.82648371,247.8953001,316.7704598,355.9176624,384.2658624,402.7675519,421.1522022,432.0009907,445.2481895,474.4571272
0.007690746,0.007690746,0.007690746,0.028440904,0.211061074,0.308974891,0.538576878,0.926746369,1.199740281,1.353612429
99.07341,174.7768485,233.8568998,266.8122503,288.1674378,300.3537453,304.523453,305.1480279,307.1049705000001,307.6694187
5.971523294,6.748091535,10.63667197,11.41506716,12.84361578,15.17927022,15.5412475,18.41672867,18.91571977,22.55749011
60.68504275,65.51215138,75.97550708,83.2597069,95.13559455,114.9101715,161.21226919999995,196.7878485,223.6104058,235.8941469
5.378181364,14.91807665,18.30603143,18.5814802,20.09837765,20.25795927,20.51414848,20.7134787,20.75560898,21.24369134
9.315386297,31.09669573,58.37821699,75.09169831,97.32698618,136.70079630000004,170.8353283,181.4235064,185.8093083,188.5360613
8.398589353,12.29399885,14.38488563,19.30086364,31.31382922,42.01378277,44.20890962,44.30912568,44.62417734,45.0317815
28.480374,37.71679338,40.99938543,46.21276981,63.23245832,72.03368411,73.3602626,77.69247948,82.07858236,83.75216759999998
6.0090181,9.406113853,14.2670706,28.99041688,64.04148988,90.08381588,103.7395391,111.9034455,118.3457911,122.2434999
90.82321487,151.553777,189.0764685,206.939682,209.2162601,210.1513728,213.16214680000004,213.8167365,217.3893809,223.692128
29.614668,61.09311667,83.56973367,95.03280133,116.9854983,147.2740783,175.9076263,183.3598504,186.4875566,188.9120286
26.1052985,35.20029725,51.68610258,72.70789142,108.2020541,168.0094102,234.0174301,275.2685786,286.4726969,296.1328314
0.7590365040000001,0.8615163229999999,0.957228562,0.957228562,0.965419614,1.4439646590000002,3.352999898,3.892472505,4.030525221,4.085537338
7.120478194,11.30947294,17.17363419,26.8149692,33.97936546,41.8946491,57.08970498,93.99856767,111.6638318,120.1540901
14.00054911,35.35934620000001,55.21726149,66.17246865,71.52223593,80.31224240000002,93.47841339,109.8215192,138.5517906,187.4280116
86.018135,137.676182,176.841432,203.447235,215.046211,225.184558,239.477965,284.881663,411.163733,522.828973
90.54538552,143.81402230000003,180.3539668,184.0286189,192.4074479,206.4524169,239.533618,250.8860123,256.85839550000003,283.01156139999995
147.4338525,221.3066606,288.7460042,346.0426509,364.0300597,371.7272699,374.2889433,378.1189469,380.5694389,389.5425923
88.43659724,150.65130280000002,210.8780013,264.5692839,316.602013,451.145645,616.0672799,743.46706,1056.231043,1188.321047
67.0762104,97.68151551,128.005886,156.5384441,166.612414,185.8441118,189.9692967,192.45884640000003,193.9665103,194.7678885
10.48676474,36.11342826,43.55858802,48.40310611,49.16155916,49.38777327,49.46228729,49.9300534,50.33004995,50.81752553
69.45182521,80.39686096,89.37362766,98.91088352,116.5091855,173.27609040000004,225.843885,238.6415527,245.4570605,256.2616774
24.76798111,53.00552364,89.38950975,125.6054938,129.4644149,131.0119159,132.2647756,137.3991767,152.2857413,158.5174385
3.0523322630000003,8.564240023,21.86529778,23.21674626,23.9436361,24.12750191,24.17989749,24.34148024,24.45707802,24.80719674
15.084692,40.43480513,83.24493113,134.986741,188.2691474,225.4905778,248.3840141,292.805165,376.418071,458.828499
1.275623147,1.295187787,1.295187787,1.297779119,1.299891934,1.299917119,1.300546941,1.301493348,1.303695357,1.376379517
0.0,0.0,0.0,0.0,0.0,0.0,0.0,0.0,0.0,0.0
6.551386595,31.6450475,61.92953960000001,86.43325583,107.9547355,121.5736317,142.541195,153.342027,155.15224809999995,163.02459130000005
17.40066067,19.40010711,24.62660214,31.25094118,61.53670881,67.28574096,70.62428735,74.9678105,79.17761721,79.6115533
142.7710617,173.98832130000002,190.0214079,214.4703173,227.9013941,235.5952148,238.6088558,245.1245236,253.2960276,275.8023542
12.2013334,37.93151607,45.56292494,48.60568062,51.26036323,54.35662236,59.47743635,76.73263259999997,106.0676968,120.6118207
8.554235197,17.0218315,19.44027231,20.68497671,26.51466233,30.05195011,35.68532168,39.44599886,43.60839845,46.94145954
74.68858425,206.1323992,241.52433080000003,254.0791397,264.6856834,278.0455538,320.4377623000001,373.9208433,391.7465606,402.5227673
33.93769334,45.16269654,55.46689203,64.53177869,72.12879529,85.4048711,91.92598341,93.08876062,93.28927552,94.4934801
0.197952695,0.285831656,0.467591188,0.789878072,2.66368813,12.18724724,24.5969966,41.48571217,51.47773647,57.25927928
5.73387559,8.645903282999999,10.48055496,14.1802842,18.07524662,18.46957413,18.73014438,18.99516298,20.64008014,22.34717118
17.76915644,38.15273010000001,41.58919936,43.9838177,45.81298712,54.7558711,60.43434746,71.66411063,116.1241745,146.1504951
14.97940772,38.037869,59.25787876,87.08182572,97.54185552,118.2903572,125.3321738,146.56791299999998,169.20895080000005,189.6709074
3.130474035,6.095229423999999,16.40385164,51.53408196,61.49662497,67.27606499,74.01334720000001,74.1815309,82.64077114,83.1076095
11.55908772,18.59078946,27.88558957,34.25407979,52.37655758,62.15244326,63.97240758,64.78259134,67.49970947,68.91108193
100.1506228,124.65955359999998,126.6904627,183.7016654,302.738063,334.8058205,344.8304978999999,358.0079316,373.9991683,377.2040225
22.47403795,28.17933813,35.54886307,47.30286134,49.58215453,52.12853016,54.14155246,54.85026946,57.17690526,60.689134
4.953244227,12.36340841,18.27806819,25.36621813,34.28465648,54.26315172,68.3923983,87.58432778,104.4780948,112.63487990000002
55.72232367,73.0291975,86.1956055,105.3961027,160.29449250000005,352.4058525,404.8804935,492.95371680000005,566.9626635,618.239083
93.2571595,129.6205059,137.60509409999997,143.3940188,159.9242499,198.7130929,237.980567,269.7781629,304.8950614,330.0568671000001
1.910357637,4.312432751,5.266305599,9.197034411,18.54285981,25.32704057,33.51540836,41.34602467,41.58124636,41.65576354
71.22070574,84.95506702,110.4261102,122.9365516,125.5119894,134.288245,177.99410780000005,223.0384107,258.9387281,269.0969311
13.926826,18.83792268,23.32900703,32.91329083,56.27479632,87.87291309,93.66203991,99.07903461,127.6472753,143.3313503
2.9765421080000003,7.856362063,11.80408814,23.84104574,25.23542167,28.50951979,39.49450629,52.50191496,68.32129573,82.69420291
304.5008633,467.029505,494.9073331999999,517.1895321999998,597.2674455,680.5649837999998,749.602283,857.7220146999998,1223.40111,1437.805936
128.9026148,199.45294730000003,223.0950816,233.9650497,240.5695126,244.9652689,260.1241536,265.0509849,283.2980731,291.1012711
3.166077804,17.22858766,25.51977405,42.79938122,55.87390589,69.49019686,72.48340977,76.72614228,83.20115075,97.03964936
42.21031,120.4581933,179.8893308,214.0790477,255.7244025,262.718202,273.2806222,281.8843532,298.5479745,303.9862235
11.90557628,24.16469133,50.19319684,69.71729085,86.15221328,97.92982823,105.114232,110.9646193,117.8600125,122.3653052
2.643754972,2.797201462,3.512143253,3.968732461,4.995230895,9.057844534,15.34160847,21.04127338,30.97974986,44.72870368
43.44580537,58.64340615,74.10427599,80.99441824,85.13776704,100.2590496,124.6301812,130.4604363,136.1664635,140.523626
116.390093,140.0920782,161.2296046,195.5269858,230.9164086,260.9343562,293.6214582,321.424139,352.5137892,370.4801106
39.64157154,81.91338906,103.18562,113.31388590000002,128.6727913,149.7811801,176.9892677,222.6589461,249.7538894,250.9563281
0.493964497,0.883525413,0.975775986,0.975775986,0.975775986,0.975775986,0.975775986,0.975775986,0.975775986,0.975775986
4.695667042,7.460787508999998,14.79011037,24.93144885,29.29168966,36.44928642,39.74136786,42.58540206,54.06860784,61.19818269
36.93429149,49.784013,57.44574529,65.90492174,79.16898422,88.63310428,88.97309776,91.08585095,115.3651956,150.1384017
127.2387755,223.2670115,232.0834589,239.9801792,251.1588213,255.8524207,267.4966532,269.0167715,271.4174434,272.1508369
13.73518739,35.62344336,52.76210924,60.69860024,69.52730367,77.87957818,122.9078326,166.6310207,184.4138533,194.1043062
32.63119993,53.08166913,60.96278564,71.68653879,121.60510320000002,139.1128195,140.9782421,142.11098909999995,143.3639867,147.5762139
95.82144017,188.8909025,219.7160606,232.7348131,237.4635175,249.5517443,293.1582064,396.787166,427.6261515,430.63461849999993
0.471596525,0.7059479879999999,0.775006985,0.9002822290000001,1.191448611,1.521095679,4.159555692,5.477721839,7.06387198,7.065671547999999
46.58182655,110.3735769,159.98957099999996,178.14134030000002,192.4373642,204.502248,220.902511,233.3675004,242.1425625,260.3188811
17.9352595,43.16069488,63.74292975,79.30486569,96.16085856,110.7939902,128.9065774,139.419422,147.2956531,155.1617821
29.63373727,45.035113,46.7424285,50.36176891,54.39035135,57.81350772,64.36193947,71.44289049,84.59323951,88.04738613
81.95794651,120.5890187,161.4815614,175.99767869999997,180.4373045,192.8401714,208.3926512,215.4737128,217.5104072,219.4349396
0.043411114,0.050029352,0.050726966,0.050726966,0.050726966,0.056012652,0.070273541,0.070468798,0.070731739,0.071019956
30.42761874,51.71384379,68.36604009999999,79.00544906,81.49230437,85.48641639,120.3760476,122.06467990000002,122.94544779999998,124.7498173
10.96191637,40.34830773,60.64225574,66.46940202,74.8603502,85.83546645,91.56081566,103.6676074,125.1114651,138.36849130000002
23.92367385,41.22146566,46.02678135,46.36452847,46.98912568,47.58856155,49.69627901,51.74359886,54.1127269,54.41426600000001
19.610743600000006,35.74549786,44.39846811,49.76477549,61.56908520000001,79.11525185,85.91106628,94.77364035,102.1048929,105.9107518
31.92555639,146.02801369999997,169.26861169999995,174.9584105,178.60858330000005,180.7367157,183.0923225,184.0818889,185.0498835,186.62108490000003
17.99890602,27.09835312,37.75442502,41.95335248,52.16217904,59.58703981,73.68749901,96.72813424,120.8371441,129.5343528
22.69037385,30.32587835,30.9130102,31.66862401,35.49229725,62.01276941,136.7437039,219.5383132,248.1645415,264.3529163
33.01119363,84.62642292,110.1413301,126.1446057,141.660989,156.1309773,165.36208630000004,182.91888280000003,219.317798,235.9255444
62.02816283,128.90496979999998,155.3228468,165.1586684,171.4536783,175.3271169,179.8608733,184.4393758,188.7056824,192.4065721
52.54900045,125.9615383,190.468798,266.9941778,354.6046719,409.1758437,482.2456664,537.5867687000001,556.3777087000002,575.7764609
35.11744812,61.94614322,69.71005674,85.07113532,106.8615591,118.2154717,125.6692175,149.56184019999995,194.0944376,216.02408760000003
13.45874839,36.98935951,43.42634594,45.32235806,46.35174508,48.28009464,50.05546283,51.13051244,54.48506745,57.13947099
39.72231758,82.45754221,91.4599775,100.0296921,100.5686283,100.7003304,102.2228535,102.6994785,102.7002611,102.7002611
18.46061644,90.80711442,125.6718996,130.9799686,142.6120299,176.4509638,190.94370680000003,202.5315702,226.2255115,244.2719317
31.39154171,52.65946143,60.59330887,61.08989632,97.05001432,137.8976289,143.3124292,172.6992426,185.4104606,204.7460882
7.568316435,14.62910625,29.27412518,47.79898897,54.91746569,59.49581412,81.12803816,95.15430154,105.2783672,112.8237672
111.4932761,178.9242529,235.8848024,256.4816949,299.0442236,313.0667853,323.3827492000001,352.0578716,500.9338268,611.6309605
29.55326233,103.2900247,126.6418242,142.78301580000004,162.0199295,181.456797,197.0393182,214.2883554,225.9158572,250.9363902
1.752861169,1.844974538,2.021306756,2.112441004,2.665388971,2.8401111180000003,7.559263162000001,10.75303592,11.67920863,11.99690231
42.40126048,67.8201118,94.31305191,117.7123744,129.0057117,137.444627,199.41037,232.4631337,242.8832762,251.3072972
91.03128819,99.57136272,103.2186026,146.2497513,182.2222534,201.4917568,207.1426096,222.97402180000003,225.9283424,231.742507
27.8250584,53.88015844,57.29367377,57.77767225,60.01855311,72.72213537,87.78106375,110.7259748,151.2677987,151.4400187
22.95573184,30.45225126,38.55678207,53.19663775,79.23646086,98.03849922,126.0106108,144.8361724,166.60660880000003,194.3457676
6.22995679,8.829231232,10.41144501,17.36516474,20.74034081,76.05371952,89.08509467,101.6970177,106.8623305,111.5917937
0.0,0.0,0.0,0.0,0.0,0.0,0.0,0.0,0.0,0.0
20.57006695,42.88530284,52.50739554,53.90114284,54.98642232,55.35454356,55.93691093,56.94362247,58.03613631,59.0242269
72.404255,113.329928,145.159292,157.9937227,169.471409,201.960389,258.7401413,287.3980497,326.5318903,358.8434547
2.140956381,86.90791034,121.552717,127.3373256,127.3533612,127.3776301,127.6456111,128.4442506,131.3935859,134.7360915
87.00257972,118.85307579999998,154.1122493,176.7394563,191.0329338,205.3168019,220.8888548,230.8556208,251.59447340000003,328.9994562
11.03378173,17.32408523,25.06826176,31.76912626,36.85293894,45.50253449,55.95513003,64.73097992,73.7137457,78.29130308
182.6427933,335.3534933,500.6545717,671.2233683,858.7785683000002,993.6042517,1035.306012,1086.793785,1108.979674,1150.645785
162.8927267,324.9024633,463.657005,581.72182,673.0987299999998,697.6485102999999,716.9470337,763.1217027,792.0793633,817.924988
26.49321436,50.54428157,73.43271026,87.59176993,104.0161106,121.9584635,146.386818,152.7642235,156.991889,167.5965023
3.297554702,11.75388052,12.38928286,14.73686753,16.12734093,17.69125971,20.15168435,35.20723575,47.81531434,57.97040793
49.65882213,68.52264996,75.11888509,90.03896673,129.62248300000002,154.4556345,164.2664118,171.2420194,178.3409029,178.67083490000005
13.79899907,19.81503439,21.74415063,23.20774715,39.59576107,53.45929687,56.9967181,59.39583835,59.66494131,60.54049158
42.86770167,54.620451,64.13440067,70.45998490000002,78.09217557,85.00382573,94.7695404,129.5154637,145.2035814,147.0192467
76.21292893,77.75723696,77.84037049,77.89608782,79.32771696,79.61999631,82.74851502,91.52040743,91.61916991,91.84963135
106.2254321,154.9359343,213.0792193,288.8045387,328.9333213999999,343.7101376,360.2279141,375.0764319,385.5967142,395.130495
30.69749767,74.79815867,86.36321533,108.468276,133.8681553,190.386232,241.713932,301.7433587,438.2407787,534.2775167
69.56725899999999,140.39584309999998,273.0075196,385.5801613,410.1034751,445.8376556,502.5982334,578.494288,640.293278,681.2688632999998
1.7883886530000002,5.559396706,7.41492201,8.663025917,11.69518235,20.03611346,22.53045197,24.22410897,26.10694437,28.66119819
15.85861168,36.6341018,50.49436758,55.03943228,63.88703541,79.77751062,94.77237987,108.0791765,122.3151926,147.255028
14.13171745,40.18961784,52.81661273,61.46639326,110.0882762,123.4791661,130.9082018,142.4686476,155.6623361,172.29625269999997
16.894689,20.91104928,24.77714409,26.66340149,29.31576837,30.28530037,30.49333478,30.51543004,30.65019244,31.52755645
36.15949833,93.243054,150.0029057,253.0656643,329.2462697,373.652689,403.5802117,415.7139863,448.4529643,492.115978
132.6116764,245.1843181,269.707632,305.4418124,362.2023903,438.0984449,499.8974349,540.8730201000002,640.735553,702.900756
5.492515578,18.91300611,26.45420425,37.98595949,42.89920065,45.54293317,51.9271185,56.38170279,62.50088801,66.68848416
84.19619992,150.2257849,164.0996074,173.8309171,202.6537969,226.1497386,235.1185292,245.0293791,253.56924,258.5584059
0.0,0.0,0.0,0.0,0.0,0.0,0.0,0.0,0.0,0.0
57.80033729,107.180749,143.0848426,159.3408452,177.4798782,200.7398849,264.9615794,359.6222418,388.5211941,405.9168203
30.26052285,108.4411025,144.2581735,165.7654677,178.8696055,206.7581387,216.37437230000003,230.4092377,261.1019864,304.4726924
14.00371467,40.0151805,54.94278633,55.11574106,55.95574034,57.08979984,57.45114873,57.76429562,58.02881343,60.92089915
14.45642516,30.82465152,37.89773312,48.45942932,75.15980982,79.01755039,81.91885001,84.65145589,92.89217805,99.65320951
14.22350751,19.20392699,26.90616279,41.49165262,43.8578348,44.49401256,44.55537663,46.40082396,46.83925852,46.87541883
47.97709226,144.4430554,157.68875730000005,163.47661169999995,215.303671,226.981536,231.1703406,234.1862414,246.0101372,253.2446771
67.57713221,114.6956603,175.0853103,255.0183233,332.96261489999995,372.0945461,414.309251,453.5093497,505.2847104,574.7457638
26.51621198,36.3216169,53.19326428,57.00952136,62.18196284,66.02654053,85.98786594,106.0880925,122.9420882,160.5014084
40.46016883,88.96772337,119.4845098,174.5081157,194.8362321,203.3140541,206.9975458,209.312287,224.6703147,262.6626646
27.95486797,46.96932581,50.63614252,56.90835504,61.790455,64.97861607,80.16991159,100.0491886,105.1711241,111.9948909
84.6642115,114.4816423,147.3926642,168.0352082,217.0890528,339.8007918,462.6556102,508.3091522,561.1954642999998,608.2940493
30.54412805,69.70215294,80.96168829999998,120.7508602,127.2791777,130.1996689,132.5517179,135.5341095,139.6490985,147.6770194
63.47147929999999,140.4630541,160.3292371,168.9438188,179.6974852,195.2089583,229.5127883,256.661757,294.20518210000006,330.0045712
70.47526875,126.960092,150.07875380000004,169.318873,186.2006659,208.7041218,226.0950451,237.9134583,258.7466791,293.7840082
26.18262425,105.6708558,192.2287906,234.1133208,305.5446066,353.89794910000006,408.180429,480.6557184,553.0494025,611.8052512999999
59.77340225,152.6541003,259.7674328,419.427044,628.8221153,761.7209465,812.5803264,851.4788394,900.7229941,945.5010273
11.8903345,15.00175452,23.25546598,34.49095951,70.60198038,84.05276996,93.17693112,105.4305631,112.5067008,116.3720034
35.52808322,59.48464821,73.40708768,97.82573457,117.9412438,126.9224877,134.2447795,135.1220512,136.0561755,137.153497
59.04750792,231.5085993,276.12767260000004,284.0294491,296.84021980000006,316.0696399,331.11249689999994,344.2873849,347.3029678000001,351.94406789999994
77.75148235,148.8802632,171.44250119999995,182.028982,189.8435199,194.5892141,199.1373258,204.4254497,209.6940442,212.051119
112.375,205.0236417,242.096238,287.0466243,300.3537287,316.3733870000001,330.8808217,361.69418,388.3131473,396.7052686
6.878338468,14.22517762,48.36818933,53.16847359,84.24471221,102.5081606,113.3988989,119.149856,125.9683066,141.424385
1.563536661,4.132692596,16.8489635,21.11863268,24.18053891,25.45445503,28.7412539,30.09581246,49.34078738,62.00269104
39.42130924,81.52089971,122.667051,138.8422755,153.05066019999995,174.66943669999995,219.1834215,305.1325378,333.6234009,341.9480927
22.02032896,29.28110294,50.84075908,87.1357593,91.24882696,101.2278332,107.760108,111.0557858,120.5078111,130.64363970000002
23.94689092,40.32982096,45.81753857,51.92741414,57.34777765,60.01756846,74.14890403,97.33004589,102.1905651,107.3040926
136.078365,326.5918917,413.6618083,476.24984169999993,514.847204,574.410424,678.1554752999998,816.877162,971.912392,1132.065312
10.03095854,15.55414256,21.90873678,24.60192855,30.51064695,32.53914643,32.60713427,32.72986477,33.00337975,35.48663306
26.08556757,30.97515764,42.8038451,47.2313091,53.82760669,76.42153459,125.7510305,156.09186780000005,170.8084155,175.275474
88.64601341,138.70387409999998,145.94385060000005,152.60448019999995,155.63074709999995,200.7969169,244.6479641,274.8986382,291.6120299,308.1479712
67.84753343,99.31490757,131.304823,210.2795774,297.278209,389.2560956,433.1839106000001,465.5633557,484.0212466,535.2233826
30.17871061,38.57131655,38.85067941,39.47610638,41.20970362,41.95349553,42.76856053,43.27683224,45.46282252,52.81560378
2.876152332,19.88093869,27.823725300000003,31.71347494,37.53524211,41.96828885,60.62638357,74.82295359,75.15915236,75.57689314
0.0,0.0,0.0,0.0,0.0,0.0,0.0,0.0,0.0,0.0
125.6499363,228.6890487,343.5468663000001,470.0343913,563.4832436,671.3006124,741.4386494,805.8975548,856.3970934,935.7379029
48.4991836,73.6949732,88.32519312,90.42595717,90.57785685,90.94077985,91.89029987,92.05207532,92.49662527,92.57843551
60.55934829,66.74174178,79.01161717,85.93993381,86.80669949,93.73392742,97.18667487,108.793691,115.0625,122.1902134
66.13352761,98.7005431,101.4872502,102.7912379,104.1394406,107.6752439,113.9154618,121.1898655,124.0875736,129.20095659999998
114.0985535,158.2879339,178.67588830000005,205.1471474,224.9325784,265.465393,283.3423938,298.9233041,311.0566664,316.3850692
48.24086613,66.70037037,80.05870405,85.407441,97.2913083,116.4254837,132.756695,150.38424469999995,163.5158998,174.2495291
7.20890787,10.26874172,11.11464409,16.61709265,20.27463314,59.11490293,80.44088241,120.017845,134.9951997,155.5552253
65.43737583,129.98399270000002,224.3729217,278.7819909,344.5517086000001,461.2001607,565.0480641,653.9744664,720.7717101,736.6933887
77.93511543,107.1803133,124.123712,136.50124630000002,152.81215830000005,184.1177716,216.2298483,245.2810537,279.8559063,335.7249479
0.2875277,0.5126016999999999,1.33966747,1.42415323,1.56480997,2.11189204,4.56586774,11.09013974,11.09013974,11.09013974
0.0,0.0,0.0,0.0,0.0,0.0,0.0,0.0,0.0,0.0
7.246839419,8.45999071,9.746755207,12.43897339,17.13511308,29.90142706,39.76917748,78.60008903,108.3603168,127.4183197
16.86821869,43.68929016,54.55532109,63.76746559,64.32801802,64.8474123,72.48834947,74.42950999,74.75467206,74.95262476
13.07964204,83.61545216,110.9833334,125.07262140000002,129.4329024,129.5706827,129.69554879999998,129.8666225,129.9397898,132.9098908
2.994092085,17.44513318,28.97314934,44.75868516,62.67286083,87.19586023,103.4718127,122.0780544,143.3995281,161.99461509999998
55.85278992,62.54182208,64.44838792,66.54298684,74.06219994,81.33177578,91.52406845,119.1649011,128.5746261,130.6275263
90.824062,126.98019840000002,135.941241,164.58274340000003,186.6815668,192.1042536,193.3776105,193.5256849,193.5699383,193.6511097
58.54522298,137.6393659,168.3181847,207.4556869,255.6060952,302.1299764,311.3202669,314.519858,315.1741151,315.8636298
88.19163595,133.1287924,174.4904708,213.2017946,261.9137743,300.8776215,325.5600469,357.545859,408.5680757,478.4908724
7.640937167000001,9.582097691,9.907259759,10.10521245,10.19309142,10.37485095,10.69713783,12.57094789,22.09450699,34.50425636
86.17090209999998,126.7577866,154.7168271,176.7266767,207.104558,219.3946298,234.3698832,241.997011,247.1904089,254.858626
8.792971904,35.68552973,51.66195546,65.70299770000001,80.36662286,91.24969392,107.1290784,126.4985886,142.2527399,162.2559774
46.74542219,95.68272259,110.2373078,116.5893399,120.7311934,123.7491619,126.0182798,128.5202945,131.2864249,132.9223615
38.63590658,83.64015629,104.8105264,116.2905379,122.1675099,128.86728190000002,136.9014841,150.21013330000005,167.5708962,187.3902971
41.86347883,66.72338714,145.05339080000005,229.7652388,293.5957341,357.6509655,423.1582207,469.8289319,571.8602351,665.0622986000002
11.22088256,16.02217408,26.66116582,53.54009599,73.55884309,93.7192876,109.2049408,116.3323373,132.0586587,142.0860837
35.0296777,104.4121036,129.1931303,136.2199081,148.0242607,158.6475254,169.2258761,172.65422,177.2991705,186.135023
18.3264738,29.56107632,70.87780542,149.51986399999996,213.4360055,224.6874344,236.2966933,244.54857830000003,248.6377571,251.4648732
2.000680773,2.8983334660000004,6.881068149,7.992376396,8.275488699,8.979413214,9.588370296,10.42044275,13.06419773,13.21764422
18.21654015,49.97670775,60.12947036,60.85451558,60.93767993,61.24073619,67.32700049,70.71611991,75.59403862,88.71691379999999
45.82528016,87.19547194,108.512509,218.5070648,261.1680913,282.1787087,308.1957763000001,326.2797954,352.83088310000005,384.0657826
9.22362988,15.63679649,25.79424352,42.72910642,51.12897623,79.81963748,104.7079261,127.08166509999998,161.8760983,195.3745935
3.34294957,19.58335715,20.5171856,20.66408024,21.04462049,22.61365135,23.21337303,24.84126128,25.33996043,26.86873352
62.60811994,83.13325108,114.9368006,127.4472218,128.5944422,143.4493132,176.7369411,181.8389173,189.7113344,257.6055365
99.33539718,180.9286918,219.0133771,237.625679,250.7020772,270.077296,301.7288247,352.2231141000001,398.3449394,441.0875478
31.37061693,77.58309366,153.4867331,242.1952607,323.743815,398.7435055,448.4666171,494.8928903,520.2662194000002,529.5027209
0.481414527,1.5812872080000002,2.427583712,3.837661899,7.500788452999999,21.14518336,25.93665666,32.09810985,32.77305561,42.47786161
8.555090943,21.74871974,22.74163557,23.38397355,24.67477989,27.92607026,32.57648162,45.73957499,55.02317411,60.09022613
28.83421237,48.71214548,51.57040428,52.94926791,53.56371452,54.11347465,59.41464364,61.40542609,62.94423519,64.7259818
14.874993300000002,26.75251422,39.82070464,54.3394027,64.54508245,76.54311677,89.73527637,104.7737605,106.5637047,107.3267616
32.58641168,66.7289986,102.1000084,117.38512,119.3994407,143.99768480000003,172.5506949,179.96530009999995,188.183235,195.704136
31.78339151,50.56335393,54.01516943,56.898776,76.75395814,86.10283312,100.2601412,105.4583689,108.5812888,122.7262236
25.321062,41.87952843,87.61486572,110.5747215,130.1725488,134.82682219999998,134.82682219999998,134.82682219999998,134.8497281,134.9220379
21.4781455,60.61978883,76.68327617,94.95165983,106.07871509999998,153.81777759999997,191.7364973,206.5822546,216.68805730000005,226.67285530000004
39.40740566,54.58108012,80.03846828,94.54609945,103.3449354,114.575931,119.0021588,126.2887318,135.8054087,159.6558331
28.26607965,62.70587270000001,68.06511593,72.44437599,91.90373711,129.0547213,181.0812868,193.95639,194.360069,194.870393
37.1509842,89.17754966,102.0526529,102.4563319,102.9666559,104.0992977,105.382969,115.2546637,130.4584873,135.599321
145.8217774,165.11971210000004,181.4298582,200.0192564,245.5655952,256.80034240000003,281.3083276,293.7003381,297.4548307,306.5326393
102.0157733,176.0354694,238.294654,281.1931682,304.26344710000006,312.9987729,319.9515373000001,330.3480742,333.4829673,343.0801412
13.72973486,45.19612969,53.67449674,59.85018221,74.02515956,94.73885098,99.64585882,105.214309,105.7743616,106.5777636
8.325590222,14.95506516,23.40473345,31.14214973,37.98973667,44.60033097,50.02560704,57.7877563,70.86380489,86.87618147
0.7783951929999999,2.206943813,4.542598249,4.904575532,7.780056697000001,8.279047802000001,11.92081814,13.39305889,13.87133352,14.14862132
8.968790607999999,18.87964057,27.41950142,32.40866736,52.98634589,87.30681968,109.5395435,116.4288853,120.4867568,123.9175852
114.3553242,201.8372059,289.13117939999995,370.0453298,436.2629932,486.2518524,528.4017282,552.3681211,585.6941289,607.3480863
22.0122429,55.78657496,78.63925588,111.8543535,144.7884574,162.5606409,190.0218841,206.0274179,221.7010691,232.9513026
83.96064187,119.86597340000002,132.2357606,149.6775668,162.3077873,181.2538782,197.0479372,256.09544520000003,428.5565366,473.1756098999999
15.3357865,37.18476867,60.70632416,71.83380536,76.32344971,85.82701925,102.5460428,122.9025297,132.98469509999998,137.91833590000002
83.219073,206.386293,328.1563197,449.9608543000001,566.3813363,618.361673,661.9381463,694.422845,741.1659907000002,815.0726373
166.4041512,198.0282969,212.3908497,224.0737174,235.2404597,243.0900747,247.3648228,253.8571432,279.5818289,285.2223099
195.9728567,402.4767333,498.3968217,554.56036,590.07212,632.334714,649.354207,654.4584477999998,684.5011568,741.4827721
56.46795661,105.7689912,137.9135134,159.4842403,167.63021830000002,170.44928080000005,200.2695325,226.9274023,238.4365493,253.4284278
8.12732724,15.83463675,30.47610352,49.36375097,57.28929317,62.15405015,84.74716186,99.23396871,108.8902756,116.65747079999998
34.75697597,110.0279571,131.36773119999998,137.6746483,138.0597431,139.7929996,146.6810021,163.99534730000005,195.6549115,202.3510252
16.86422108,29.44825597,35.9332076,45.84533736,91.85610676,110.4160343,123.3151527,143.47302480000005,156.5637063,163.078799
82.7498934,103.6481714,103.7644662,103.8269649,103.8576793,104.3395746,106.2712115,110.7350608,110.7422247,110.7506447
87.55202097,109.8448382,122.6269134,155.68120869999996,184.3246646,199.6600311,215.1466602,229.5427324,238.1241035,247.7897925
3.575914124,8.153768951,13.75128676,33.15174264,37.97277507,38.82069057,59.65845006,60.84610829,61.74514522,66.30591799
26.56745987,42.7983521,46.0394011,46.51575004,46.56727882,46.62549554,46.75242226,47.7772823,48.64276793,48.86333595
31.07623862,49.33968705,60.23042534,65.98138246,72.79983306,88.25591143,101.0631575,106.1570369,109.1793284,110.4773731
7.801765828,13.29604525,15.56171643,24.67745664,30.57020814,48.29802736,64.37729245,95.90526976,144.4044534,169.600243
80.31448467,149.9325273,306.217184,443.0296457,672.0413990000002,749.5361737000002,779.8829147000001,826.5446622999998,868.2917577,909.748334
10.21809937,24.50782668,28.36114178,33.03269639,48.89312997,105.43908290000002,136.0950816,140.94226809999995,152.0725131,152.07475569999997
61.96574607,91.36350421,103.1475043,106.7106341,111.8760828,123.0434228,138.14741719999998,158.3153416,166.9545096,172.6330061
55.68099958,99.10305111,125.1987114,150.0194825,182.7465097,194.8690991,201.2825854,217.9173586,219.3142971,226.7153278
99.98725133,190.8920497,246.2335547,330.2655857,445.50909569999993,588.7164665,711.5169265,779.230533,833.2430735,878.1526443
26.15358766,32.02941601,38.60474497,66.37056853,76.3635511,80.87165753,87.29265308,90.06255293,111.138416,130.1026544
17.54022379,34.98095223,77.05891413,149.2405142,179.17279630000004,187.3411845,196.3923122,203.7974803,217.8074363,231.771914
58.68693468,89.48220031,101.0500872,112.9779168,130.7429565,146.02785469999995,157.00529430000003,184.6054098,208.516909,213.7265272
22.2347256,25.0326631,31.4942695,59.0733371,93.3059113,128.4429801,153.2923219,167.3102815,195.1503557,242.5907409
140.3807866,219.0096535,244.7536375,267.1366075,299.1872695,373.0240929,464.6184207,511.5995931,542.5084787999998,564.0857999
87.48325833,154.67909550000005,209.1010618,318.645098,429.5112472,482.0235153,593.9714453,652.5073772999998,698.843677,709.2623436000001
15.49464861,30.88462795,51.75307871,58.33867657,59.86607267,66.80507683,75.16978089,81.43848013,85.26100313,92.67275183
120.61758799999998,183.2395947,230.2186893,246.754514,266.41170930000004,298.4188747,341.3594597,379.289669,416.31329,495.7161033
58.24069321,104.934965,127.2237343,152.1608584,173.7115578,184.0001446,192.4430446,204.501306,231.6587418,261.106012
24.02113,39.25692529,49.75123847,60.98137661,92.69559933,118.1488963,118.3913598,118.3925378,118.5055193,123.5459736
0.063848417,0.283091969,1.073349573,1.911430906,3.387919179,3.935665513,6.076926802999999,13.80728464,17.63165042,21.19448804
8.850098971,11.14609393,15.53616519,22.49204301,70.15777890000001,79.57561967,81.05615833,84.36993072,91.74974386,92.02532167
59.44063948,92.28494561,113.2183871,127.82719070000002,137.2430108,154.7587044,178.0862301,210.8492389,248.7348895,286.9416111999999
10.50961906,25.67051385,39.98117993,43.3469989,45.7213731,46.20460757,46.64658858,48.28124567,49.32587209,51.08022273
32.14168764,58.0371865,78.27230766,90.01600844,103.058057,109.6181142,115.3174523,122.3565682,128.08641070000002,154.587944
22.27336588,40.15178294,63.23092694,90.41036056,133.1674094,183.7806444,226.39721380000003,293.31735739999993,346.3690847000001,375.7575728
14.76921425,32.98334152,49.72630189,62.89707247,82.86220643,94.74630611,112.3010612,123.72765459999998,132.505625,147.9706609
192.0163246,213.9561296,253.3830124,265.3448858,281.6164066,291.2463939,298.7917995,304.5605934,305.5724335,308.1817466
1.139613634,3.741318566,8.117700229,15.01276459,23.29548509,27.68659849,30.44243241,38.79568353,43.96793793,48.83751820000001
4.404255216,8.127257145,63.43825532,67.34651553,73.50365506,78.73494776,92.1127363,102.4221817,105.00152659999998,106.1149086
13.82983814,37.31226678,52.13137899,65.73716533,70.49560621,73.58228618,93.27136811,103.8952914,113.3391973,118.6000952
56.62901417,124.21897079999998,187.8978584,253.1911801,338.6118421,501.2829299,596.9096886,641.4378337,651.8498499,655.4428472999998
20.89307958,47.86372264,80.17772138,104.8915436,121.43032240000002,127.5334538,143.0303702,158.56180030000004,179.0496888,201.0598191
3.214819502,18.45318876,29.79193456,35.45251355,42.41314514,52.69254356,73.50489632,92.30168411,111.2017811,133.9159252
14.70286309,25.27500738,42.06267078,61.87918178,83.69287806,94.30290504,107.2979965,113.9281219,116.0795751,125.558583
0.047306273,0.047306273,0.776367273,1.921033073,2.5399490730000003,2.842647213,2.842647213,2.842647213,2.842647213,2.842647213
1.970462831,2.636049815,4.405657587,5.763052888,18.4338439,33.56277573,44.80257171,51.25859669,61.99334129,74.47797423
64.12720182,77.43274403,90.79494978,108.8647987,203.8680858,219.7212842,235.4700165,254.9794425,270.2532416,296.7329869
51.8361815,94.45168262,144.83234480000004,206.6822402,220.0800701,225.7978202,229.3278115,232.5217029,235.4473667,240.15127830000003
25.332759600000006,35.667556899999994,38.97360747,45.45806552,51.51932238,65.12003139,74.90332582,77.58772777,77.64442913,84.47795493
62.20437143,137.13901059999998,199.0260866,250.2780554,321.7854181,404.0305259,504.8681087000001,595.9689272999998,631.3727116,657.7745143999998
11.42379731,21.84531293,35.70565961,44.21541131,48.87639228,61.82170974,105.77998390000002,132.4365225,167.6071155,188.230887
80.72715529999998,140.14011259999998,180.2046862,189.6730145,253.8652628,314.1532844,393.81149460000006,486.1356709,594.8504098,696.4335087000002
2.721665382,6.575458157000001,8.795872686000001,10.76973495,14.64349909,17.6366676,26.69522221,46.6242229,61.20732461,67.1524097
29.20352075,37.86755091,39.32070187,41.66631548,44.90232954,46.51874476,49.47988393,51.23117276,61.81314369,64.30092727
9.479007905,20.47001792,33.24262358,53.86270714,65.86866033,76.78474451,78.65302368,79.35547272,81.18479495,81.57782382
2.4455754130000003,5.334148723999999,8.852236332,12.58284715,27.37590941,44.94148252,52.70462543,58.30646909,61.25543745,67.77316955
11.54885124,25.50677382,30.06900668,30.24698669,31.92451853,32.01278735,32.25493413,32.37218046,32.37218046,32.40135885
0.0,0.0,0.0,0.0,0.0,0.0,0.0,0.0,0.000195494,0.022358915
23.35963354,71.69233779,101.7331734,123.57605420000002,124.4107508,124.61452659999998,126.2510642,131.0430737,168.9920963,205.8419409
12.97455745,30.53261369,40.98594673,44.49388031,49.83698206,56.23043387,59.53996508,63.15230973,66.11796804,67.83432075
6.931834828,17.64708989,25.99824057,31.35492853,32.05224964,44.67674788,50.19391504,69.30921574,77.06352965,77.79867624
10.03424034,24.70040784,41.29365368,53.40860752,58.68416255,61.21563846,66.87663445,88.10306331,114.561434,133.7414901
67.85948865,99.42633739,101.4799549,104.9843614,127.1915596,139.7136334,181.0353921,192.57180280000003,200.7741323,208.9626774
93.83868,225.6181367,329.564865,436.4359483,511.3968133,566.648103,651.410533,779.610328,1009.419205,1203.7937949999996
24.17983761,49.6044753,77.90383218,90.89005066,97.50510219,107.7970092,129.8906763,137.7047225,149.00933940000004,165.190782
117.6236068,220.0501971,267.7854686,288.7533263,298.4181155,302.5957128,305.0987118000001,311.4685348000001,328.1352001,347.8318702
0.718567717,0.7882489659999999,0.83763261,0.8389929420000001,0.84057143,0.860526382,0.86718749,0.88190419,0.8820033840000001,0.8820033840000001
5.5805768160000015,9.153700634,11.91965519,16.11016692,16.99646013,17.79001518,19.78070356,24.00612972,27.72407912,32.80240797
3.137697081,8.453291747,14.43223129,19.2669855,23.1220762,26.30625212,30.02630645,35.98319293,40.64682629,45.28831385
13.0705932,29.47244941,38.23631612,66.77115965,81.96867037,87.20172102,90.25145185,95.08712034,115.6709136,148.26663190000005
0.671725487,1.5653384419999998,2.059675379,2.095559213,2.234715554,2.810084512,3.905241278,9.951581657,15.76020664,18.75314653
17.505311600000002,32.11978333,49.08952213,64.62314445,76.37674435,84.08442215,87.87399871,104.1721521,130.5078415,152.08274330000003
88.23503388,192.3154865,259.6144596,366.7473181,443.7898076,496.8068803000001,522.7577376,546.2400871,565.6221134,591.4317949
5.525818867999999,11.77250414,26.01966582,42.68323715,56.4474007,65.72307428,70.94002761,83.94801597,98.60333909,103.3785349
31.40547452,58.49453531,89.86515224,136.077629,211.9812684,300.689796,382.2383503,457.2380408,506.9611524,553.3874257
73.79134131,151.5745036,174.22609939999995,199.9586735,200.1295458,202.8319473,203.4044955,205.1831114,213.345283,224.8105316
38.30436182,91.28749277,97.02141658,103.0254593,113.8840788,120.9436764,123.751866,128.960614,136.7526274,142.3272781
133.904837,217.74723030000004,325.9345370000001,419.2471687,539.747252,772.5501452999998,979.6953853,1128.581565,1213.454825,1329.440267
19.286783,43.813662,65.01997188,103.4848477,221.9400233,272.057248,298.5460138,317.2886379,353.95718710000006,393.2619255
20.77611134,31.72459120000001,45.03550358,77.45355929,115.6495737,135.353643,158.1032716,207.2771124,269.92888480000005,307.530626
124.5556572,190.4252152,248.5918902,315.4289949,378.0053124,430.14404289999993,456.0804903,477.265712,538.2234844,585.4062848
36.10015759,59.78337492,81.41803309999997,96.52799967,100.1150391,103.6772302,109.2801425,112.3083695,119.0202787,129.79336329999998
21.18989865,32.5195829,42.23871829,49.6546452,60.12778628,64.37174537,87.80794012,103.6171867,112.756071,115.81399
33.589816,77.59544267,166.267512,291.1884377,467.0762768,614.6876702000002,848.3635002000002,973.7191095,1089.189263,1122.374984
49.34054292,128.9652437,191.0452708,231.3762882,252.04229300000003,289.2702621,300.6333109,359.6285569,379.8850205,438.93595
136.9131976,228.3632639,255.3487059,288.1474675,318.6530205,353.1106387000001,383.6680115,400.1004043,429.1175959,453.7685645
59.72983538,68.14614781,71.8211191,76.10169714,93.20142229,121.483447,139.34830259999998,183.2787744,187.4316689,190.268599
28.4146159,54.63965765,60.51348649,68.15219776,94.30418433,101.0443353,154.6189883,176.1791459,189.8304417,192.7595377
22.79549899,39.99451237,57.51342851,59.13097943,64.91773732,84.09456695,98.64034897,99.60984781,102.4167444,151.6417751
84.302288,187.7558733,307.52992830000005,361.1612683,384.010191,408.509433,429.632278,448.297137,462.4167143,482.446843
13.388382,35.16146983,43.47123935,53.43990068,76.71681068,92.2322731,102.2683529,117.1564105,150.581923,192.6467861
24.60767395,57.09797351,92.12480809,104.5190551,106.2572911,110.592189,112.0103108,117.3277014,122.0079748,122.361268
12.82962649,23.30782432,30.11220589,34.16405303,34.43611171,34.45156855,35.25846872,36.19942463,36.31629076,36.65556986
20.52906861,38.11928342,47.9340355,53.61786556,59.69173352,67.39973288,72.58121321,75.53893393,94.72991634,98.98220726
4.173092375,9.053751024,11.72289714,14.62594143,16.08766987,19.31801211,21.50401329,21.94255628,22.79150025,24.25665208
65.43726371,106.7509471,158.70102659999995,185.1843336,231.9377511,251.7758847,262.8193779,275.038256,291.5349889,303.9197626
56.61854517,78.40799283,96.80474167,119.6310018,142.9620485,167.6741802,181.704633,213.402187,252.24729130000003,271.2242992
3.60106322,10.75533965,15.32552796,17.79164845,19.77053283,20.92530159,24.27550331,29.52014875,32.23437206,33.99527965
39.44183866,57.91810609,70.52429303,85.37256369,122.330949,128.90047959999998,142.33308069999995,158.5151,177.7138399,212.4888044
58.28464857,75.87144243,120.31014209999998,160.4540303,176.8920501,185.3195555,194.6199147,217.6818304,231.4789562,255.1095417
48.67799121,67.1576671,90.91752553,104.1709017,114.179917,128.4828613,135.1913102,152.6669698,169.0065084,172.92592040000005
13.96267056,22.29723588,32.12105861,60.24888136,111.93124740000002,168.8233909,239.8718756,269.32340350000004,295.3149851,330.1441724
59.51181933,104.3809397,127.0204498,133.1138681,133.9320257,134.0984939,136.69963280000002,147.91097659999997,177.0631756,187.5655547
117.4161883,181.3569778,220.7971777,282.5525867,326.4414017,357.5126671999999,405.1937068,471.7895818,524.9383197,574.5113987000002
38.40290397,59.03303052,104.2474691,167.18952130000002,217.2206551,244.8600335,261.148282,276.9670871,301.91528,314.758036
0.457570963,1.341503705,4.635453884,9.588425829,10.78707343,11.03902638,11.50954552,12.70860048,15.09926113,18.4531126
117.2981047,273.2619413,404.3121647,494.808128,553.9702287,597.335155,632.1555753,669.2432267,836.9216787,920.6657252999996
28.25749371,56.20736729,83.68463571,88.75173497,119.75967040000002,139.441199,153.10534740000003,187.3965538,189.2212757,190.8123649
14.31242895,21.5952687,25.2686454,29.88280119,31.26078054,32.02000308,33.15878898,35.56443870000001,38.25859283,39.17065145
4.932731488,8.431075746,26.76614088,35.42461649,39.08835043,43.95888497,51.44325417,60.16909898,70.3107844,80.87166966
18.72613821,25.53788158,32.60533452,37.17882145,47.35183627,58.16514849,62.03296427,73.36207237,84.49238241,95.93577699
24.27040913,62.558204,116.2458144,227.2397173,372.385919,521.0686478,678.9819415,799.7629446000002,959.3831484,1072.224031
41.04197869,82.98621879,106.0498427,121.4324915,138.6212967,160.7935311,195.3261882,223.2149427,250.1475568,270.9509876
114.7168892,135.0505545,168.4317878,196.9054402,207.604303,216.699217,216.7964929,218.9041708,233.8296628,281.2549969
1.757658423,9.021990319,32.49996165,39.68329937,41.18248479,46.60674175,50.61714081,58.91789705,68.04360847,75.29962556
182.1177756,312.334217,391.6397278,413.4012952,444.3631816000001,483.1866025000001,596.5110413,633.4077382999999,643.7613481000002,651.5583475999998
11.53035125,24.1158155,42.99761876,71.10297270000002,83.46859903,91.2954858,100.9563422,121.879121,166.25530859999995,181.4872652
52.28171403,66.11833859,74.27347561,83.00271039,88.92974486,101.4159508,116.5295062,131.11519840000005,152.0821079,194.8145943
28.95860488,67.87488746,82.72316445,89.62035754,91.53145024,94.29965771,97.20781574,99.47309012,102.1874598,111.6842674
25.1350752,44.36923548,56.96263298,82.60411085,127.1255303,166.27935280000003,205.0616364,234.8281032,244.9903217,248.4436645
20.68395257,49.25509143,88.98325886,129.51231940000002,140.7600113,142.7302215,143.28168069999995,143.391312,148.99599990000004,196.6361981
29.11052713,65.128337,105.6456635,152.75679730000004,187.8733255,226.3489471,279.0164869,299.8725133,313.3011789,319.42683839999995
40.56739083,47.05058082,63.31009898,163.7314597,196.6048123,206.3227947,218.0825008,224.4690977,225.4708715,287.0914012
20.41060804,48.02777992,67.12763248,69.83982079,77.4447502,96.1284457,116.2907898,139.81869819999997,149.4050667,153.695272
46.19131633,97.78482633,166.3838263,249.9295397,295.0491853000001,299.83144639999995,302.2736265000001,303.9503227,306.9182498,325.57554280000005
133.157614,213.090175,236.97027180000003,249.2255646,315.1767686,357.1790574,366.0102932,373.3829695,374.7858452,374.8244606
0.160694471,0.160694471,0.160694471,0.160694471,0.160694471,0.161851163,0.176628457,0.176628457,0.177095248,0.507895374
58.77145841,121.6446767,166.06966459999995,183.5952087,188.7199214,196.2162641,235.7778277,247.1230963,266.78114750000003,284.3509174
55.65334352,73.92750387,83.06469893,97.23416822,111.9662205,131.043099,142.8688033,153.9957217,167.3810243,179.6271924
13.7506267,36.55318392,49.62987634,61.02443321,67.03760985,74.12859833,86.69257009,103.8718959,110.1757378,122.3144936
11.0832411,34.00947814,75.00063262,132.3983402,149.0570522,154.8001848,159.3761354,165.57592590000004,183.8552172,206.3212737
62.94205221,112.97318590000002,140.6125644,156.9008128,172.7196179,197.6678109,210.5105668,212.0155785,213.2472922,219.9116874
0.0,0.0,0.0,0.0,0.0,0.000441362,0.000882723,0.001215293,0.0583484159999999,0.067919651
19.76448744,42.91083094,45.23583156,55.35276999999999,56.68816665,57.18330886,58.16139929,58.49699935,60.58963489999999,61.68453356
25.17090447,50.76645106,51.19975114,52.31710022,52.36730295,52.55861327,52.80612349,56.14034765,56.95635499,56.98590625
24.07639858,34.02631844,42.76890067,52.62471385,62.38248249,82.98529699,92.86193982,96.99763419,99.66504044,106.504283
46.05252936,65.53164018,72.46221779999998,80.10995187,92.78492139,103.3282098,118.38000890000002,129.6538973,145.6372461,160.4561135
12.52942225,23.26145598,31.16769601,51.04973401,83.22072113,98.55703552,103.6045174,111.3990263,118.05057240000002,122.0424104
19.54162597,44.8476743,47.60538847,49.73879971,60.28596682,66.99426455,72.59324368,79.284653,93.51151083,103.483022
17.25931654,52.7835547,115.8233421,159.48025800000005,190.5757852,230.8811933,276.6824896,323.1897766,338.4674938,341.6323078000001
73.88462914,129.77441159999998,151.08085060000005,164.5235086,192.5231886,249.5568617,329.5433665,426.3249398,490.5321992,555.7507142999998
17.73337735,37.36416317,63.89313891,94.79593511,107.5088237,118.9908725,130.4184121,141.1942119,158.1728666,181.5745908
68.712097,136.56886699999998,146.788653,155.5443233,171.51824580000005,212.92073230000003,216.4298064,216.4957592,216.6040947,219.981412
15.53143012,36.01931858,58.02944892,80.86069863,86.81602117,90.90880985,96.21801736,117.36308490000002,133.388972,140.9098729
1.241260192,1.328485834,2.8189935489999995,5.5072269270000005,6.398253191,7.017930713999999,7.254827326,7.67617737,8.446627055,9.026848948
126.1503465,188.2812657,230.1468009,305.5543347,358.3409703000001,392.0163526,448.8421999,525.4830036000002,587.7477713,656.2558313
17.51813973,31.43347204,50.97509801,76.28114634,79.03886051,81.17227175,91.71943887,98.42773659,104.0267157,110.718125
22.9174421,47.69678842,60.99830237,74.64994928,89.64132701,109.4180949,125.15107009999998,136.75846059999998,189.6661986,227.0714516
7.418865761,18.68760131,33.23700178,42.0580564,45.22846861,50.72868071,56.94555085,61.84592934,67.03366934,73.160389
42.47486399,75.97038558,93.82316948,105.2118577,115.2035671,141.681306,159.1885384,166.5398978,180.09154030000005,200.3591482
0.400992427,2.413799347,10.60645128,27.78676312,32.56352246,33.97337455,34.06906975,34.52294196,35.63921939,39.13574342
0.108579761,0.397615033,2.107097394,2.73981836,3.5361787060000003,4.053037432,4.424551049,6.388878898,7.351296816,7.434864238999999
12.97769518,48.96808597,95.38037453,123.4194637,168.05514,177.8541822,185.8289432,189.4485669,192.5222165,200.9312102
57.54993399999999,65.72160749999999,65.90822892,68.16636997,75.86328657,104.3573816,133.7995071,143.9419826,184.1788826,199.1389466
9.328040435,9.460537177,9.511539154,10.97969143,12.73108507,18.26474675,20.58066495,20.60117146,20.62069578,20.67590122
10.29907075,27.43363372,34.97558356,37.50743294,38.64390073,39.08876549,39.63873434,40.22104068,41.06018104,42.05913073
29.82087701,49.78496679,54.68177841,58.01871154,62.20996717,68.53742831,81.73280147,86.3371027,89.11944204,96.41685544
9.544828157,17.9239845,22.48669157,23.94764275,28.38613881,31.82548031,35.2352155,44.46167856,54.30322099999999,72.16481989
19.3264609,53.91772741,91.71037754,98.72634178,103.3457241,116.469999,143.4629113,165.85366330000005,168.273298,174.5762248
36.63327029,52.84178386,61.18064914,85.61077914,115.3411877,131.9714551,137.89933630000002,149.9886415,170.9860564,182.9630815
1.174699617,5.03090978,13.21507171,16.32265522,16.43805423,16.5068066,16.83664557,17.19580142,17.42960878,19.24939751
43.735556,45.06138326,46.35776604,73.25711884,102.613526,153.7057186,175.94044419999997,178.7383817,185.1999881,212.7790557
19.93438183,34.54220321,41.6428804,52.56136453,55.73754171,60.46086262,63.58117413,67.20907965,78.84367198,101.7024256
147.0235158,188.7244453,200.0311969,206.847309,214.7064606,223.1421751,244.13705930000003,253.8604087,257.82167830000003,259.3246132
17.17632789,36.19442815,52.65830434,66.25660625,79.94407217,92.08602429,101.971319,106.0331178,111.3247317,115.9121408
9.309250539,40.49701779,99.82282673,109.39736090000002,112.5442746,116.1548353,132.58143020000003,166.70857790000005,233.0247156,267.0139261
7.47402849,22.79144979,25.31191474,25.59854068,30.78527125,34.0936214,58.24569439,65.33447854,84.47744262,116.58216609999998
101.4041767,193.1145847,330.65605330000005,473.1078967,602.4930167,676.7645932999999,791.2469432999999,878.129774,945.6146083,1034.431473
0.739829967,2.06035878,3.1802643460000004,6.808115722999999,11.54828466,18.36914911,23.19577116,32.00327214,41.15559888,52.77649318
14.09909437,20.73044502,30.11530806,40.3775061,52.23465422,65.49550566,72.41656798,80.19093452,82.99030096,89.5324034
0.0640051109999999,0.175660928,0.252157836,0.254342663,0.256175437,0.573913076,1.710314151,2.893276007,3.259708159,3.281297887
1.613372011,3.697188701,10.62808708,26.24951883,31.49559631,34.60535301,37.98265727,45.18565855,50.88971512,54.86524229
94.0737292,143.3856272,169.3883062,197.3966126,217.7227348,229.303966,234.4658616,241.6132705,260.8184395,265.1127233
4.905436701,5.794233638,8.169769663,8.956358506,9.686805805,11.2031022,14.41233262,17.30609535,25.47478904,35.01234272
25.41926159,41.80536526,47.21678139,66.18817964,94.04683671,141.25574740000005,162.61106759999996,186.4337932,204.7435165,218.1504195
22.7463277,46.17904544,66.33099835,86.61011235,90.58456355,90.73185764,91.22541811,91.5806799,92.9262181,93.37726142
7.950324932000001,15.11081503,23.69117395,31.6667207,37.47314221,41.95052083,44.71700499,47.724864200000006,49.04054009,53.01814699
19.72726992,24.23658597,44.82760963,72.31308147,86.29372384,116.3705578,166.6547543,228.6193142,248.5440039,262.09739210000004
54.95961949,81.20913415,92.69347602,97.11338717,105.2204319,125.3881928,149.2596276,166.9717085,171.9930079,175.5905845
46.44157183,54.66035181,56.83273023,57.49548152,57.53844898,57.62030284,57.72610484,58.36892105,60.31181396,64.95303382
7.954811899,51.1279526,106.8482436,124.9830975,130.82691119999998,131.97072020000002,146.1024376,172.160338,184.7873329,193.4371134
8.641796621000001,15.2739055,20.46803324,25.08196465,29.85394081,32.26086666,34.50501016,36.22496471,46.59505604,56.55598134
118.8559884,226.2202093,261.3237262,288.5381793,306.3335467,322.2640948,328.7221399,336.4059007,346.001838,358.0726589
93.395502,187.85819530000003,264.4474263,299.1822822,354.0228946000001,376.4103395,414.4800726,456.977364,561.5268227999999,613.5887052999999
26.74718057,75.26169499999997,103.6712491,132.0566294,154.22150019999995,180.00040149999995,186.4981205,200.79518080000005,206.8435265,213.51121060000003
80.96916707,134.6402274,163.20861440000004,215.6003738,238.6313732,254.91309640000003,273.12901780000004,278.93873460000003,284.0783138000001,287.5999382
27.95486797,46.96932581,50.63614252,56.90835504,61.790455,64.97861607,80.16991159,100.0491886,105.1711241,111.9948909
74.19656649,78.48838159,84.48480852,86.26998075,93.01865304,115.2618834,139.8564642,151.1851753,165.0858739,176.412176
0.057896085,0.234527697,0.290989181,0.767798764,1.05042896,1.300942805,1.584432403,3.574743067,5.83731018,14.06947914
6.38831557,17.2142739,29.15800299,61.33136649,94.08608832,113.0127595,130.13964280000002,146.97231399999995,159.3712804,172.42091169999995
15.95766386,16.34687884,16.49031277,16.6694558,16.81161903,16.84472414,16.91047578,16.91229356,16.91451064,16.91522338
165.2901867,234.8373833,289.6029223000001,357.9395203,430.00720369999993,497.1115343,662.4591892999998,822.7783860000002,892.6877337000002,915.6297133
21.70246942,33.11698607,55.80735991,63.44286442,64.02999626,64.78561008,68.60928332,95.12975548,169.86068999999995,252.6552993
39.58281317,75.93776801,101.1989188,103.7832987,106.0568083,107.5679699,118.0701913,136.26406980000002,140.9765803,145.0784271
1.924717608,5.385129782999999,9.057519098,14.82275805,18.19036816,21.3208495,23.79335889,25.0600254,30.55028981,37.00240504
26.30646088,67.4448995,102.4343721,135.6472116,163.6687915,216.6815855,235.6304988,243.0471357,256.9065409,264.2939468
3.051776454,5.698459411,6.477072184,11.4511473,17.07723921,18.17768853,19.7496153,20.73234884,24.57524055,32.42837342
68.71798759,85.81421178,100.4826038,123.8803914,154.8962533,187.9666211,210.1875813,244.2381655,257.580393,274.1697848
69.41194695,107.2630328,135.5893264,153.8522038,162.2015978,190.6453699,207.762094,215.1496381,219.8542633,226.7365132
3.4393415010000004,6.84907669,16.07553976,25.91708219,43.77868108,53.98790901,69.37390472,89.59232423,98.79731539,116.8538537
30.87406312,75.68512359,102.1342405,107.930266,109.1675214,110.4955847,112.1012214,113.0607857,115.8812374,119.4677422
12.2406095,19.52904263,24.65201161,52.69154086,58.76548696,63.69211720000001,65.93380724,69.07274019,71.64762113,74.93982374
26.43499821,54.14375385,80.43176795,93.90119175,127.2224379,164.4197822,190.8045133,214.19112400000003,243.447325,264.1712945
31.92031572,51.77909953,66.11079367,81.51910638,81.7230748,81.73555415,81.85374353,81.86621427,82.0263857,82.40790992
0.0,0.0,0.0,0.00126165,0.044410091,0.048973069,0.048973069,0.048973069,0.048973069,0.048973069
32.8504904,50.53827857,64.9519674,76.39003591,84.99153371,107.684412,125.4843364,129.4610428,139.8255355,152.910355
0.115025219,0.227695587,0.277645268,0.28549171,0.328733703,0.5170140010000001,0.657428126,1.181658316,2.252617031,2.691094647
11.42379731,21.84531293,35.70565961,44.21541131,48.87639228,61.82170974,105.77998390000002,132.4365225,167.6071155,188.230887
17.56071318,30.2021131,37.76687514,45.45054194,60.20165674,65.59722372,69.46570489,81.46731932,106.475381,121.1968709
97.27496314,119.451685,131.3310299,146.92716,168.23633480000004,193.8155939,211.5689229,218.6075598,227.1502571,248.0942597
26.29357000000001,34.31441526,37.30760885,41.19567424,41.34419129999999,41.37460508,41.50306267,41.79731748,43.26773235,43.57948382
66.72584459,80.34606883,93.39659252,115.334498,162.0643008,251.9175227,285.17224060000007,372.6379454,429.3830972,469.1337803
50.613235,93.22980438,160.149948,213.2016753,242.5901634,259.0013619,270.6846207,325.0934644,389.3989824,451.63556960000005
10.50766596,26.96585554,36.1511256,61.53149358,71.96656601,75.19126131,79.36483942,85.85849454,100.4090269,113.1088283
202.7096433,372.69353,422.2319803,475.764329,555.203581,619.0014297,665.188664,677.4435337,705.1445963,741.62536
21.12057475,30.17353651,60.54553343,68.27386783,75.33790418,92.07855268,110.4630986,129.4760751,133.6889548,140.7576358
75.66368349999998,106.87548329999998,118.3311882,138.8852437,156.727651,194.2190878,216.6269397,233.5862143,238.8649375,240.4941799
30.8499858,37.94993151,44.10052664,51.69563104,106.0457284,114.5313863,129.5392966,182.2987875,196.48474030000003,202.08690780000003
90.56757675,142.4813622,151.6270744,161.181313,189.8809404,222.7233638,243.2213287,253.9114042,271.0724752,311.6758707
2.847993342,3.811005927,6.504755683,8.499684319,12.95378569,16.64141298,19.7235411,24.87058702,29.81312308,34.27678032
31.65418383,63.64998694,87.03186626,100.5904199,105.6339731,131.7337774,154.1262733,181.3825664,216.5791405,258.8332554
36.67216464,86.55166539,105.8166648,134.4447907,163.48988530000003,189.2669228,209.9234312,228.7590662,239.1597039,245.5931146
34.245078,48.02077067,56.16948705,67.90075878,80.90807302,90.55505086,110.1407893,130.2258913,146.4165596,160.9057194
12.29371817,25.76883099,34.38570887,43.13731832,47.0992656,48.58753928,52.66295681,56.31877338,59.32451472,80.66049079999998
104.1750173,174.61116299999995,218.4096401,264.7875085,300.3535884,329.4358521000001,339.422377,366.9007315,379.7180576,384.2364606
18.12247779,27.89836347,29.71832779,30.52851155,33.24562967,34.65700214,45.33153546,47.5316102,66.15964977,68.41482555
60.11894003,117.4543399,142.9035227,167.59747819999995,195.4931975,248.018745,270.7630213,291.3402712,297.2390436,312.67976539999995
0.0,0.0,0.0,0.0,0.0,0.0,0.0,0.0,0.0,0.0
97.9559855,157.9214056,200.9999634,212.6076833,215.1738744,221.8895152,245.7514268,269.97109910000006,300.7529147,400.8839347
27.84305058,42.84059467,46.81408431,59.96127918,75.19450106,92.40629756,95.81771942,116.7699438,134.5187513,157.04160009999995
0.0,0.0,0.0,0.0,0.0,0.0,0.0,0.0,0.0,0.0
35.02036365,48.72157697,62.72737228,74.73547395,90.05022016,124.0848597,167.5317877,181.4755728,195.03008480000005,199.9792441
6.2546395010000015,13.84205631,15.37636441,19.37429476,20.85153047,22.25336918,32.88177867,41.06047831,60.90719558,66.83431829999999
19.7740431,31.81862885,44.81111635,71.24847274,78.9237235,80.50642901,82.57959573,99.38336953,112.3605024,126.9978507
36.22691886,68.12750514,136.321139,188.6370373,248.5967831,344.802,478.2779171,553.4004321000001,597.7924922999998,719.8462574
5.3411595,16.31471684,21.10037349,33.75272308,39.85261148,42.93157886,52.42354706,61.03549741,67.22303068,81.76663551
6.399328066,12.78960016,13.65218181,13.72803279,13.75783595,13.78839914,13.79591195,13.83429241,13.9001308,14.09781658
49.02069657,72.7763671,100.5490266,191.1436943,226.4471128,233.7392721,234.9154685,237.1816993,240.0114566,242.358061
135.81369130000002,222.2375697,267.8089453,292.146639,305.772521,322.5299987,381.94673,436.2141867,510.2364553000001,585.1248820000002
27.68295349,47.09163614,49.34749061,49.36038682,49.38637549,49.39954903,49.41347191,49.4487031,50.58732929,50.58732929
9.694254928,26.64172887,31.50736118,32.80770335,35.52724584,35.74072077,36.00704422,36.12340291,36.14100001,36.26998701
41.38692479,60.50317121,82.83260463,86.32413491,90.86735603,109.62543159999998,138.1791946,154.9782863,176.8059332,189.8467269
13.25163527,32.48862672,56.12011181,78.19266463,92.22933889,111.4976862,126.5897924,163.1233116,174.9455243,183.7884067
5.147045917,10.08958197,14.55323921,17.99327705,21.25659245,28.95274885,40.54275993,43.58520921,45.18874542,47.65496160000001
14.80933763,44.18199864,98.38971736,138.63691369999998,159.91533069999997,173.5817242,183.4605813,213.1388421,242.1802623,263.6885394
40.4030245,41.91033835,43.63386495,67.58535395,96.15606495,155.59094050000004,175.627502,178.4104945,183.4974026,206.8899161
4.269483472,14.02089613,36.26529841,71.64671022,102.6482378,115.4698628,124.1743726,145.4889311,155.2214411,179.6283128
8.884919373999999,16.00487246,26.25610527,27.05009815,28.95979608,32.18357866,85.98782834,173.5061253,181.3534062,182.2506524
38.72188409,44.65368477,47.6274185,49.13800862,55.36076581,56.75819611,57.07208364,58.69775779,88.0397033,120.962024
56.82211225,108.8991812,170.85457250000005,189.9224483,193.1414269,193.4841178,193.8893614,194.3370814,197.4843849,206.0612808
72.5293185,134.82216519999997,157.0109514,169.08209309999995,178.55355459999996,186.9570596,193.2187176,198.5795672,203.220019,205.8337899
0.403953314,0.8359684079999999,1.239407963,4.084056904,12.52724691,22.45376046,36.31754179,37.41250156,39.66898459,40.44204221
9.973873947,12.34315089,15.35596579,32.23678145,40.40135442,50.90391182,71.10474994,75.88917567,78.92994958,96.03497311
54.46428899,99.4845924,105.166885,108.2000892,124.2101061,141.012198,157.80659350000005,163.0996284,165.1331386,172.6028339
13.27822611,36.79472057,55.33775638,69.4936117,99.14598891,103.7704646,103.9115469,104.9864812,122.26607690000002,125.4369152
112.0731567,219.699555,349.0969443,425.068817,457.3417908,473.8196468,479.8843769,487.2261427,495.1361289,511.8399579
32.36828538,56.07834331,59.80944482,65.59473632,77.30290912,91.92009847,106.3604295,109.0732221,114.2404349,137.4142707
69.76576144,165.9358771,195.277023,221.0652258,236.0470722,243.186875,252.7575256,262.2769468,269.5420575,308.0863606000001
64.305518,126.5421051,177.17778,228.2040838,272.4974826,305.9954344,342.5980325000001,384.9142105,467.141091,549.1629535000002
29.10022,51.84197767,169.89008769999995,337.7968443,487.0440993,595.7802042999998,629.4774337,661.3258833,714.47973,825.8903033
0.0,0.0,0.0,0.0,0.0,0.0,0.0,0.0,0.0,0.0
32.64022614,38.56525349,44.63593713,85.40965813,128.697149,143.38525149999995,153.15252180000005,165.793812,175.26879540000004,180.4211177
20.17448884,52.59166559,72.13545016,94.42125678,114.2068362,132.5764287,148.4259177,158.27972780000005,174.26284730000003,191.2320297
4.081792722,10.18291252,21.28701852,43.20920174,60.97062696,76.97971028,86.01159017,93.38872708,100.3578577,105.3942847
112.3197219,178.2533319,188.7285989,194.6149894,212.0755886,252.3622153,335.2442397,349.3870893,361.0513148,369.3685606
31.83211977,65.91440802,97.84367816,123.23881029999998,140.4137923,161.78795269999995,193.0566457,218.8290852,243.4844064,258.5606993
21.21236343,35.42959529,51.90228443,72.505542,92.60643871,118.1955003,123.3312218,123.5968742,123.8339061,123.8339242
54.93702129,67.94396671,72.64738295,100.0452481,107.2466226,107.6809072,107.9561969,108.4671257,108.7295704,109.8511555
4.286402459,6.661429423,6.712794079,6.755749407000001,6.875509397999999,7.192985405,8.35758598,10.90112614,15.83300561,16.87910169
133.47591709999998,208.5984321,252.9904923,375.0442574,415.9188036000001,468.311964,546.7313676,591.4729074,614.0838194,681.7726928999998
21.37376639,25.38713901,28.53922012,42.5618309,58.14813714,70.83749468,83.29510379999998,102.1412452,108.8779133,116.7470215
228.2481392,301.1469164,322.53079469999994,338.0828943,338.6737819,340.3442036,346.2827218000001,361.5789536,394.7868204,397.9560273
6.857827283,43.98194603,45.17995438,47.80056581,51.1149948,52.35573583,52.51068712,52.51269649,52.52084709,52.62289219
32.72458134,92.85621764,145.4552967,169.31400000000005,191.0978431,208.6331252,231.2174898,267.2867211,291.2135434,313.8391576
18.02397636,19.90739309,20.31144952,26.57959809,32.86462199,44.68140463,47.22191123,53.15387246,55.96693072,58.69195152
32.43953891,87.83463113,118.37660890000002,122.4258792,130.2736363,149.2691705,166.8137029,178.12894269999995,189.8517158,194.0555542
87.81704971,214.18992090000003,284.8077432,312.9453084,339.6159282,361.2283488,376.0851703,391.4002898,411.0889248,436.127966
87.09739,156.0951743,182.2231308,191.9719224,197.6361304,245.9111767,344.294086,347.372451,350.1541294,357.7311005
180.4989877,244.9197325,260.1639466,284.466109,299.1699933000001,304.8747689,306.4488798,309.1254488,345.9933377,382.2951834
6.945910057000001,22.40049532,25.38037953,28.20853949,29.38352718,45.7149709,53.85478979,65.04106265,83.395301,97.169152
21.08538286,94.078665,113.576637,139.4001394,152.3694499,152.5204306,153.2583115,153.6286117,153.80542409999995,160.702212
119.7130541,188.4989087,237.9613503,267.24509930000005,282.4199343,337.7407563,386.6072675,425.6608942,505.9825466,588.8452681
39.19589883,68.66648287,104.69866,131.2005145,156.7925321,175.4430129,185.5427814,191.6919221,198.9276617,210.52258250000003
52.55763158,77.81637386,107.7099326,114.37493159999998,141.0656709,169.0054501,208.5586687,232.4735011,245.367632,251.6726838
57.17975263,105.9159155,111.0336111,113.3413017,114.9362678,117.0517043,147.75036,181.022321,193.380855,222.3897243
4.879747323999999,6.2440761610000015,13.69434395,25.21606092,27.97221124,29.52797434,36.94287666,42.98605623,46.15934941,49.66750744
26.681721000000003,27.95417881,30.93252867,44.0967916,52.47275474,82.81918931,88.99834654,93.44625643,93.55594546,106.0464789
11.48990491,40.35621156,50.89718983,56.50913006,69.55687901,80.80476956,85.67589933,91.01762611,105.6898634,113.81104270000002
1.509294212,3.736715856,4.943308787,6.044985847,6.975240344,11.45382343,54.01474743,66.14139232,72.66877509,77.10082943
137.6200763,179.5749738,262.8341244,335.7382974,388.8835023,431.3055903,547.2472892999998,619.4090158,647.78291,664.9163288999998
31.1087538,56.5637804,75.31661779999997,153.9382528,229.6178628,299.5172988,351.7902756000001,384.9769084,387.0113383,390.4447912
0.0,0.0,0.0,0.0,0.0,0.0,0.0,0.0,0.0,0.0
70.42864863,122.2538848,138.2724789,139.7612642,140.6371504,141.86669009999997,143.2013958,150.20208380000005,190.1452713,218.7135401
50.05978379,52.02631997,53.69875417,68.38320903,68.76997302,68.76997302,68.76997302,68.76997302,68.77017651,69.04419894
88.8688605,145.3054949,160.9267524,165.3366817,167.82483380000005,180.6766149,199.1770065,214.5764816,230.6735594,239.0686851
90.44319186,157.6082608,160.544167,169.1272879,169.4106244,175.3396428,225.5605236,248.3140981,271.0475145,300.7031221000001
6.446877637999999,57.55031594,130.3267325,157.50766950000005,165.4055698,175.4284763,194.1899302,222.6493036,237.5564068,259.6451549
60.34695737,79.52754767,91.01857424,118.970096,121.0320039,127.6486619,139.21956619999995,154.42297240000005,175.21705219999996,197.4357515
58.6812755,106.1988028,139.3217125,149.7562178,152.8465759,158.88533619999995,160.8977179,162.2625157,165.0338596,167.6950239
55.86105632,92.57395716,113.4334879,127.9447792,129.3887716,130.41827469999998,137.858027,153.8127703,164.6158542,168.5909977
33.33106079,45.2492044,49.54727666,57.07058515,75.22283987,78.03299318,90.76329354,107.1193246,139.3289552,159.5782856
3.222319161,10.78183591,21.35544501,43.54072884,52.12599588,56.70753373,61.12931258,73.64907609,86.74239101,90.59254838
60.45196487,103.4901138,109.5685643,118.2429561,126.7657834,133.948325,151.5852882,167.8494132,172.50141100000005,180.1888423
43.28749086,57.97559336,67.74286371,80.38415386,89.85913729,95.01145953,108.5862051,136.8328581,158.7274408,191.9494788
63.83156500000001,121.118591,173.6930153,199.5260303,218.7834991,234.0744308,246.8630284,288.2900104,360.2485085,382.4788449
11.10442436,32.2290495,32.90799068,33.20723869,33.60875818,33.8540191,34.57787831,36.64776146,39.89100789,47.48259806
9.602955324,45.04159165,59.8869713,62.77080537,87.09673779,93.45013307,103.4730107,109.0543162,109.31911909999998,111.3887773
11.74733932,34.30754652,41.71909814,42.22533815,42.22533815,42.23919081,42.24801736,42.25127516,42.46219327,43.5120436
10.25506577,24.008241100000006,37.85525028,53.04582762,66.79994313,75.37088954,82.90845264,92.57982255,94.54462502,96.23723549
83.88068333,147.4357415,186.7977813,258.2507295,267.669719,271.4291453,274.7218447,275.8407853,279.6027402,281.6426961
4.581368219,12.46511755,19.37233822,29.3473119,34.06311748,41.74960419,57.90757182,63.30219038,66.9032536,74.05753003
147.75655,228.8633185,287.7123084,352.0431240000001,377.0171298,414.3177314,420.2254459,426.1928653,428.6835431,431.47676730000006
19.21776938,50.36618725,78.85953338,133.349962,146.41171119999996,159.8363556,173.7824971,199.9230095,241.242692,303.4705975
28.2324995,41.04184283,52.6569,81.90978633,94.0736985,163.2998825,211.6388563,225.1600798,227.7221872,228.391048
3.637093379,8.867915035,12.9811343,13.14108398,13.34590059,13.44540785,13.93343979,38.12659474,57.838362,104.4809312
32.31399874,57.02782096,73.56659976,79.66973111,95.16664756,110.6980777,131.18596609999997,153.1960965,176.02734619999995,181.9826687
17.84920007,26.12823304,71.99886899,102.3086115,135.94755959999998,155.54436619999996,157.85855080000005,158.4466229,159.56155800000005,160.29300569999995
19.81385787,41.6248902,57.48350188,78.25899199,92.11925778,96.66432248,105.5119256,121.4024008,136.3972701,149.7040667
10.13266061,22.97424753,62.62783503,199.5375417,275.9277631,294.9572693,301.4081593,302.6110703,304.5021566000001,312.8307894
5.478455242999999,11.53081356,20.19191660000001,32.57149541,45.3007146,49.75531999,58.58679539,67.07868901,70.48747482,73.57918378
0.0734793659999999,0.137370871,0.194342316,2.275585496,2.482298953,3.194177309,3.788130619,8.965013278999999,46.94124928,54.0471735
28.40151079,86.37117603,173.8713822,192.84948290000003,200.3393908,200.3542301,200.6699024,200.703271,200.9686426,202.4451532
10.13151168,36.39307098,66.05269371,101.178618,138.26118280000003,191.3972119,230.4683429,236.8976683,239.6202448,241.7818351
4.391277919,13.72566494,15.01921157,21.96291646,33.38527835,52.00559772,65.03788097,70.86654466,75.07914712,75.64062897
11.80393036,30.20290087,48.96836981,71.06220091,133.8984931,178.0094779,206.055622,240.8299625,271.91114280000005,289.4164544
2.844648942,11.28783895,21.2143525,35.07813383,36.17309359,38.42957662,39.20263425,51.19661686,61.49928106,62.06477507
11.94021935,24.69683163,27.63978516,35.60572078,43.46241095,45.44398347,48.29585473,50.76532885,59.20327909,88.54705871
4.272317566,13.06252238,26.71307787,43.61311111,70.62377844,89.42993057,105.3449738,118.5619456,125.9958657,133.4462413
9.226064229,83.15019929,93.28652722,94.02690293,94.15497405,98.43804816,109.0279864,136.5965434,144.7428431,151.6386611
29.05120543,63.62605799999999,119.4950996,200.253761,267.2428324,313.255693,341.4482986999999,359.41695439999995,380.8548364,446.39220760000006
180.09733380000003,321.3229725,474.01321500000006,644.8968601,815.8579626000002,869.8086887000002,912.125655,941.1763255,946.9834823,959.9631432
30.98062538,84.91714054,148.73850080000005,199.87658180000005,250.0954689,294.1367713,334.4192021,356.6538814,368.7395277,396.52985930000006
2.8429127160000003,3.22127938,5.632079007000001,5.970661196,6.135188847,6.495564722999999,6.806527631,7.276738601,8.765577032000001,11.23031856
15.79026071,37.29731954,53.92314054,59.83957973,67.40780923,77.93086661,81.54947952,84.58085401,86.07223173,87.96973512
48.1805645,104.8294283,150.683289,180.1475592,182.8728752,192.9068991,205.7591182,224.3347121,248.7526446,267.0023059
1.830997817,3.551545801,9.053213359,24.39260125,43.30224662,63.84958427,84.81605132,110.7344986,135.496136,148.90163069999997
44.09606986,88.43214958,96.92819595,105.2020433,107.352278,107.9785841,108.6122235,112.1045112,123.79237109999998,190.476971
155.4921071,215.9376087,267.134022,324.0527701000001,382.4969641,487.5584847,593.3391704,658.4659978999998,693.256584,771.9104804
79.42331866,95.26796036,103.6037065,120.1048585,141.7840617,159.23269399999995,176.50325719999995,192.41585590000005,195.444012,199.2785672
16.18201935,35.38075928,70.15572376,76.99226138,81.89075036,95.13572851,110.23291090000002,125.86967450000002,146.8677966,160.1606343
69.44457359,124.47852749999998,168.6239025,246.5970575,364.5033985,538.3706388999999,691.5381879,893.0746019999998,943.6780814,966.5525792
169.1641067,251.4099753,366.442132,495.3545987,650.2867352999998,709.5791452999998,762.444915,818.1368153,849.9513523,881.401769
4.292876229,4.544515198,6.663793041,11.27670067,13.56370015,15.26318936,16.04647639,21.33289616,22.91668168,22.94528695
12.63143253,31.90945613,45.86897398,48.16165137,49.89588671,53.81795394,66.22873423,89.37647924,117.65657009999998,120.8301628
51.06022197,95.27100638,101.2429136,104.0654427,105.3255285,107.1883072,116.3733811,154.18532530000004,165.9833163,184.2451152
0.0,0.032763608,1.210794308,2.356061408,2.8445464780000003,3.168475778,3.659804228,3.662103577,5.028303077,5.581259537
51.42171517,61.24147613,64.51724917,72.25018473,90.12737732,102.316815,112.9366291,128.2345955,146.90088799999995,160.517303
16.6738863,30.41391754,36.1670792,48.98814864,52.95091424,56.78867081,59.02944244,64.85692528,82.48097936,106.5344267
7.703478965,16.6740902,39.56382538,52.64346742,123.1792775,150.54715880000003,164.63644680000004,168.99672769999995,169.1345081,169.2593742
4.467642426,52.14663363,106.2523436,143.7818007,152.8920885,159.07745219999995,176.9718665,191.8602838,238.9604719,289.613288
18.11176405,31.16214752,41.59609475,59.90908899,62.80986268,69.91383824,71.57674863,72.69289991,73.62310908,73.65961118
75.40753379,128.19416940000002,161.8695517,218.695399,295.3362027,357.6009704,426.1090304,446.7697218,478.0847972,531.8978724
0.556291701,1.372755359,1.669559321,1.838253063,2.348600243,6.1985503820000005,10.28381792,12.64936778,23.52817169,34.34669337
26.66028694,41.29133446,67.16430193,88.91658679,105.0408453,116.3955148,157.6107148,178.8184832,180.0415378,180.4596669
9.711717124,20.53659287,36.9001101,45.27892312,59.68612169,60.87999659,61.8603619,63.73965245,66.30673647,71.07769099
19.003955,24.1500643,26.60625229,34.62712021,36.72949265,37.21883519,37.95703898,74.72053227,155.6915918,189.093736
67.26941339,164.654804,263.8704446,297.9483637,352.0417183,398.5366998,484.91474510000006,509.9551645,539.1385057,549.2736472
4.037306438,7.346149528,11.3847262,19.98313227,38.0001674,55.2907785,71.53973132,92.89367695,113.9207361,147.53268
31.21022096,59.45851325,74.75389912,79.09558827,82.44475016,82.49900568,82.69953016,82.96158085,83.36661289,83.60940847
75.30661944,134.2161709,143.37332560000004,155.0649325,158.5687151,163.03434230000005,165.171806,180.2227394,182.9207628,184.8568614
71.04848475,100.5000126,126.4915943,161.32078149999995,191.3762955,227.7902737,264.69515950000005,321.0094646,352.9751196,394.479165
14.24583488,30.82108404,41.77950833,54.60661847,89.69338076,146.0405613,163.1174541,209.1699835,228.6490943,235.5796719
33.47455595,45.25298751,53.33888154,62.88655595,68.79787461,76.11790094,79.92948064,85.64481971,88.54253637,96.09785349
18.86494186,37.70692257,56.15224207,68.84852821,81.81110936,114.5312298,131.1334812,134.194377,134.7341554,143.526207
21.80816305,44.86752883,55.75730035,62.02210984,73.78722414,90.53756446,105.1609366,116.1788414,136.2525897,148.21020969999995
35.53309238,61.88503949,67.62891593,81.57241942,91.19062104,92.83466785,97.51032447,125.2662799,272.2897957,313.9907252
18.512474,37.146177,43.62286870000001,46.35614010000001,48.2823454,48.96113174,50.87859944,52.47196384,52.62115643,53.13728493
0.40042395,0.5370242,3.951986965,8.009113272999999,8.714522359,8.764523788,8.766262625,8.853581819,10.20904076,12.19615384
105.7806857,170.90751310000005,205.6980993,284.3519957,370.7412659,429.6194749,552.5508404,577.3925677,626.9470709,662.3230521
20.71968338,26.08503526,26.39440384,26.56759204,27.01268528,27.51815443,27.92444893,28.54263543,29.53208012,32.51757692
74.48151251,136.89628359999998,151.05064119999997,158.13649519999996,166.3984612,191.2899962,208.8337786,216.432313,221.1108554,234.1823224
51.79192343,101.2091823,120.1680214,135.0306794,158.5664964,178.7700003,214.73454390000003,239.968518,254.4392699,266.36004410000004
7.329510892999999,11.74200559,19.55886648,23.76828096,26.00993189,30.18067881,35.12794572,37.92790903,39.63762485,41.02034919
52.80770976,78.96681231,86.44403899,89.40207256,92.03274297,93.55241824,97.30107135,118.0513604,208.9121291,234.5396159
98.51422517,205.7573268,285.9544868000001,324.3311552,374.3266515,392.2810315,423.8894797,490.6186242,619.2027075,690.880486
10.52370586,27.37966576,43.88093235,52.46359016,59.12165132,64.86450168,67.67099079,68.98136031,78.59261095,95.81062075
25.13766304,47.40452719,85.60556953,100.3767489,105.1251408,105.401966,105.6188318,106.3739164,108.8135345,110.6702673
10.45620171,15.35346933,27.67819736,49.17712556,81.07027467,83.62597461,84.43023118,85.9384176,89.635568,90.62776179
94.64148875,211.2982193,314.0882968,429.9242961,523.5216005,594.5887944,665.4033856000002,839.4157681,975.4858744,1102.905289
110.8417174,204.5717321,245.4973436,278.94997,312.5450827,345.56378,390.3213759,459.9217998,555.1077921,671.5304891
32.22842103,41.7144802,75.20826505,96.10073682,137.16654680000002,154.0174924,160.81176269999995,166.6978549,169.00427019999995,170.50182859999995
9.59536377,42.08076479,50.62547535,58.58758305,63.27734918,65.30950243,71.08110471,75.52417185,88.64169514,90.84261875
5.501360486,15.1904792,35.50908777,62.78247391,122.6791702,177.5328501,194.8782226,208.5210438,225.499482,235.36644280000004
174.1709725,238.18757830000004,279.9579627,301.9551334,337.9950052,356.93041580000005,361.0735561,368.937623,399.2241288,428.6083929
17.89282864,35.20549887,58.85223263,75.86560344,76.78252803,78.44271142,89.20480857,106.5145078,117.2685159,132.2100983
65.47114427,135.9737029,182.1760892,211.5713518,274.9645077,293.0947986,311.4190844,324.7468976,334.1908164,343.7446238
19.26834728,34.3604535,70.89397275,82.71618543,91.55906781,94.87714516,97.21416111,100.1347274,103.8362053,111.054555
31.291400300000006,51.27168223,55.45772679,58.18771086,63.04664956,75.46079928,101.028146,125.7665781,133.7275459,138.9730564
0.140919988,5.536983524,8.663451215,9.383978537,10.17124361,12.89610113,14.56023434,17.78459991,20.80664169,26.00986945
0.0,0.0,0.0,0.0,0.0,0.0,0.0,0.0,0.0,0.0
0.039381726,0.079308879,0.082105824,0.093436994,0.102158239,0.135764404,0.422082149,0.514418429,0.68027833,0.720727845
3.084958868,7.019379364,12.29435911,13.50897048,17.95224239,24.09281713,28.94138967,32.79629727,46.01536952,62.87677448
143.2073708,266.0078308,333.7214373,387.7339778,432.6435487,476.0143357,517.6453218,548.1741998,581.7945417999998,622.6423752000002
16.60361857,47.28045817,75.57965837,90.81213975,98.59061472,111.5733886,130.3695641,154.39452240000003,195.5646259,262.7211216
101.64007990000002,158.4019186,185.8345723,231.799637,247.4372801,251.3492513,257.9807776,265.7841936,271.60135160000004,276.429194
10.10621765,10.38327332,12.77843383,17.42435848,22.95017735,29.19686262,43.4440243,60.10759564,73.87175919,83.14743277
19.31293689,40.15624294,44.75484493,46.31222631,48.92070284,72.07795392,96.94518982,109.0868108,115.9811233,128.0676071
1.199908573,7.526830979,8.634983471,9.143554527,10.08246731,13.49855433,13.65067728,13.95955886,14.76160142,16.25220363
2.02278658,9.80760318,18.91020448,22.50277444,59.21508004,128.583026,159.57860380000002,179.20795880000003,206.6611168,252.5141898
2.962108733,3.407224634,3.759953841,4.125308801,4.787258611,5.687345053,13.22650584,20.21575836,38.67758295,60.87453386
14.81555878,21.43255494,28.12085048,40.50022435,44.50609288,44.73654373,45.70972298,48.75863051,57.04939256,60.15782027
10.12225838,15.12008904,17.4640085,18.74901557,20.35552711,24.35120168,36.03416218,51.17137896,73.98039926,91.90010414
47.57983361,110.2908841,187.6715583,234.69230840000003,272.9767679,313.3561261000001,340.9853313,361.65042610000006,371.3994333,376.8106875
2.818154493,5.018635291,6.097514293,7.833388621,10.42699322,11.99039816,18.12801452,19.32829012,22.74496596,26.44792128
28.81891267,46.18361867,89.68602983,133.5765512,158.171084,167.82686669999995,179.0696159,199.5929629,214.1264972,216.9998181
97.54342988,163.2409486,231.2781226,254.8748483,262.69605640000003,272.8025524,287.4895226000001,314.0072888,348.9113443,383.3340557
9.581045793,20.45400541,31.98561694,41.89392643,49.91318631,60.01091705,71.42691413,79.66921373,85.11804904,87.88124173
11.16302009,17.42206035,24.57010458,33.681308200000004,47.79782698,54.26904335,57.69719139,69.01239459,81.67181123,89.08556235
0.042137503,0.24585468,4.625675533,5.994828106,7.92614714,11.78591754,14.34251379,18.038554,20.10695318,29.22156383
30.43472289,37.06254349,50.44904348,58.63408061,81.48336277,150.93750780000005,186.4706002,212.8225473,218.5664238,232.5099273
73.81438767,128.8919641,156.1456582,168.6740894,172.2664616,173.4610956,174.1185708,179.19324730000002,225.8246567,272.07057260000005
0.0,0.0,0.0,0.0,0.0,0.0,0.0,0.0,0.0,0.0
7.790916131,22.61955029,35.39023022,36.41307589,36.41307764,36.41307764,36.41307764,36.41341196,36.41462921,36.41551214
37.88239451,48.35569824,50.95677564,55.5807473,72.96292399,99.50371677,107.8552181,115.7141246,119.5437587,121.0559902
0.190397497,1.128889725,4.2293961,10.53904108,17.59868188,21.94536427,32.57737555,41.45421901,48.8808691,56.41238666
17.93310985,26.85977945,36.84439128,57.16135598,79.21109082,81.55758026,82.7799095,94.9704176,131.9065439,195.183078
3.921931145,10.06249283,15.92307361,23.3800982,27.86332954,32.22816702,39.89162088,49.69757228,55.01244755,59.51491495
2.546584781,6.248641018,8.215800884,10.00890047,11.35625895,23.27033379,49.49485048,58.46204098,65.42163809,69.12524143
162.89288,289.602662,349.7992667,459.35496,571.0999632999999,729.0536967,911.4141733,1115.077017,1356.983557,1565.562513
28.44698636,41.91525192,53.63791334,61.99819543,83.03790279,127.3405262,144.3465989,147.0057516,147.40390569999997,147.4912805
4.709851693,11.51622554,32.03848169,95.83681512,141.3860204,179.1790038,202.2645391,205.4464837,212.3998197,239.2343728
7.256242195,12.56408983,20.25823141,32.47726179,43.03037871,60.04108817,85.37658259,100.8780888,118.3514022,129.2112395
41.41894617,54.11755649999999,67.03528883,75.81401305,111.47219640000002,150.1695552,180.6004107,187.1086108,193.1179864,212.2760631
38.898513,88.14266775,132.9207009,168.4884043,194.3347289,235.035178,275.43386830000003,298.166323,313.0769789,338.3320237
2.080018363,9.844190225,10.86174036,11.41435719,12.33966367,12.33966367,13.69942923,19.74914623,26.11238856,28.185073
74.82858085,113.4501021,126.8437983,145.0394931,163.571168,180.9175055,195.9887889,202.14159530000003,215.7237503,232.5475681
228.11648080000003,287.5491171,297.0780551000001,311.795181,328.8432892,343.0034555000001,361.6271548,365.6926051,372.0118142,375.5032722
8.128904723,18.39767513,22.65803207,22.96113661,24.25342295,25.3071315,27.72333479,38.07249741,53.88808181,74.02623566
9.306901583,21.80973558,27.60060356,34.70822936,55.47107152,83.56155809,98.97303434,114.022433,153.3958535,182.2322029
18.70214737,32.12274948,35.77147353,40.13402961,45.80078165,46.02681889,46.15669848,46.39893163,47.22662679,49.57911113
84.02971343,120.4689274,143.83205759999996,154.499102,164.94741580000004,180.3950332,186.9689381,195.9463271,213.2583438,233.9133595
35.189267,50.93205943,68.08300821,77.01380186,80.89098231,99.69714174,119.02428290000002,137.2452022,153.7758987,160.3622795
14.57339224,25.34134254,39.38105939,50.442958,70.93518868,76.89723427,78.63119765,88.82368591,104.0050611,114.1063008
5.456819208,19.37935462,36.99975138,50.08557054,75.22789771,96.48332512,108.4059713,122.2889873,129.618575,140.0054872
8.191968122,19.13076341,38.40835469,68.24183538,74.0895429,82.95887168,83.34894208,84.04673324,85.79049215,103.9775849
0.6820896129999999,0.82846995,0.82846995,0.82846995,0.82846995,0.82846995,0.82846995,0.82846995,0.82846995,0.82846995
1.207082422,2.939824385,4.220474392,5.174350326,5.914546445,6.478106969,8.095257412,10.46118683,13.07482279,19.50585746
0.0,0.0,0.0,0.0,0.0,0.0,0.21081452,0.21081452,0.21081452,0.21081452
23.84405233,39.45246517,50.40992883,56.90721353,71.6247812,86.4557432,95.88849937,112.4373064,116.6514905,134.2193365
82.286015,119.0228528,173.7921232,242.1680902,286.329249,293.2414913,296.1669927,297.2902786,297.7078339,308.2496476
26.69022071,56.39167471,85.90186886,103.5196233,109.2130786,112.1667352,117.2649466,128.2670927,141.4623503,143.18178830000005
37.31440156,57.0238321,80.09771703,130.126926,193.2891842,230.6850947,264.705925,289.8671892,311.6207776,316.6261908
1.407651383,2.540912457,10.52587336,28.91580962,38.44354318,48.12019361,50.55284398,50.90272811,51.38309437,51.65390474
0.286875541,0.737819112,17.76170919,23.71371223,27.86498764,40.2676834,43.65875654,46.97618741,55.99674925,65.12439057
22.11187877,41.38448587,47.44038878,51.43970641,53.08358893,58.1000681,68.16414106,85.25831677,107.6604664,130.6484659
85.264551,187.030581,273.8547343,372.2616443,539.2474342999999,676.913233,769.9997543,825.0563632999998,934.5715167,1057.765733
68.04115336,82.16203694,93.04744777,101.6003577,124.1883919,157.57172849999995,193.5589003,207.6579946,214.2893453,223.6742083
28.15650129,57.92596314,62.31485909,64.29651349,76.24241897,84.15507659,90.16409469,93.56119044,98.42214719,113.1454935
56.21119408,64.99037426,73.6315573,104.4691265,159.440473,346.8841611000001,362.0394782,363.403653,368.087799,371.6937416
18.62031937,31.65260263,37.48126631,41.69386877,42.25535062,42.36674513,42.65397522,43.93532303,44.37640905,44.71866556
58.27657779,144.0894622,222.4754055,253.5704182,289.1158792,303.4977794,321.0560662,350.2576919,377.7375001,390.0945172
13.74801529,22.71560264,35.85711181,47.92841475,53.71202044,54.64223555,59.13452947,71.54243825,84.24175386,106.6976211
2.81735136,4.266215676,5.890075095,10.00140045,12.52121924,14.46248237,16.33071151,24.82662438,35.72674748,44.49810541
47.60718824,122.2389602,169.0621925,200.2419385,221.0104392,246.1515331,262.7184761,280.6144532,298.9929601,318.2445682
14.95467356,27.87547023,34.93903973,52.58174038,66.95965763,81.63496011,95.22705444,107.9719959,118.2886549,118.9375844
25.51206753,43.35277342,118.1774632,135.71085390000002,154.98742140000004,173.04766519999995,185.4483205,197.4683454,212.3708064,225.8635605
54.22336645,86.65301572,117.3418209,160.2881879,247.9968522,289.8338516,314.9642058,326.5747832,342.7266045,357.0215325000001
87.69002863,143.4241484,218.8918194,345.5350613,368.290149,394.1204451,401.3985943,403.708683,403.7729807,403.8282641
59.24573462,78.93852399,85.1545273,104.2145794,128.84958170000002,143.00069069999995,144.8406575,155.2588831,165.0476302,183.0885434
28.7944521,75.261323,100.3874687,155.0095348,170.5558567,170.8010501,171.2683025,171.5403946,175.2569316,217.338758
37.28595974,50.30020383,68.72037215,90.93637914,103.0718222,128.21551100000002,133.1706723,167.78227230000005,183.8366942,208.1816513
28.90866235,61.87905663,77.89146651,85.96901337,92.55199145,121.9202896,150.7858698,159.4717833,171.522689,184.6040069
50.69033786,88.68475993,119.0193097,162.17045009999995,168.8041056,174.58484209999995,185.88193930000003,191.7563377,205.5628824,224.5886545
158.4981717,271.765519,344.6148393,416.3006572,469.2209212,483.3858102,499.0847535,500.7983857,503.5529192,508.7778251
51.84421243,80.254372,89.74905047,97.02925503,103.8977153,110.4206243,128.7509329,130.887314,170.1725456,218.6833577
31.85819771,33.86113815,52.69215576,64.32866379999999,64.66722177,67.87867511,76.14758072,89.58541381,90.55556768,91.08890146
0.0,0.0,0.0,0.0,0.0,0.0,0.0,0.0,0.0,0.0
1.971829257,31.49286132,43.1925574,43.71074329,44.28461879,44.3135324,44.41385608,44.49027009,44.60230354,45.25621772
42.16119982,65.89921143,79.8908468,85.24548665,91.30316312,115.06598329999998,132.496556,145.8042254,164.3869893,169.7734983
10.8547135,27.36678984,55.51460836,96.77253928,118.1248735,140.9817254,154.81831359999995,178.998504,198.4745305,201.7580955
10.9623692,24.03888458,45.17558791,54.39911589,67.06050862,83.96514418,100.4984501,154.09932659999996,172.90812169999995,200.764113
64.99323469,76.72016490000001,84.04406591,98.00617515,120.80903130000002,139.350474,152.58257759999995,169.7789085,189.7278354,201.6312448
15.0865663,29.66335891,46.23991197,75.42555533,87.57873621,97.47325216,104.236424,109.4328214,118.7410208,127.1091792
19.68908193,30.3130052,39.75691113,45.01780902,46.2476309,49.42836971,49.50487867,49.55893743,50.02737109,50.77786708
111.1275644,151.6571535,166.9083753,174.6735765,176.8620308,207.0582365,223.6473915,298.5604178000001,331.6211591,393.8702708
65.88753073,108.3091653,159.11024019999996,182.8124655,224.3828441,255.2377131,280.5305545,312.3798253,314.538919,314.8080825
19.70220061,67.55420499,84.09102266,87.4764227,91.89418506,103.1776941,123.6233287,140.3729736,151.80395009999995,157.25216569999995
18.9626996,57.50467439999999,67.489464,80.43225100000002,93.515258,97.2362735,113.1060479,129.3487687,156.49557869999995,191.6421551
104.9380211,176.2631904,217.6857618,231.06323340000003,241.2101705,271.9443994,302.9516752,329.7646651,390.0689979,496.2210339
1.293301568,3.879884019,5.845267656,7.551421585,20.13824181,44.6961486,69.6868506,72.30963994,73.02314054,74.34251284
85.62411476,147.2307388,183.240736,191.8058115,199.9679554,213.0085499,245.1586634,287.4169734,306.9078537,318.4883826
86.59582238,162.37266369999998,212.5829298,254.7249359,262.7097246,263.273549,264.7549956,265.2484321,265.2702806,265.3915294
22.133947,64.3997955,78.28974733,91.96070888,99.81773673,110.7484624,117.3334917,123.7354068,135.0733804,156.7354718
5.555145041,8.465357742,14.36685157,19.44230579,23.92169981,31.86725456,36.34520576,37.0116066,37.38560124,38.5246545
19.28640907,32.89463174,44.314999,54.256853,61.65972201,64.10509246,64.76606655,66.4205646,68.9768449,72.85257082
0.001638869,0.794446269,3.323092769,3.855683669,7.025014069,7.170984729,9.889612929,11.39647743,11.39694248,11.39694248
24.25354442,40.35269317,49.65761602,58.85096036,65.81209993,80.97669003,114.7748621,151.9531224,171.30529769999995,182.3221004
14.24054137,23.48341102,24.73403409,26.56776121,86.68599529,133.2034139,170.05447969999997,179.06744419999995,181.6510118,185.52115780000003
46.3585005,68.56652267,77.32390775,86.96669212,91.19593885,97.55471827,101.9444368,104.9501033,108.1818673,112.6779113
33.13420981,66.32235911,73.57883112,83.46312619,92.55921607,102.9451878,152.0974263,160.1170937,167.1121079,172.61712
34.90747498,74.17314852,96.54576916,118.6877542,140.251754,167.1250379,208.9912196,273.90472610000006,344.4046559,383.4558575
2.62865258,15.71812127,20.62022267,34.06910391,43.88067122,53.42549938,61.80465572,66.36736280000001,67.82831398,72.26681003
1.706928119,2.467427739,7.933295662999999,16.4055306,19.46771466,20.61770954,24.66580293,45.18884243,53.70447993,58.46179816
32.84795643,89.56737345,149.5001445,174.3287664,185.14672,199.9970472,230.90294330000003,249.9897279,264.2043043,271.51687430000004
37.01540106,67.18998594,107.1869288,123.69142240000002,142.12088530000003,167.6000243,172.1786754,173.8790582,184.4939901,189.8373116
1.503154572,3.618727926,8.668014892999999,13.40203488,17.9547372,20.64466153,21.92159479,22.97428704,26.77041251,30.62167083
25.79801814,50.69631013,64.72468226,85.92885845,108.9292649,113.7778066,119.4031281,123.5032368,139.6557889,152.3316887
14.33937049,24.03511348,25.42227522,25.4657602,26.09393202,28.06742911,34.98607205,50.58570619,66.31154028,101.8421962
86.55793488,128.442465,199.8737509,248.2270934,302.5095733,374.9848626,447.3785468,506.1343955,601.031373,678.5145679
47.13444873,70.98479409,89.71999890000002,98.0974418,99.07923911,99.18454409,99.33311862,99.61617406,99.74195897,100.3420069
61.26730835,113.65493909999998,137.7039584,172.314899,199.5777311,237.6476292,309.2964783000001,389.2751844,427.7458997,469.4799305
9.772199964,12.21571684,12.61838948,12.79461188,13.19815541,13.65733429,14.26810184,14.56430713,15.22881392,16.47871821
12.59453107,26.36897296,39.83077167,59.06491476,70.53343462,80.42151627,94.19354412,114.1423027,154.7440002,216.9040006
110.2917716,215.422453,363.6481682,487.29868560000006,690.4912004,809.4511831,919.6705723,1004.255935,1129.480123,1245.534357
0.005323161,0.005974121,0.013563107,0.025271982,0.02750369,0.056904241,0.099269105,0.13922066,0.13922066,0.13922066
22.29543431,30.03979657,31.44510491,32.26862538,32.4427272,32.96291834,34.11981052,34.7650872,36.9350741,38.21996711
35.66330207,60.92592114,85.40832091,98.75230753,108.4790035,112.5836706,113.3793017,115.76748,115.9401337,116.1850215
9.34963755,17.70789644,26.2703935,31.85159165,36.69316967,42.38090206,57.83566114,70.76449788,93.54926091,116.8165189
16.43574856,18.44417231,19.50583302,23.57197107,24.87279637,24.98552593,25.02613921,25.09456209,25.18010313,27.75287765
46.70499437,97.3364995,113.5681643,126.1575665,140.32371709999998,184.5614526,257.2597921,304.94509839999995,336.320857,357.6166593000001
0.1788718289999999,0.451382793,1.285146184,2.637541288,2.9099613210000004,3.031223963,3.979995557,17.79645957,29.51330182,33.57558642
0.164517011,1.014445871,3.378013234,9.360177092,13.90667279,26.16939396,31.22205468,46.62552263,52.15826191,70.08898755
31.68722305,59.85279794,67.69938258,83.08914004,111.7700255,126.756977,160.9194229,189.6494897,201.6964867,203.3270916
88.36920333,123.7827573,208.7995323,295.2011247,363.14398430000006,401.8893047,433.851556,465.9581453,504.8718427,524.2775022
3.8260642,8.487333989,13.69556068,21.35377468,34.55655994,36.8190705,41.82621408,61.06802459,92.26866168,110.3750492
39.9268931,62.74457895,73.42685161,84.09900235,97.95207322,117.6090389,125.7623471,133.718401,135.5188871,136.65712240000002
210.8182233,384.5142633,643.4942599999998,781.7507049999998,879.824945,915.609407,990.8066683,1077.698625,1184.20329,1363.09377
136.570185,263.498875,339.2313683000001,392.4379413,424.064642,433.5296893,440.29592750000006,445.928851,448.3279251,456.1445188
16.4213952,36.36656624,37.74328962,37.84504878,37.90382757,38.0931173,39.31341550000001,39.65312379,39.83280053,39.9170723
30.86648886,57.80930857,65.81717339999999,73.80245539,76.32862229,77.56297239,94.21651905,104.5917327,106.25814479999998,107.123904
43.423059,81.64557983,109.6279305,137.9207598,157.7824439,172.2960774,181.4577255,189.7432318,199.2266275,207.7148017
11.34386353,76.16641063,133.5748502,139.7770177,145.53996730000003,152.0242358,155.28848090000002,163.44829,165.92591169999997,166.58134669999995
1.412601863,5.066696585,19.87233529,32.57439432,35.91352148,36.20456425,37.27345713,44.01876220000001,66.7679404,74.2604679
26.77636313,40.4204686,43.63972879,43.94031361,44.15141623,44.61752698,45.67651567,46.57404359,47.46911621,47.93479984
57.34096333,103.1632032,135.93819309999998,147.9951802,151.3340621,160.499234,167.67872590000005,170.51424709999995,171.605283,171.9974087
40.29344706,46.40684682,53.94082573,58.68116591,68.13087605,88.50363244,121.9067737,156.7829951,180.1502303,191.8993235
7.830616305,8.065837996,8.140355175,8.40413412,8.816440403,9.888346655,10.83946027,11.36854015,11.89163259,12.50114661
16.4804464,47.55393972,47.81501686,47.91917534,47.99557521,48.46618383,48.49164929,48.78488267,49.1620031,49.85691729
113.3273144,147.2362576,199.3796513,213.6141316,224.20369900000003,228.4788886,230.6916935,235.6363237,261.9187953,299.0619604
23.30790421,44.13415621,63.86142612,68.37074218,88.96176584,116.44723770000002,130.4278801,160.50471399999995,210.7889105,272.7534704
27.79345867,74.32983052,88.08785353,88.64479627,88.92179454,94.34271541,98.06483065,111.2112057,128.9449189,135.59940419999998
5.27217709,20.08589499,29.03308455,32.96293323,34.24513849,36.09965222,42.52745727,49.27047391,51.80847521,54.70985375
34.64068443,40.61250527,51.88666729999999,62.89602235,73.01061092,80.95153707,106.7118273,132.04458689999998,142.3793842,145.68543480000002
7.553226615,17.15179152,50.87778149,64.67306405,86.23801205,99.26216481,141.1934789,191.5940103,220.3181774,229.0079554
15.64808045,37.95122197,59.03658753,64.81912666,72.28416871,92.45720085,140.1539592,170.6431803,195.2991636,210.4413346
24.00329434,111.6595565,117.4289921,123.0638673,136.3895282,147.1342088,151.7645984,160.90332130000004,167.8348719,176.926695
0.008661198,0.031938534,0.064321602,0.070753964,0.080271122,0.113031529,0.120475454,0.121594499,0.127473695,0.138170999
106.120042,199.8734253,258.1432927,332.2149586999999,445.7239237,532.6548537,628.6548737,747.4123637,875.4491537,963.451537
0.003787014,0.004546785,0.004546785,0.044442479,0.088613496,0.290397049,0.443429602,0.447504263,0.7122795279999999,0.713407935
45.99789291,58.00043033,69.9370051,78.66664499,90.08454552,117.7916201,120.4566117,126.17080459999998,138.5387948,154.0964959
14.73958126,41.31798454,79.68355427,112.8131922,137.13295,170.2588508,212.7317038,233.9506563,238.4002949,242.0989057
23.69414082,32.94877079,44.13055599,62.9527752,82.15855090000002,97.97751540000002,113.8725186,125.25982759999998,138.5302486,148.633705
22.82745235,50.17449978,72.49185499,80.15869814,83.71406448,86.30677596,87.53032707,89.11065928,91.22003592,96.58168159
27.95797371,41.26929545,50.31088103,51.81575486,58.49318589999999,61.00622415,70.29336615,83.8169547,102.3715574,109.1106038
26.22272941,45.88225709,68.14853116,96.08056357,123.2571034,150.59187880000005,213.6174822,309.40045160000005,401.4632721,489.8998693
36.16044358,105.4184771,145.3971938,156.82039719999997,159.9405066,160.8155405,164.7821723,170.7898611,181.3767994,193.9279216
28.68088546,43.66783692,77.83028287,106.5603496,118.6073467,120.2379516,120.927042,121.58332620000002,121.8669978,122.2196973
19.63012365,34.57349661,49.3970557,60.55678748,62.4106141,62.89029746,63.09524349,63.26481465,63.45034768,63.65939061
0.0,0.0,0.0,0.0,0.0,0.0,0.0,0.0,0.0,0.0
4.919016526,6.510916441,7.436128556,8.012798456,9.36897473,10.94953676,12.24721545,12.50157356,12.72564214,13.8827551
103.289093,162.0478732,213.5903958,249.9976866,263.1701085,265.3296931,272.1657285,275.0896078,277.3397287,280.0615126
68.57724733,111.182138,132.3153257,149.58885930000002,176.588909,252.802679,327.1180323000001,348.31068030000006,353.6739487,355.1377588
48.27935948,146.1815194,169.12989059999995,171.75544419999997,232.1487275,279.1006449,444.7169627,475.0989993,492.7605188,505.2778638
312.3132767,475.8589067,606.1751333,662.7060083,763.5637987000001,878.9299887,1019.760842,1218.086112,1435.4989890000004,1675.756209
35.73445838,64.90142563,108.8771875,186.4318444,343.7390744,504.7896994,611.8095625,741.6323045,822.615089,995.4919602
45.25489949,95.68410923,103.7222271,117.9977173,131.37786090000003,140.50011519999998,143.33558680000004,144.62355060000004,145.26096189999996,152.7543115
49.72585371,99.06035677,101.3514179,103.1393784,106.1311266,109.4678773,110.0939977,113.4417938,117.35707,134.3526176
0.33042043,0.341242199,0.489312909,0.489312909,0.513614041,0.580461081,1.794964681,1.794964681,1.888346301,1.88954782
64.878675,128.521865,155.24911569999998,182.0884997,192.9313623,211.7827105,232.4857482,274.3485728,376.7016328,419.2768882
25.27702688,52.61345712,67.65339841,74.89326877,82.67483383,87.55853186,93.01514463,107.4382402,119.4369181,129.8149243
103.001687,169.6904585,211.0536135,232.093677,240.7327765,242.9376802,244.2627134,246.3857612,247.3755039,249.7408281
5.760055177999999,12.94050104,13.76152358,16.25966972,54.90318336,78.81377319,127.6876065,170.3084109,177.1890869,178.5634645
30.18855117,54.076439,81.57578017,86.50795037,86.5494421,88.17715449,107.1248623,118.50627620000002,125.1097973,134.5290946
37.303566,74.3516,100.5960487,178.6080687,237.6684407,300.3937293,330.3510533000001,356.9083073000001,367.0919943,382.6058433
74.49100332,134.29531730000002,182.3118469,196.0239668,202.9746965,210.1244929,218.8606751,244.4300403,314.3271822,348.355995
131.8103215,204.7765585,297.144836,325.1529957,363.3183903,380.3030396,391.4025066,405.083457,432.1501149,458.5703138
53.42042423,83.25974145,135.41607340000002,159.1841919,178.48232230000005,202.34413830000005,226.5110761,257.8273021,265.3025355,270.13411060000004
3.247969588,5.91338087,9.873287924,16.35807875,24.4153444,32.44202477,41.90049892,51.84160569,70.52281462,92.67433091
23.49302674,33.38536697,49.48898056,65.02229013,66.55496933,67.04018159,69.53519277,77.03805586,86.89660307,95.24814118
66.75098483,99.579592,122.0183358,133.1664578,152.951534,183.8793923,207.0376062,212.6785235,231.510471,275.3470635
20.84636126,49.64787474,66.59771251,73.07771161,73.41881091,73.6075747,73.67978951,74.40775416,74.42210939,74.45934982
2.17819473,7.758622162000001,8.445733798,9.536670215,9.585878413,9.760531981,9.790372559,9.818515337,9.818515337,9.818515337
5.695906042000001,6.618276713999999,6.8523505920000005,6.924396753,7.046190263,8.267868257,8.311673248,8.877649505,8.946589906,9.28062049
17.15699935,31.08060979,31.25544119,33.8351245,39.82793233,51.15716788,52.79828108,55.75231395,71.95397435,75.85558566
0.23128395,0.313434604,0.404639149,0.43429347,1.624874886,22.83472004,31.49351197,35.78109563,39.9415245,62.02696308
32.25551346,65.46588091,107.8383077,137.4305849,150.7118843,160.7662981,170.01128280000003,180.8380833,194.9917148,207.6558802
32.20558544,49.67103715,56.83793303,63.44966227,124.8696574,199.7366239,234.8969211,262.2841325,286.2653503,310.2513741
19.43417466,19.53037517,20.2331321,20.61127353,23.09942841,24.9469008,27.48882712,32.86394554,39.07137446,70.72945759
13.12751476,21.23755245,21.96017633,22.3564545,22.91618827,23.70822004,25.62885872,29.76938467,37.70537829,47.08888306
5.115274643,29.26949979,59.87428321,95.73989436,132.5332042,151.2222245,161.4249027,178.39984230000005,191.8183239,196.9779602
110.667937,144.4626363,144.4626363,144.4626363,144.6109332,145.0666209,145.2731673,145.31324650000005,145.7497125,148.1917593
79.25515541,86.57422845,103.3508177,109.7400521,110.3764709,115.4612709,118.5094749,125.2191452,128.64656770000002,134.8981915
83.68681966,178.26718480000005,211.5618986,226.2472511,239.9653867,242.099613,243.3989165,243.6447845,243.90639840000003,249.6973171
7.422932876,27.76118861,41.38902784,47.00035711,54.81827387,58.35409322,65.94147067,75.74869279,76.74053656,88.82152583
126.5566413,207.765418,252.996061,271.737339,322.62015269999995,346.296867,361.8969467,397.161292,416.3738787,421.638582
52.11662464,116.51435929999998,176.55325359999995,265.8606715,358.607254,418.3540825,443.1208956,466.3102475,497.9329829,536.740257
0.234615161,0.566350911,0.938677897,0.968071758,0.970473058,0.975144117,0.976781364,0.976840243,0.977994546,1.012243539
0.7532539709999999,1.290770158,2.427108249,2.7149675280000003,5.167858555,9.254422204,11.50348356,19.24029295,29.27979826,33.19811482
4.427763001000001,7.078832154,12.17975602,15.51143886,30.79030099,65.21365077,73.30666167,87.67959698,100.156027,116.6866381
53.1602625,107.7134159,151.8111838,169.8371574,194.9149125,221.12468230000005,256.1197372,322.481873,419.8824878,466.5874821000001
59.96598304,68.91262268,79.38709249,122.9097382,128.5695633,140.5604199,153.291994,170.7741824,186.8100082,193.2807416
26.18327116,85.01667402,148.44244730000003,186.7789182,208.8600492,218.4355761,243.4473212,257.5470376,268.5669368,279.47356569999994
49.92144441,125.6675179,163.7297054,216.18248190000003,259.8593322,315.4428028,358.1786008,372.2402209,405.3784144,429.3521909
2.012942191,3.824697752,4.641589369,6.700285534,12.90226819,26.58619534,37.84462013,38.05775102,38.94127759,39.17089035
10.56069835,27.62825013,49.51218494,75.69863056,88.61992707,108.69173159999998,124.0821406,135.636092,146.06562649999995,154.43453069999995
5.506507557000001,10.05860454,15.52048331,16.82711062,17.72279448,18.04983125,19.63079404,22.04115691,24.37063259,25.60504152
48.52828509,75.20948541,128.5091316,139.68374640000002,139.8600041,140.27395780000003,141.01546100000004,145.2394758,187.5320259,196.7059408
17.98128787,49.4453492,73.16191223,94.51590511,107.2276408,113.2398273,117.2723675,121.1844377,126.3785151,131.78552620000002
52.05850314,72.740879,112.1662767,147.9867296,173.494727,175.8036283,177.1951326,177.85296680000005,177.99788669999995,181.6567414
1.222354578,2.224932422,2.83375114,3.946524964,5.286201734,6.220244949,7.302542851,8.509625273,10.24236724,11.52301724
66.67350125,140.0291686,179.9215149,185.6240094,190.5152744,201.5617781,224.5879711,300.244492,317.2023726000001,349.8133737
34.68310006,64.00851386,69.72784295,72.93610325,75.48492598,94.4743414,100.7124611,117.1762463,158.1689092,166.31355209999995
39.66201173,60.48911572,82.34659952,128.80848429999998,189.5952596,230.6106989,265.3086223,292.1335785,314.7090743,319.7486984
25.95880478,84.34843725,103.383893,115.0639243,118.9499882,134.7964493,166.2777723,192.8990673,207.7851012,215.6535151
24.16708705,64.64594655,93.25421657,109.92843,120.8761862,143.97234269999996,160.029748,176.5576445,185.1747143,193.6548905
81.17719911,252.9629086,373.3639936,468.1131637,501.34438560000007,507.6182567,511.1282992,553.9635365,639.2961554,641.6572777000001
60.6521475,95.2138315,135.3656325,211.45888880000004,322.4260738,414.0432668,467.0590249,492.2422705,514.5581646,559.455068
16.80046187,26.67971901,29.80687817,34.91986216,40.92389331,45.63406542,51.0155236,57.00761966,59.15611763,65.79009811
2.7476061830000003,10.5698767,21.74562308,22.3577162,22.81616406,23.03363846,23.70244222,24.55961142,26.47815034,27.03954102
55.60130833,132.7409913,214.79225730000005,256.7479357,283.8964522,301.1717627,317.2350613,319.8592183,328.6428811,335.0082538000001
7.179561724,53.32701244,104.5343785,112.7857131,113.74244509999998,115.0580889,120.6186679,124.71181570000002,152.8527989,177.5392758
7.876747705,17.23344315,20.96548499,23.34766146,26.57287517,27.63738942,27.87575135,30.87434742,33.45143174,34.20666725
207.14524,356.03142,440.90468,556.8901212999998,629.851585,700.2610717,709.1945212,717.6143802,747.2987724999998,797.4252362000002
78.53172667,135.6267223,219.50515730000004,271.015844,307.97574469999995,337.531803,362.316877,380.1647007,403.8134563,472.5765217
12.3388899,16.87234616,18.35040151,20.84759121,35.69736414,66.78239629,77.26092732,97.9983307,135.97957730000002,157.71876369999995
5.681498629,30.05573227,72.21693209,95.9549437,109.9465791,115.3012189,121.3588954,145.1217156,162.5522883,175.8599577
0.0,0.0,0.0,0.0,0.0,0.0,0.0,0.0,0.0,0.0
29.152199,39.65457808,52.32181225,122.0660329,219.5049529,242.3702244,251.5160364,270.1097144,283.8982933000001,297.1282083
12.91598545,22.24066747,26.95553986,43.18990592,45.81447269,59.57480947,105.9857629,135.87619569999998,157.39591950000005,169.82205369999997
84.88076733,155.3784852,234.6907981,275.4026224,328.5596675,355.9955553000001,364.0536877,378.908497,398.6375907,407.1513597
24.42000842,106.3060306,139.42271599999998,156.739011,167.4289772,171.5023191,174.9261883,187.3682808,189.2374435,192.4975261
48.01113783,82.53187199999998,109.1855722,158.56889819999995,178.24472269999995,246.6842185,311.1294758,313.4618041,315.6478775,320.3975115
86.97777313,113.6093423,126.8386865,145.7233158,161.75079499999995,182.9366671,198.1918975,213.21262740000003,228.1597502,248.8630967
86.30942676,176.1349953,198.7313155,205.76195,211.5924557,226.2737565,236.5753361,241.91067200000003,245.7190165,251.41741780000004
22.4188304,35.9174515,41.96452074,48.34261894,53.13189482,59.35187217,66.9710032,77.47740703,86.61180409,93.18339976
47.51115352,140.00657809999998,327.5678274,369.3770681,391.0401328,402.5255496,418.0163034,436.3063999,492.8559842,504.6041363
1.084379905,5.976143499,9.196708286,10.13451179,10.373785,13.26381174,16.68108058,21.42273252,36.83609237,47.61941421
94.56249676,229.0293117,358.2216182,508.1383767,597.4000913,639.6304937000001,667.3826506,687.3746474999998,694.3684071,699.3268707999998
30.34756,59.219836,70.230774,75.1692777,87.1288607,100.4442847,138.8883847,142.8208343,151.1941158,220.8405258
144.3903556,150.0401646,153.34748369999997,160.92742719999995,177.4626196,192.2816773,205.662787,215.7391252,217.948659,219.8029681
18.03238994,24.39836677,25.53467457,30.52570784,34.88843353,52.14761947,61.42051261,79.13230804,83.55893813,83.70196398
35.41790025,54.60137688,74.37150188,102.4990641,167.0938846,235.1743595,317.5263733,404.9117240000001,492.5266234,571.1387624
25.23491875,56.19803756,64.47337129,72.33701555,77.91430940000002,81.14211166,90.08335275,98.29974124,106.8301285,111.61821090000002
4.118750144,7.664463213999999,13.21591042,23.01186653,31.90868846,38.47557327,53.30243795,71.34632498,83.64217211,92.90238812
6.286678276,11.55050902,31.20619195,57.95242497,70.46955128,86.27193716,102.03937890000002,115.7222045,124.7172955,133.4085969
5.752161052999999,11.91346751,17.69070474,25.12269371,26.65235385,26.88871810000001,27.20691164,27.29133118,27.42910598,27.56968616
15.35944577,20.66912084,24.9634304,30.4852164,47.12682312,50.31702092,50.95502808,53.18397842,55.96381278,57.51665691
2.199521336,6.179925138,12.52960163,17.02794217,22.94050181,30.953638,36.65703065,48.51275265,61.40965262,81.66906925
11.31288617,23.07533213,31.69700791,41.59902458,48.98716093,53.92712284,55.18649694,59.55998287,62.13406394,64.36334531
40.73377717,91.40273397,136.3790982,166.23799219999995,195.7933774,214.0910129,232.4512937,284.3229997,328.1323311000001,423.4888038
68.56064514,99.09048722,124.4784002,126.663101,128.1227781,132.2492058,183.3299885,245.7212135,257.1910017,265.8510632
54.12730115,103.4277995,173.7975332,216.7368965,250.4820806,270.5298245,281.8167606,334.3925768000001,372.4448607,406.2736632
14.01894424,28.41812619,54.84669087,61.04628246,64.53330815,112.486144,119.6615439,124.91928459999998,129.3957014,139.82638640000002
53.94926384,73.43941275,114.2863167,135.7287696,143.5357743,144.7673889,146.8234458,147.6220844,148.32780060000005,148.7923095
17.3821767,43.92296947,52.27447078,60.13337731,63.96301145,65.4752429,65.62128779,66.28027939,66.94308313,67.80023453
92.53697706,165.3124179,188.9297167,200.4166248,216.6394739,245.6944945,266.6739217,274.4365903,284.7038447,293.0691057
17.27597472,35.444469700000006,55.60236887,70.57649301,85.9155717,101.17479190000002,112.8051104,125.4860816,138.02136299999998,155.96436459999995
11.78542808,24.35081112,35.73218102,46.2154715,56.32661316,56.48274167,56.5644596,56.69273559,56.70217349,57.97688659
6.143459602,10.68033732,15.40926484,20.99856111,28.9964407,33.06584438,36.4201657,41.18153944,48.71490029,62.49226210000001
8.221616896,17.0530538,27.21437027,39.04174231,56.41123001,64.67892020000001,68.02064301,69.73698601,71.19343139,75.55642101
118.8287491,163.25414909999995,189.3125028,224.4687083,276.07149760000004,347.0181418,434.0207216,465.8712177,501.1303912,523.7575981000001
83.54571333,128.665359,133.44762,135.8898002,137.5664963,140.5344235,159.1917165,180.1577002,184.0397567,187.2353233
105.9819733,177.819866,223.72291830000003,251.7424693,281.2173167,298.466471,312.867051,324.2676607,331.3045412,362.3278459
15.05179911,26.32568748,42.30903629,57.12790374,66.91233206,79.32125332,84.11291184,89.86949427,97.90797967,102.2846224
259.30002,429.13744,542.64613,604.128914,773.001184,915.097744,1012.962574,1291.165694,1496.579794,1552.149784
50.92371623,111.1077572,165.9563139,196.2597661,211.0850713,223.3028671,231.7155403,237.2302986,252.0886398,286.5353726
71.49409278,88.88045402,89.76897808,90.01411099,90.65357038,91.81833914,93.27914038,94.23086691,94.8173813,95.32861369
16.52485161,36.27776154,57.2638399,73.94512456,82.1422501,100.3257469,116.7679728,117.16159109999998,118.8078365,126.8928686
11.46443943,16.16760427,17.49322853,22.26650568,41.15709683,79.27379095,103.7442907,104.948166,111.4634607,125.6236494
10.19664571,30.31494866,39.5239968,48.20449938,53.48294916,55.77829791,63.42246347,90.31689789,111.7126662,116.0557515
6.795814428,15.65838849,22.98964103,26.79549999,40.68434143,48.25785392,50.6551352,54.83647276,75.98048801,112.4203907
0.0,0.0,0.0,0.0,0.0,0.0,0.0,0.0,0.0,0.0
0.563139098,0.889031314,9.796331454,25.14464615,26.05552094,29.98998512,38.96656658,40.67054146,41.56824232,42.92601482
148.3627645,242.0461681,252.14005530000003,252.23267740000003,252.3788443,253.6306166,265.5361459,269.62897910000004,278.4286849,284.5170758
28.7962413,77.41409108,93.92146143,97.80267734,102.0865822,107.8841447,132.7380388,159.898648,174.94013950000004,194.5508831
72.69064692,133.4366936,166.0593994,200.0726717,212.0326846,217.1249085,221.2491292,240.53920750000003,259.2426689,274.7947691
0.011110521,0.098632689,0.616470434,1.086771007,1.46374657,1.463920979,1.463920979,1.463920979,1.463920979,1.463975852
47.79148043,104.54900759999998,151.98486090000003,231.9060133,287.8973301000001,405.9295001,457.7214236,507.1386824,526.0975216,540.9601796000002
16.708520999999998,20.35906184,23.67746049,25.24560535,34.04707437,43.93876445,57.10751569,66.4054569,72.91373841,73.82173289
105.57983670000002,136.31350600000002,175.3398903,198.2564537,278.4893753,363.205792,436.76891330000007,474.0197123,502.6639177,504.0656176
35.25509539999999,64.7313175,113.34985729999998,196.4788781,280.2966837,372.2116869,403.5921049,412.15731,420.2955869,452.7604643
39.50930988,46.59353204,53.91188072,57.90345502,80.92207723,93.26207142,105.2405702,115.0948531,143.36951269999997,151.3076364
3.479468728,13.90684789,19.51314075,35.72242593,46.34434520000001,47.843969,47.95225875,48.08140426,48.29504176,48.34043011
17.834843,26.96746989,45.48731251,53.45221644,55.83692497,59.49455069,63.45933876,67.87159937,69.6135478,72.57077674
72.119773,205.207213,292.304603,361.3023873,387.4303438,397.1791354,402.8433434,451.1183897,549.501299,552.579664
14.45642516,30.82465152,37.89773312,48.45942932,75.15980982,79.01755039,81.91885001,84.65145589,92.89217805,99.65320951
15.27705792,17.65351952,20.65313688,24.03414495,38.80440859,48.85422374,53.82271008,55.54938921,56.1119615,58.86605975
50.67765376,91.55672872,122.7279388,182.6572538,243.4013072,287.9378117,312.3393519,336.1250753,363.7021639,394.8009207
9.173076452,14.51962544,32.67927863,44.4894395,55.28080084,74.27271745,97.51984243,132.5918894,168.1211261,182.9745568
16.85719929,28.55000714,38.16900547,44.01316131,50.56735449,55.69165901,59.99121399,75.15808327,93.08700307,98.984853
0.6979237979999999,0.711166813,0.887609346,1.3027969190000002,2.47266255,4.25725408,5.4262556810000016,7.365343141,8.29992768,8.806455407
54.95717963,88.42969425,136.7499979,233.08520530000004,301.1247485,351.0447081000001,407.8764144,490.97641510000005,571.2456396000001,676.6348997
49.88707343,91.21833514,107.0752441,113.9089209,120.01174109999998,157.2471857,199.5181325,225.4647135,233.4011842,250.9433251
89.43233739,163.8136393,190.6926603,205.3832691,215.56049500000003,245.7550841,291.6146878,358.8156195,383.9997204,391.004717
5.517167154,24.63246786,32.38678177,33.12192836,33.48291078,33.55331643,34.77474408,35.04324792,35.22042979,35.38041758
122.88024579999998,198.8908655,261.608788,276.6732289,293.943106,317.82410939999994,346.3860895,444.8330839,456.4100617,477.9525513
14.44159842,31.38563788,42.45990709,50.96725253,63.64216700000001,72.43737566,88.35809382,104.0876749,119.9774619,141.9717513
0.537247657,2.458720065,7.848907442000001,20.77114321,35.586702,42.20369815,48.89199369,61.27136756,65.27723610000001,65.50768695
14.40719857,15.60107348,16.58143878,18.46072933,21.02781336,25.79876788,28.41284441,35.50210708,42.79490551,49.7450778
10.74422257,19.82352426,23.4920564,31.40915264,41.38737941,64.88040614,74.77274637,90.87635997,106.4096695,107.9423487
57.37884463,147.04705959999995,236.0373421,270.7014258,289.34364910000005,323.8705749,361.5148434,379.9380784,387.5623874,388.8270797
55.30392742,93.50065919,100.1063216,113.54811,117.1947768,133.158492,152.601444,158.43065259999997,165.12347250000005,168.5295467
113.091936,287.9519893000001,385.189531,498.9046268,578.2338967000002,615.156732,644.294808,668.3814517999998,682.39904,695.6048889
10.94041179,18.39321531,42.93084878,63.65475875,103.5411214,139.3683834,156.37204609999995,160.2759251,161.6815815,161.96812219999995
57.08823368,81.90853875,95.36496472,109.5259218,119.3257581,140.1352373,153.13876489999996,164.8864472,195.8928457,224.3304816
55.47557867,108.3487058,133.3939073,135.6309771,138.90571699999998,139.51648909999997,143.7253229,161.90404669999995,177.41064219999996,181.2161695
1.852272806,7.608061613999999,18.48938574,30.41593772,37.86306366,48.12576121,74.34687697,86.19662618,87.31778141,88.2778933
34.79938275,54.60446173,68.64833979,81.10835302,92.92009036,104.3676477,113.1619793,123.1528798,125.050724,129.63871650000002
12.53934199,18.57168254,30.2167408,41.98061988,46.16645657,57.85263048,70.55605119,81.7473179,96.43331876,108.5467059
98.01325034,170.2393975,249.5339207,277.03374289999994,316.1595379,335.0964906000001,389.25305739999993,513.0917646,652.1487479,702.6966441000002
31.39716681,48.88801760000001,79.89509659999999,115.7479402,117.9657428,118.6958786,120.643185,129.4410064,141.6386158,142.18427549999996
119.3340788,176.5977804,239.8237801,371.2593689,539.8576751,659.3273554,706.3668672,726.3527909,757.7970941000002,782.6180016
91.07377524,151.8564648,166.00072969999997,168.3916749,172.0671836,199.5749271,232.49910380000003,269.81433210000006,291.03245360000005,292.7816807
11.10672097,13.95202827,14.73551044,18.95444329,20.70138977,23.83464857,38.51823057,85.80157674,99.10612199,113.1110223
0.6644290860000001,2.019594281,7.226442295,22.29659137,30.15419743,39.94284688,49.25255426,63.83234888,72.20381668,76.4262468
12.27687779,31.01637193,53.07850876,65.63350179999999,72.15488177,94.20172488,108.5830072,116.3055132,128.9442426,142.5866721
62.28695494,77.17460408,79.498411,87.88833554,112.07264170000002,164.30961230000003,181.2666356,201.9988945,209.7868826,212.405909
0.0,0.0,0.0,0.0,0.0,0.0,0.0,0.0,0.0,0.0
15.26346167,26.48383125,74.88568608,108.6072408,114.6053559,120.9957903,122.0772139,122.1257158,122.1704934,123.4838081
7.538478155,12.660678,18.59772723,28.44894968,36.11892815,42.53983806,44.13090374,52.74156064,58.42989228,68.03634644
38.17177871,58.24056657,69.32913381,84.49535659,126.1583143,164.707133,174.0472301,201.8556456,224.0118715,235.8212628
34.4785295,70.61957589,97.10364194,118.0295676,210.663026,224.41767290000004,230.69544080000003,257.397397,285.7355903,291.4738
13.4850743,33.47532541,46.27170925,68.88326614,92.2020743,114.3139531,133.5865602,139.6424631,143.64178069999997,145.2856632
1.78533781,2.020381777,2.207278762,2.518527794,2.990463444,3.490450825,4.347810138,7.433665469,9.748506222,15.37119477
39.58495768,54.05054862,67.43120285,79.73490241,94.29537087,125.8948227,168.9781534,182.4628662,195.3687811,200.0840216
39.22161398,79.07440962,142.1708237,186.5119454,236.135425,259.8773587,274.09965839999995,314.236305,361.1029997,375.0431753
180.9910675,234.620142,280.676761,437.0948285,781.223881,1137.5245710000004,1196.776698,1207.109798,1211.702204,1218.780324
30.35080788,62.39199975,89.02319150000002,110.4084128,143.3697191,198.2394253,252.6494519,366.5131689,424.0239608,518.4059159
27.68256288,80.82183625,129.8149413,159.494366,208.653012,274.3094595,364.5945655,439.7193664,503.256882,553.3795778
18.84883543,31.63632079,38.1172812,40.75683981,48.76781096,58.8968951,67.25143379,78.34589973,79.27090086,87.49157876
12.275233300000002,25.48131649,39.63216202,49.93736854,55.15554411,62.63251067,70.28257068,78.19553887,87.13310178,97.60041497
12.36196846,25.40561067,44.49531396,79.25445967,121.5914807,160.26913269999997,188.5050375,198.1194793,199.603057,201.5370186
25.99339616,66.22326086,96.90089863,125.1073509,151.750647,186.687663,205.7911655,245.8589417,258.44098230000003,265.9856969
27.87740055,45.93164576,53.56930896,76.9566314,86.95193647,91.34592357,93.91943657,95.83010066,105.4491966,117.1813763
29.48605585,53.27875544,55.81461825,69.71506547,139.144698,149.3070664,165.68896840000005,179.94479619999996,206.1775978,223.7638546
26.55503883,37.62925233,45.29080357,53.43104193,78.25766443,85.69685243,94.27055877,129.7835556,192.5966333,216.9502214
17.80044676,20.33976666,22.45387713,26.50039551,31.15075077,34.06434578,37.52741461,38.95849492,55.62394226,59.89679062
16.07774955,38.67295796,40.93588153,42.87594874,43.54335928,43.65940592,43.89989638,44.01998070000001,44.59665239,56.28640671
12.71953245,17.65251061,24.01253439,28.90334911,39.5731402,48.77753857,57.96339727,60.81865211,62.58219693,62.7257531
9.591223024,12.97927362,16.70393033,34.37198585,39.60537308,42.77374924,42.85453869,42.91487455,42.93321069,42.96157385
9.600629612,16.88892316,28.19936708,31.37420402,43.31783928,45.78148247,49.33152493,51.48402349,67.49388106,102.5551621
35.9614852,58.30480895,61.00251907,68.16022434,82.35254922,91.27290694,95.49723017,103.9062888,129.0599967,130.6050638
3.2419479360000003,5.139025241000001,5.341047542,5.360278431,5.385579762000001,5.531762283,5.733518639,6.065965559,6.492052877999999,14.31966645
95.43885333,171.80864330000003,228.0806483,280.9028147,353.5845903,478.9089303,626.582047,769.8197437000001,1097.409494,1289.2505199999996
28.72728767,45.95137758,75.03102292,83.10216862,103.2344783,116.26055,118.5216184,124.5854747,128.9925566,134.49934209999998
16.21705517,28.64671017,46.20555567,75.16179333,87.44670467,90.57342835,114.0526409,124.7181732,136.8032081,146.3542592
22.67546559,48.11885791,58.30446466,61.71552190000001,64.05074758,68.23034751,70.40750351,71.88281648,73.60001779,75.25847969
4.621648401,7.295543587,12.0971308,13.86733034,18.45438223,24.04428051,24.15791109,24.29518775,25.01396201,25.28495477
367.7128925,571.1260913,709.4981781,806.2759711,1071.018592,1267.021706,1400.355017,1773.508063,2057.003275,2123.625122
27.60792336,47.1748795,104.6263451,178.0479689,209.7170346,226.5821879,227.6561564,227.7468897,228.0088941,228.6665249
45.37959664,87.85756534,110.6891246,133.30119309999998,141.3832963,142.59639199999995,154.84878930000005,236.232499,285.3145927,300.0838069
7.028294885,37.90359177,70.60971412,80.09963522,92.05453314,105.6536921,118.1072562,139.7433628,168.72602769999995,215.9951483
1.438800974,1.7267099999999995,1.776783134,4.310689152,4.459731074,4.905514655,4.905521295,4.905521295,4.957189332,5.301481082
16.81305244,23.371616600000007,23.46218994,23.46588564,23.58490144,23.70341906,29.63356842,39.30162055,39.73110429,42.50319741
6.093812432000001,17.34275305,33.62986382,45.28602678,58.8166825,68.09066766,71.30938949,76.14466759999998,80.0499538,95.48234763
14.18644567,19.76295157,19.86001704,19.97520558,21.23447186,22.11379417,22.45262086,23.45457814,26.86256599,31.76389254
12.70516005,52.448853,54.71345172,61.72325952,68.98878681,70.98927494,72.1362344,75.22817225,88.13249329,88.37910805
4.393676655,9.529224145,13.70875404,15.63321313,16.32737616,17.57943368,21.50732599,27.82322026,32.64059273,43.59401547
10.81070493,12.10847417,14.35739517,15.95338581,20.03651727,26.27403838,37.28594328,38.00879087,42.71262281,42.86492678
49.29789988,77.68260863,98.7346515,113.7146763,115.0308743,118.6976662,126.3409902,139.2573959,147.70230619999995,152.48519530000004
34.05058419,47.39281168,63.98220347,77.64845189,89.12229049,102.0784822,112.4654142,130.89656029999998,147.7536864,169.5546128
19.91181725,43.40084188,84.24967099999998,136.75134450000002,177.34592949999995,206.6678876,265.6099365,293.4709295,373.7774439,521.1681526000001
9.301134719,18.73246162,29.24504925,39.39945152,50.07428803,66.00536574,84.66257712,101.3741016,120.6363284,134.3742957
6.23255286,79.17289057,83.98597425,84.96218614,85.97081862,86.30860555,88.3059118,91.44318718,101.3451362,114.5754025
143.9848733,336.1136582,381.5567874,412.5268502,432.0753619,454.58696789999993,483.4090909,508.6671176,525.5810258,533.4159243
177.0376221,475.3528079,719.7026279,861.3389193,957.559661,1014.634913,1168.291839,1303.91672,1436.165322,1713.920673
156.28465669999997,293.0971183000001,522.1088717,599.6036462999998,629.9503873,676.612135,718.3592302999998,759.8158067,832.8546553,910.3856013
21.32216477,62.95287919,111.95238390000002,197.9451,229.84514790000003,235.2649209,236.2694931,237.9972382,253.4931722,307.3208835
20.07705235,22.41778412,22.43464522,22.43464522,22.43464522,22.43464522,22.44196232,22.68680728,23.28692862,23.3681775
4.515050212,15.48145716,28.55083727,39.03707744,42.11932676,42.15791532,42.46305152,42.49485286,42.74321334,52.77182047
47.13625427,127.0416631,151.0935055,163.56492980000004,183.4552584,183.8090779,184.9313092,185.0681879,185.3240874,185.3804484
8.7454424,9.273339114,11.05393449,11.25719271,14.86932845,19.62496878,22.08832436,23.94017385,29.03420825,29.33182306
74.64285647,105.6529335,128.7931591,162.4718907,189.6902984,207.7718442,208.0649364,209.269871,213.0036249,223.21435040000003
58.47891957,75.07206029,93.13370757,120.5626927,138.11327839999998,161.0661444,168.3146469,169.34058430000005,172.8434921,177.1624503
88.98317488,143.9357314,165.92358380000005,180.4461665,195.2171368,212.6387511,286.8175604,365.5062158,423.1658656,472.6250732
71.44196955,124.70464409999998,163.7601321,185.0738515,215.2685906,232.6591328,258.8317525,275.7093477,295.1403878,301.4684741000001
26.3723907,35.64819976,39.57865755,42.40067314,50.06190113,54.89548136,55.20856757,55.86705645,58.92796096,60.37130334
11.14658115,31.82923733,50.51211085,89.54271012,95.49141847,97.6415533,101.208536,103.3406214,103.5936284,104.3589679
134.60924419999998,222.9128632,314.5133463,495.1461097,642.9704705,715.0902434999998,848.1776835000002,935.2750735,1004.272858,1030.400814
11.54582745,23.45395446,28.04172796,34.96410892,43.02918661,47.16664344,49.33352469,55.58816419,63.17558099,64.70988910000001
32.38199977,135.6132945,196.9720219,231.5646657,249.32457090000003,265.4580732,282.4407335,299.5188248,305.5714498000001,313.6742154
77.32948488,136.60978659999998,227.8718865,342.8645653,496.58609400000006,644.0199465,717.8927546,785.3320982999999,842.6287448999999,860.6161537999999
5.596257959,18.58597802,22.09019356,24.16556556,27.96620763,32.18081327,36.97632415,39.11834079,39.41009275,39.68817478
12.90084786,22.33010863,31.41852985,36.80486098,50.37982524,62.68628766,72.34778019,74.20440097,79.78115037,88.8595314
33.1973415,62.39048012,72.23912029,84.27352641,105.9227357,132.0363004,157.9202204,175.1843718,189.3512575,196.0065302
33.28869692,47.25446461,56.1119312,66.96507451,105.9391908,154.643869,162.70710390000005,217.08649480000005,273.8029536,280.8104195
25.40356156,43.12558345,50.25774485,50.31890966,50.39055991,50.41270815,50.47255964,51.05820195,52.57635207,52.57733006
0.02997831,0.060566264,0.56264276,1.690002035,2.041283271,2.291832754,2.335993134,2.34164904,2.347436815,2.34970505
4.339917437,15.52060124,23.54887732,37.74039022,43.23723536,47.78542839,48.06919809,50.95696198,56.22806398,63.54208296
21.71962967,46.91705345,47.62789668,47.67338545,47.69065791,47.70991629,47.76759522,47.77631796,48.23921656,48.31774489
44.52032293,86.08512601,95.73458074,109.5627495,116.0214433,127.3371435,134.719318,142.0070021,173.83871580000005,204.3303457
150.22769,298.4741747,458.9392013,543.2414892999999,646.6950747000002,766.4691297,820.1004697000002,842.9493923,867.4486343,888.5714793
66.45739863,108.27245790000002,132.3294119,147.76414640000004,162.2416515,191.3867793,250.9465197,303.67886560000005,344.6354335,371.2644925
7.653305232999999,61.78241968,145.3494188,150.43933959999995,150.7167843,151.345448,152.5692992,157.5747976,160.0162397,165.33035859999995
5.793015201,32.25231137,67.01500923,79.18213859,89.05560386,98.42408482,101.0963702,103.0565793,109.0848271,109.5358859
4.755185624,10.15163212,15.47411721,20.31201877,23.82283433,27.38387074,36.26837522,52.10287907,68.80976551,85.81793082
54.1038985,77.95439122,82.10103774,86.67330949,88.65883882,89.87773071,95.41685712,107.5930613,115.66307759999998,141.95790060000004
86.36452613,104.5633611,123.1740899,126.059215,129.6379026,137.9866009,142.1522203,158.6919957,240.56840950000003,253.050804
31.22120647,70.80935458,87.78271854,95.77847134,119.0413378,129.65745520000002,135.97662309999998,139.9067788,143.91160559999997,148.61378069999995
48.99779676,86.94835835,128.6372531,146.17956909999995,152.9372155,168.333352,194.2022711,212.1780772,217.4683358,226.7329136
43.74462112,66.21722813,96.43327117,124.4981552,139.0399726,174.06412769999997,200.0540734,215.8901375,227.2747262,235.87620640000003
187.4436881,202.5990053,203.96318,208.6473261,212.2532686,213.46354810000005,216.4203927,219.2460429,226.4255757,228.8032725
18.63333699,40.61747511,78.12725195,83.40425677,89.3139512,94.20316216,101.82399759999998,105.7907174,120.0320202,130.57877779999998
10.90928363,40.23555251,71.57935162,86.54303113,106.4424135,120.4265712,135.2335296,161.7632988,180.6353564,198.3627199
13.89798201,38.66154299,70.58320984,91.28374438,98.48629842,109.27005590000002,143.467487,176.4967425,181.6334907,190.0987917
9.191074094,31.62229152,52.88365187,63.62677481,75.89024103,86.66762504,87.5140204,88.3038146,91.79948188,94.56896623
11.22387276,27.67515474,50.2933245,59.11833283,63.29165525,72.72262282,85.74603212,99.82207495,109.2261382,119.8575186
15.74233408,30.04592946,41.71963693,47.46247059,51.78729061,61.59442747,73.99146728,78.74347254,79.78693709999997,80.74675522
21.66649924,54.78073649,59.54985409,60.71261948,61.73318896,64.38982417,110.76634009999998,123.4802076,124.1919264,124.3312734
45.31080812,105.3317994,140.1884429,177.8610968,216.6552478,236.9355206,249.7022078,255.8958252,258.8391172,259.8908472
1.460463483,2.461060487,4.586853733,5.847080807,7.473994105,11.94365939,18.9208148,25.41620567,34.08999299,38.16583841
21.289659,60.01761167,84.80743758,130.0093686,147.337908,154.6896199,170.3340811,212.0396113,230.1171191,247.8356505
26.52564369,48.21504995,83.16120529,85.75562259,102.7612518,104.0638896,105.29505790000002,106.6530553,120.7281919,124.2235453
24.64235511,34.31654273,40.27521992,48.82690997,61.17891253,68.92003601,69.21054894,69.88805179,76.12441473,109.4805145
72.904173,126.0493779,168.4714659,284.4131649,356.5748914,384.9487856,402.0822045,422.8447227,460.3812702,473.8186489
17.83923997,24.47292401,27.74821562,34.31647083,56.46221118,70.30382488,77.49990431,95.4684921,105.5968522,112.9469528
10.90075158,34.94055258,62.76879425,107.0280596,131.4155348,156.9941614,178.45405490000005,188.1823963,193.6794912,194.9492775
1.469708143,5.027506721,6.457579848,9.823798437,12.11296745,16.96945201,36.75687961,53.26037481,63.02049398,64.26243872
48.12266861,105.1027285,128.6387719,158.28202530000004,179.70574319999997,217.24188230000004,265.0653254,293.1499687,318.2184295,333.1461672
0.108891482,0.771672758,1.809779783,11.76777955,15.67443999,19.51273893,24.41686656,71.79588637,71.91397198,78.79887965
261.40978,551.7344467,655.8362267000001,739.1201232999998,774.921564,819.142153,838.4155327000002,845.5732188,877.8211255000001,967.1499968
51.95007943,78.43338643,125.186804,145.0249376,156.0684307,168.28730890000003,184.7840417,197.1688155,213.4454702,232.7860206
51.28143836,83.30755734,91.24400369,96.49048934,99.14784729,101.3658975,103.6047719,105.4446246,107.0016573,108.7138816
0.13106152,0.1322213569999999,0.141774622,3.579574622,5.447802022,10.25831602,10.27473621,10.36581379,15.00062979,17.00388159
56.00306767,75.01950017,82.63001125,91.87978992,120.7205599,124.62585959999998,145.48928940000005,153.8716469,158.4675718,166.9244901
0.932473816,3.886195616,6.855938863,11.87249254,18.53737306,42.53187749,69.39447137,109.15566909999998,133.2673608,172.7523836
33.7081448,77.92535871,192.6447092,223.6232401,231.4527009,235.3565798,239.14889930000004,240.3807883,241.1708756,242.13667180000004
35.55261835,58.57663358,91.32502152,104.1161923,149.5384088,175.00300769999996,191.8474772,223.9164562,262.2816177,264.6177429
31.26471643,36.198754,39.01453929,40.05779461,45.23075062,49.78642928,67.54854599,157.3627056,200.8317278,235.1808084
67.57522562,130.2508278,187.9246357,206.9790132,232.3909935,268.81992260000004,316.4796724,361.7016917,386.7905621000001,397.8566505
69.37025548,125.9990465,145.44750449999995,162.2992809,167.0690032,172.2954877,184.664453,190.7494187,196.446902,211.1139062
74.19656649,78.48838159,84.48480852,86.26998075,93.01865304,115.2618834,139.8564642,151.1851753,165.0858739,176.412176
9.007590202,15.68452012,24.60801161,40.94637286,64.37737926,80.81312782,82.82155157,83.88321227,87.94935032,89.25017562
21.32352902,47.30109247,80.17470449,107.340264,139.60406880000002,167.38197030000003,188.2811115,227.0300867,271.840167,322.2181257
112.55392140000002,274.69456710000003,335.9435121,402.0055577,430.618278,455.1969453,465.9417185,480.4831591,494.9967897,541.4756859
142.1679478,181.9432844,195.3645554,210.1528352,235.1787647,255.4302921,263.6713141,270.0254588,282.0468229,292.693775
14.16759874,36.80578378,56.54222284,85.14748966,141.2465407,195.6605346,224.9773204,266.5537304,300.3598725,324.7012688
64.89823634,93.2361008,99.52953425,106.1716471,113.6537885,139.5147019,162.3545754,174.3781516,227.9735272,260.7219269
74.67458233,101.562305,201.4310075,242.4158255,280.4241383,341.653336,416.5179453,429.953137,466.370421,498.5506585
30.56936935,30.60860765,36.62727899,40.46907945,56.23833067,64.8738761,76.22673193,77.33708541,83.80825293,84.8273093
57.58817886,62.90912634,72.97012594,89.18382466,118.7106635,120.1333403,120.5948615,120.6772193,122.0098368,130.7388232
14.37290719,20.34516307,44.36918062,77.57991437,79.70536633,79.94342095,84.54172737,89.69411213,92.26361525,96.57154665
89.71579464,169.8462375,226.4044622,256.5198649,283.8061203000001,300.0978771,312.5373101,334.9596944,379.94669460000006,414.9597666
0.056739399,19.35234785,23.59990741,26.00064026,28.63821383,32.46065964,34.558251,34.82387070000001,34.87517177,34.94349748
3.211164228,3.668943681000001,3.951317283,5.246017264,6.894551306,9.512497646,11.87793522,16.88649406,24.80051389,36.09256139
5.660578986,12.62121058,22.900609,43.71296176,62.50974955,81.40984653,104.1239906,113.0857315,124.3763965,136.2259736
124.6677503,209.3926937,245.8090247,268.7284339,281.8286481,294.5060736,307.76023010000006,331.8843366000001,356.642259,379.3607795
1.7123326330000002,6.956515857,31.57760712,67.59904446,105.1064334,145.2799894,188.842601,201.6943127,202.4919466,206.2313097
58.44699393,117.361334,182.3180635,240.6301046,295.33463660000007,348.2223792,418.6161036,503.3631415,593.6769473999999,646.6221501
43.09054514,84.123616,118.9024967,168.7580854,254.9321876,409.6539461,481.0674563999999,533.4718684,583.4838886,615.9619147000002
61.92988789,155.34377419999996,235.946077,260.4136883,271.40629900000005,284.0452026,295.3964794,314.91837410000005,333.9519188999999,348.0005023
99.5124297,118.1238914,133.6488051,147.5515733,149.1018196,149.4580075,149.7375643,149.8708549,149.895635,150.6256655
3.383830374,4.471342006,7.756840866,21.54770807,24.79490509,24.80299029,25.0436923,32.6209213,41.9080833,43.8518174
22.45476796,74.27602983,76.06585479,77.96071869,81.44146595,87.07922714,101.841494,121.3404519,138.8309759,153.32471130000005
91.91500318,123.2954212,131.8606263,139.9989032,172.46378059999995,202.1605251,229.245702,274.49678470000003,349.185369,480.629184
246.9279367,497.0080567,809.3213333,972.8669633,1103.18319,1159.714065,1260.571855,1375.938045,1516.768899,1715.0941690000002
24.67272672,38.33099288,39.69038539,39.96798521,40.11422538,40.18966025,40.30944417,41.44541586,42.30778462,44.14050507
17.54250091,27.90522884,34.03053716,35.37548522,35.98141226,36.70583173,37.06590304,37.30102675,37.75590264,38.2824475
85.99157,189.404375,299.6198817,375.4540617,432.4410317,497.8943663,574.901974,738.1692272999999,958.038904,1142.381311
12.92883674,35.71359977,58.98085777,79.13322755,91.75157401,97.49177468,104.4053004,107.2162143,108.272324,109.2739783
27.23215209,39.24528726,59.02917872,96.91618329,149.1898784,166.8121449,168.2450825,168.3093736,168.4748639,168.5501119
45.89233927,114.9358006,133.55210970000002,162.7239707,199.4153936,240.9315495,265.8227574,302.449674,364.495568,452.5436419
111.3170912,237.5100378,336.8404586000001,472.5039825,541.3132256,573.7913031,613.8893198,643.2550076,682.5495746,764.0610324
15.87388924,23.32155627,31.02634167,32.51354986,33.68090461,35.22893628,37.91918616,40.26656051,42.17886471,44.82501826
3.195524943,62.03767824,127.159042,145.6768341,155.76839640000003,157.1953062,159.5005227,161.0680093,164.26172340000005,166.4372456
13.81998033,21.79125172,27.2944629,29.32017732,29.36714624,30.35426627,47.93563527,71.42933177,129.45059540000003,133.6642051
72.28009019,91.70745278,101.6674434,130.5921122,177.3974389,202.1348915,219.4446247,229.1018284,237.1347381,243.6582736
0.000512311,0.001131206,0.001359284,0.002314685,0.007662743,0.069970671,0.18034496,0.219508111,0.561527849,0.7655478920000001
5.1237789860000005,19.93236084,33.33589027,56.52454713,68.22357269,76.03952799,91.61105156,95.18426967,95.45390289,95.50388383
26.10366495,40.74146934,48.72320029,51.9284109,54.68003208,55.78408167,62.46250198,74.41404693,91.74574472,118.8244763
31.63430203,53.75546245,55.71477900000001,56.34997406,56.6504451,57.06953923,57.93619666,58.29571465,59.13736523,60.46006371
2.9267740680000003,12.10501489,13.10572486,13.58388672,17.14007136,24.0288938,24.36949139,24.75233598,26.90975144,28.31813089
7.931294596,26.88643917,32.58045101,39.09173343,51.79700698,65.78099044,73.38955591,75.99224636,81.11022552,102.1775804
5.985833404,8.53910689,10.03678588,13.10809734,27.421046,33.60896186,38.90532775,43.41880588,48.45122697,53.6677668
82.34865776,175.36275569999995,243.1477456,302.2787805000001,341.4599465,363.3389879,380.4664194,395.6088686,618.8383872,765.2016636
113.2886842,124.3121956,131.1087356,134.5152527,135.08667140000003,138.0203054,143.625598,151.9681988,170.3948252,191.626344
0.0,0.0,0.0,0.0,0.0,0.0,0.0,0.0,0.0,0.0
0.254165467,0.885585472,1.73290631,3.996645335,4.391724411,4.579520306,4.638325964,4.779996637,4.779996637,4.804332136
13.86322013,25.38339401,38.78519478,51.98304074,62.06602091,81.76079967,100.1725084,113.9057925,132.9457376,163.0122367
38.387468,68.48425608,76.20948217,85.80805158,89.03928283,90.54863792,106.74138159999998,118.1901693,120.4250366,121.9393634
5.420050248,8.968803899,9.880656774,10.62589008,14.90586836,18.63100173,25.31455551,30.36057319,31.10697102,31.31896806
24.74105017,41.65358408,66.60181714,92.9518827,106.6153962,132.9117518,146.3694895,152.374474,161.6435869,164.7626724
87.59427745,152.2395859,189.4786,221.9017567,237.7064148,259.5432412,287.4026263,328.6027876,387.7199547,446.271446
58.14776793,117.6322031,202.6399152,313.4816327,407.2116473,448.1372588,481.5898853,515.1849980000002,548.2036952999998,592.9612911
30.8607699,56.84768093,68.20116113,74.52686329,79.72030686,112.7495437,148.1119835,163.7460356,177.3361198,201.0411091
1.6767147080000002,2.461281371,4.212365903,10.52344991,23.46554866,37.3758303,54.10906661,80.42786329,114.04066740000002,141.14749880000005
17.619410100000003,32.30014604,35.93723942,41.16806108,45.28128034,45.44123002,45.64604663,45.7455539,46.23358583,70.42674078
53.92246983,108.9899739,188.5204556,263.7749686,334.9181633,431.6172797,568.5304772999998,659.9805436,686.9659856000002,719.7647472
16.59353178,35.4638645,58.26908981,82.53408564,100.5148988,106.8015771,112.0654079,131.7210908,158.4673238,170.9844501
10.55321334,28.82785969,39.93624101,45.73570325,46.41154032,48.38637864,60.75085844,63.55099964,64.37627343,66.23464479
67.69413643,150.2209109,179.0091236,225.0402583,249.5855871,306.064459,418.8278347,546.3953863,602.5572467000002,679.4047360000002
1.252638079,3.0982658080000003,5.031832322,5.986113382999999,6.57386661,7.105024379,9.318712818,13.3468663,16.51118786,21.80947807
56.09755794,108.6604615,135.53224219999998,156.7593563,168.0216922,174.940465,181.6170265,191.8316151,204.733336,212.7123367
37.73315425,77.7205045,169.0710228,296.0414773,374.550598,433.11581050000007,479.4408966,524.8712726,645.7201431,766.3959169
80.86183249999998,97.80604342,110.1314055,133.27401129999998,165.87300580000004,196.606456,218.219242,241.1188423,276.2760923,289.0782763
45.68044565,64.70990279,67.18468933,67.76248383,67.96999248,68.07134421,68.29455038,69.43016259999999,70.14647861,70.21141699
18.42514918,42.56983109,97.61385964,144.2738444,209.1070882,243.4770516,262.08312,271.30595550000004,272.8119421,274.5086618
19.92468975,33.47807792,54.28492975,75.98538675,98.30722767,124.7565794,130.3153913,130.37146950000002,130.4381439,130.4465269
6.658989527,13.01691669,16.80215449,18.69391569,21.47065614,25.40480503,30.96627175,43.31939443,55.77316728,66.93694569
3.449459403,11.31674005,20.74238694,25.65042967,41.93972944,59.067715,64.21396675,70.02761509999999,75.58068624,85.40564261
4.4603469780000005,9.541055367,13.48234198,17.12385881,18.5591802,23.01798584,27.00329055,30.59757978,39.56395747,49.79332677
46.14598154,63.74814827,67.11387090000001,69.93128377,70.41592766,70.76059152,73.45277057,74.62886075,75.13620387,82.12790518
0.459178882,1.069946425,1.366151715,2.030658509,3.280562794,5.7323303810000015,7.169553686,8.090202469,8.461458057,8.65300537
17.30982089,41.37971338,91.20640827,133.7372555,151.5538988,170.65609009999997,184.9546763,197.0932442,206.9185855,217.5877884
88.89365533,153.7098673,175.8759902,222.2918378,284.6128632,376.4575598,508.4343015,580.3786565,625.8826932,664.7072485
2.365929421,4.979565383,11.41060005,13.23525023,15.35888499,18.85563989,22.2858036,27.77831917,41.1988097,48.74000785
40.7524863,97.01976332,114.1442451,118.696367,145.8311032,153.50861650000004,154.8881519,159.3011834,214.65968450000005,229.6579687
0.278881815,2.522930439,3.242250424,3.286973594,3.46547201,3.5372579980000003,3.5600273010000003,3.574247134,3.581772489,3.620327179
5.827482838,23.45153691,47.50498429,62.20784738,72.77999167,89.56765507,109.3841661,131.1978623,141.80788930000003,154.80298080000003
12.94993882,22.02805983,36.82182325,50.53234561,75.10537289,117.4093116,156.0110216,171.41743480000005,185.1781518,199.4836805
31.98300797,58.03689276,92.93362939,131.3936064,151.24798909999996,162.55674019999995,180.8900324,194.0550745,204.0148478,239.6775752
64.83680652,143.713355,191.2716689,210.4803067,230.909518,248.0249068,257.2444522,267.099859,279.3800365,296.1263434
37.432964,100.905512,180.342816,217.067494,237.351698,257.849242,273.9630173,281.7317639,297.1724852,321.3821229
93.19004688,179.915198,263.6395266,296.6447735,330.3730141000001,355.9411253,383.6454249,420.4240402,467.2258771000001,488.2620089
2.8207028,5.9975121,13.8504217,18.1093409,18.68660324,18.68660324,18.68660324,18.68660324,18.68660324,18.68660324
31.84289688,52.69446749,68.26890970000001,76.56922853,89.44888242,98.15107178,104.0677994,109.5009545,122.6163938,141.85382719999996
76.108048,133.960205,250.705453,335.6786897,391.9775797,482.5601277,588.7950277000001,704.155309,786.0871977,812.6768007000002
3.206508249,16.03166872,31.23885699,39.50633728,41.56659411,42.89160579,46.44160194,53.98607508,64.23951173,70.58417466
23.18955968,28.77100094,43.52672589,48.80839241,61.52892693,72.25582527,85.28948663,105.0022625,129.6655317,152.3388556
8.825830292000001,16.67378077,27.27807976,33.94783431,43.90592169,68.22975927,109.3454523,132.2404354,157.785291,167.74085630000005
37.82196108,55.58357599,57.3754325,58.09302452,58.20629685,58.5342751,59.61333916,60.83720398,62.32556478,64.53416201
98.62165522,150.388628,189.9135417,209.81150930000004,228.6292968,233.6952244,260.913548,335.35160539999987,371.3700849,388.8196815
55.26978643,90.94353214,153.1749364,231.2700771,304.6417034,374.1409589,394.8173497,438.3238476,526.3771397,541.6951341
75.48846271,114.3104387,145.2200431,179.67845119999996,217.5358114,293.0724668000001,325.3437535,347.4091127,358.6224596,365.1630692
0.836754423,1.515355306,2.858081789,7.491221568999999,7.992798122000001,8.244054999,10.34280093,13.27836427,16.86427344,21.19797312
9.944471926,14.03877259,25.04990956,34.15598768,40.18161353,41.87191287,46.02463187,62.58788742,99.33826549,121.6305381
19.57998217,72.02643263,169.6678051,212.2591826,227.5610371,239.9340956,257.3343481,269.0259632,273.569175,276.7289403
104.7323206,152.13770549999995,233.2799736,311.00890739999994,394.4449019,421.4141889,458.011522,506.4586711,578.4851377,644.9425364
64.61721979,123.2654883,164.6559133,222.8328697,314.52245689999995,396.4793197,446.8377678000001,466.910546,482.0342015,492.0851023
8.016939399,10.22405572,11.76400893,36.15570557,88.50798296,103.012743,108.5886752,110.3542838,116.9597588,220.7586232
17.60964719,34.06064249,53.2833343,78.56036119,105.8967914,120.9367327,128.1766031,135.9581681,140.84186619999997,146.29847890000005
25.92029665,42.13639853,85.10614908,126.8350136,158.4604908,213.7363881,282.77666,301.6094246,315.0002291,325.3087765
0.0,0.031600959,0.068048885,0.094077244,0.097864259,0.09862403,0.09862403,0.138519723,0.182690741,0.384474293
113.7997433,155.5058592,180.4886033,183.3456658,185.5906595,186.8385856,195.945613,196.561856,202.4209054,204.3288729
9.763657835,32.14545154,79.66443909,106.5411773,127.4445062,145.50599419999998,158.77607780000002,176.506563,204.3701668,221.70389330000003
0.0,0.0,0.0,0.0,0.0,0.0,0.0,0.0,0.0,0.0002886
7.005681042000001,14.75594032,22.67954728,35.77010439,46.70995844,52.41503625,61.79252827,71.47442548,74.8877082,79.14922908
0.0,0.0,0.0,0.0,0.0,0.0,0.0,0.0,0.0,0.0
37.74940606,47.47478837,55.66908616,61.01070881,76.21689381,86.71587329,95.09338804,99.99103368,103.5161782,113.16089440000002
10.43057865,34.88597384,59.76389035,65.58267629,70.52286349,78.01702662,84.82357116,85.6859019,85.93755623,86.91405194
23.86770486,92.21139551,98.09391656,100.3408166,112.25189009999998,148.2409369,235.7929579,258.08577510000003,270.8678503,303.9221456
6.147958083,8.891903402,9.500351276,10.09299269,11.6295109,18.72784274,30.36038627,59.42972654,90.65709608,137.6174109
83.70913217,164.8415891,216.1811964,274.6774006,317.7610935,360.9458543,442.4797393999999,519.8351146000001,570.5371207999998,627.6673247
0.8689007120000001,1.23127674,1.458103016,2.361161307,4.4563296580000005,7.980300424,17.96959683,25.56141053,26.89715172,27.2415289
60.20177243,162.9972493,214.1687597,247.51884280000004,266.9656091,297.8345534,304.6384935,307.0666449,308.7665209,326.4641295
27.173063,60.62480151,81.85507971,102.345855,109.766426,127.5251491,149.47331069999996,166.55102409999995,179.71819,185.0310404
76.31136617,80.98295034,86.37357229,106.05572990000002,125.7708858,140.09810269999997,163.1153853,169.9535541,173.61702780000005,185.4519327
45.96160339,82.66237069,85.75531437,87.13977361,89.20289131,90.95732929,108.248168,127.1253957,138.9304296,156.36214630000003
42.58319768,58.86188413,65.83735315,68.22597559,73.82823622,75.42501120000001,79.19079551,81.54321908,98.49026491,216.1601587
59.18570822,87.82986817,114.352314,155.2154283,191.6875696,203.871873,215.9952662,231.4701652,277.595078,287.3643195
30.656816,61.277795,109.0177763,147.13979980000005,183.6222058,198.480167,201.1541892,208.8580263,221.4653809,224.3426904
17.2711576,24.14170908,36.19375973,55.80251564,69.91327488,91.07362662,99.45313375,113.2436044,118.8285217,121.8036767
16.9348629,25.33473271,54.02539395,78.91368259,101.2874216,136.08185469999998,169.58035,184.1527109,188.1061527,191.4230105
10.34703126,26.30710498,55.20348316,71.12811372,81.31722655,96.99268728,132.0821369,152.1193919,163.9108388,169.2037201
11.13031004,22.57370462,35.42603785,43.74539759,50.36112593,52.54031703,53.41946302,54.3754588,55.02832733,55.63025937
11.7861543,38.17685243,49.9462665,55.56539848,69.82955632,89.32947702,138.9004004,164.63378319999995,171.61852019999995,181.2353659
35.137068799999994,59.986410600000006,74.00437020000003,101.8444444,149.2848296,180.5949774,190.8656694,193.6932062,200.0619208,229.028871
12.472544699999998,36.95162603,85.1325637,147.8422502,167.92313430000004,180.9622327,195.4645762,207.0364845,219.1102296,228.5080646
4.740168934,11.56103339,16.38765543,25.19515641,34.34748316,45.96837745,54.40919347,61.97144995,68.993286,73.97773133
16.43351033,46.2586417,82.07437823,124.2717045,170.1890409,193.8827594,210.9630122,237.5559254,267.49069669999994,284.8274425
4.016632231,6.7170703760000015,11.31283491,20.88169205,26.15991557,26.571617100000005,32.29186691,43.72047828,54.02115091,55.04263522
7.035795423,12.94549995,33.24408436,62.15274671,95.12314099,111.1355509,119.2130977,125.7960758,155.164374,184.0299542
74.65620799999998,82.33468925,84.87086604,87.11448108,100.380477,125.4016141,132.9962637,142.69229330000005,172.0097954,178.82614089999996
3.580867043,10.24341994,15.70984019,16.11272723,16.20269957,17.11668258,17.27213048,17.76600438,17.85761875,17.98073486
29.290876,42.5059222,58.6526699,62.18253647,91.05013775,146.0491364,201.4449724,212.7045413,219.4312786,226.1705701
3.074644588,8.850369967,12.47346382,19.06977888,22.33037081,26.1125748,28.73877401,28.96273085,32.52742716,45.25308728
112.5996449,123.0471831,126.17325459999998,129.781697,131.9528048,132.5760364,132.9561622,134.3261965,146.9338565,149.0820469
15.63104836,16.12670242,16.22345911,16.32362882,16.56986548,16.62124023,16.71317493,18.37847792,18.46038761,18.63848305
124.5289412,194.36945380000003,253.0174971,298.4347152,353.3989175,477.2512327,549.4998013999998,642.5723720999998,732.4195905,883.0247061000001
105.6768559,236.1464623,297.4527143,320.0810751,343.0815107,366.2836561,405.8994475,430.787324,449.8712947,475.3910845
29.63626117,47.44560783,48.75624594,49.31872618,50.58879507,51.23300187,51.91814037,53.63457468,62.45284218,74.52290678
56.61434152,110.3501188,148.1508791,180.12760759999995,214.5446062,246.2335181,285.1621803000001,321.3075273,336.4115731,353.6896450000001
75.21048987,116.6016741,121.4775968,124.8462988,126.6090494,141.28061730000005,148.19525430000004,149.7425128,150.9124386,153.0155476
13.66351355,39.95986907,53.41760679,59.42259126,68.69170416,71.81078969,78.52920229,92.02433551,113.0547953,124.1464616
9.611231377,27.47270523,28.42830518,31.54317839,48.43062476,70.35412029,87.7287446,97.35327076,115.23723259999998,152.5868846
50.35844803,70.43122628,85.55488179,95.60578257,121.6189169,171.3173426,251.2210737,331.643408,444.0591899,629.6423275000002
10.55248695,15.33400755,16.86046332,17.39229293,19.5155133,20.65101204,22.72197878,31.78038942,48.47839543,59.85382698
0.0,0.0,0.0,0.0,0.0,0.0,0.0,0.0,0.0,0.0
53.31583299,96.64980949,121.5480163,129.3219134,133.93446070000002,160.4693541,172.1370999,195.1600281,217.0289991,240.6019592
13.984497199999998,19.60881961,20.24426928,20.57734725,25.93293642,32.83534062,37.94738317,40.12378682,44.54704618,66.17705783
67.36110101,110.5613496,135.5766144,143.41062639999996,146.713052,152.3414771,171.72230180000005,180.2637878,186.6672944,198.007303
94.3560675,151.361009,167.159166,183.717829,192.713611,198.515895,199.0777846,199.3948421,199.4254985,199.7602279
11.23622538,26.93105059,31.2695027,49.35636639,81.07641740000003,92.87009181,96.06072888,97.66797459,107.8841555,138.8837705
36.9039839,51.68311256,67.39077054,75.88973683,83.12568594,90.0530669,94.81835914,104.3821005,111.9512362,119.7462176
125.35560929999998,240.8257625,274.0114842,341.4811227,400.3638242,499.5947713000001,662.4404847,851.659499,1025.599946,1170.151115
11.02708167,20.77911565,27.59271123,34.80308261,40.90169872,57.13911133,81.0786213,83.55447344,86.52417625,98.76111151
28.57917006,45.9091411,58.31009492,65.76773376,106.9275468,133.32254220000002,142.54417719999995,167.78727759999995,182.2626435,191.0198905
115.58604,206.4816957,256.5810783,313.4143647,380.6615037,448.4411257,534.4326957,637.8455007,748.0610073,823.8951873
166.2708233,207.514176,253.9181537,288.5308167,305.0929017,319.4036805,319.9096911000001,326.4051443,330.6038511000001,401.4820878
43.85104723,74.10172134,90.81511306,107.3510543,133.7634551,139.6808,145.5272644,187.2957566,222.5326002,252.0155079
87.35288184,161.3191041,178.2688385,180.73940990000003,182.8024364,204.8860314,226.9181194,233.6456776,240.3363483,256.4629669
47.81706719,66.27450315,129.99757979999998,136.482369,136.66180649999998,137.3076105,145.67263540000005,168.540949,180.195489,189.8895181
90.95603576,174.84412949999995,259.0407053,271.425251,342.5826025,409.5278128,505.9170854,607.8763677000002,748.4204076000002,853.1437158
6.435083722000001,11.92932822,14.57950286,16.18534828,17.4477335,20.05491354,22.82908358,26.50466906,31.36475932,34.03781284
1.736859378,34.43976993,70.83130703,93.49106926,97.05849405,105.4678426,137.9239179,164.192585,171.33259230000004,176.0078336
18.84323553,32.56229154,33.52300063,35.66777633,42.2701886,51.16178872,59.23896431,67.78829774,82.27491044,90.10589545
122.347498,158.0931964,180.9545411,207.9519781,226.2431748,245.5794045,255.3496778,274.0695042,331.96570739999987,399.731288
5.9925384510000015,6.236251919,6.540128701,6.582028153,7.142171035,7.53232751,8.11018319,8.589913301000001,9.107383447,9.728997899
0.347531968,0.487767053,0.8433107390000001,2.978034268,13.330353400000002,16.11786529,19.73459078,21.40170506,21.70944614,22.03641399
5.309770318,14.04470007,25.30694946,34.43493651,50.23945955,81.95407447,96.65751789,101.7668014,107.5494606,108.3308005
10.24013546,22.62098646,39.46165655,59.5542338,70.21286485,73.26847056,76.75463146,82.14462042,86.18192686,89.49076995
5.291503219,11.03444377,18.16562335,34.07875036,52.24057799,58.06190967,64.13567265,70.54701799,74.7555468,81.37099494
0.026222218,4.837413368,6.799391418,7.959703123,7.987508328,7.994855362000001,8.020915032000001,8.096841702,8.187624517,8.187624517
72.79613,138.3334733,192.6105753,201.3039247,203.5285827,203.8208365,211.6175601,225.0759916,270.07210560000004,292.4229693
184.5068533,293.665862,359.5966157,590.7476357,660.94575,722.495309,813.6121957,878.7704460000001,916.6896557,994.459299
13.01128824,25.28421236,32.81402092,37.40258006,42.421488,45.38552442,50.42405347,55.39454517,61.14656722,64.04798827
7.72141542,12.40653408,15.881463,19.61748406,23.81126228,33.51547888,36.96707116,38.10483296,45.39585636,52.37806970000001
67.74266067,124.7084007,139.16848249999998,151.86769730000003,171.80699950000005,197.8429543,233.2980293,277.1273653,287.4641873,288.8195113
6.765603077000001,38.53177763,76.39464912,98.37225727,111.2520616,119.8847351,159.4186005,182.3195457,196.0479118,207.7308576
37.93132493,84.99310125,119.4347573,144.04240969999995,154.0068557,159.47814240000002,180.7597796,198.5395955,213.5667012,300.7048909
58.612126,83.51334871,109.8146717,122.2696044,146.6748908,175.7118701,217.4917262,268.13826780000005,321.3571455,355.8554896
37.17826026,56.53043554,67.54723832,74.85620208,79.3393371,85.76282403,93.95869983,101.2233835,118.601241,138.0674114
11.91407484,38.13859153,47.10578203,54.06537914,57.76898248,64.29690247,69.47945988,76.66372592,104.510591,123.82352790000002
7.573617585,17.47593557,32.21948975,54.93916853,63.92116175,81.42909461,85.83044245,89.7649983,92.52199864,94.12025108
8.133642751,36.58784883,47.83517068,72.89155841,82.60680872,92.62060748,107.7609004,116.309771,129.75569879999998,132.9210839
136.1953283,170.0545837,180.2867799,202.7599416,229.318897,251.179167,278.9901902,294.7453357,310.3225496,337.2265197
21.866102,34.71294057,43.05212236,60.80746636,70.57705664,113.9476361,151.3503746,157.2592041,158.1568446,158.8415477
130.9187472,214.8836151,304.0212216,402.5480194,489.6221546,550.3513558999998,597.8891568,667.6807986,754.8129251,899.0087061
88.18277679,203.562429,343.2845101000001,463.1946617,536.4257163,593.087128,649.5156807,710.6282553,749.2704687999999,778.3428941000002
56.37284325,124.1018624,210.2155538,236.4082872,253.9381107,280.0995272,299.4469614,316.9548825,335.4707001000001,355.2825293
5.274979749,6.489591119,10.93286303,17.07343776,21.92201031,25.77691791,38.99599015,55.85739512,65.19272372,80.22047293
5.121085101,11.74550996,23.21999623,27.57092321,28.32166909,28.36139896,32.11318818,37.18623688,54.11890759,56.53779166
0.000119036,0.012578944,0.045439167,0.045439167,0.045439167,0.048143487,0.048550204,0.048550204,0.048550204,0.048964231
14.3060828,25.61718116,29.81458466,34.08741787,42.02994045,82.53968035,107.8123799,126.4329175,138.4367333,153.35574119999995
16.95929541,30.44212318,45.07464116,56.76544647,60.01738516,64.89061395,68.64158693,74.77469811,83.47376396,100.1445598
64.54972531,73.08508314,74.68423436,76.02391472,76.216697,77.03892755,78.45164363,82.23551865,87.29659578,91.52291157
67.54100638,113.15440490000002,148.5007197,240.6545648,288.5791096000001,318.8245687,349.4434057,386.458958,413.080561,428.0226205
76.39022148,95.41972767,101.8706176,103.0735286,104.9646149,113.2932478,121.0520436,126.7335422,151.1077758,193.2689756
36.44974723,58.61443232,60.87165359,68.22977896,82.97859899,91.99698804,95.43986657,104.2674582,130.50302659999997,132.12529569999998
45.30382026,57.30580766,57.85807042,59.82609167,66.47899461,66.66001689,66.68477597,66.69922597,66.89200787,66.95993805
0.390156475,0.968012155,1.447742266,1.965212412,2.5868268640000003,5.8155577,9.79243593,14.57812282,17.72768967,21.08842113
265.0746682,457.88615,503.0301008,548.220865,561.4603701000002,607.926187,643.1567672,727.7869638999998,759.1351998,765.5844361000002
31.24949025,53.48535638,62.88751544,75.92478781,85.36505898,125.700939,149.4585564,200.4161831,248.0529506,318.4269699
25.15108734,89.64045439,132.4866627,187.8772182,221.0331757,240.636078,253.2713834,263.0006147,269.3978682,275.64085750000004
16.74258165,38.13725717,55.60391805,67.7854592,79.16227420000001,84.89770131,93.30674176,102.9771095,108.19862890000002,119.3585415
0.445028015,0.722044055,1.63078965,1.820935473,2.6568272530000003,2.7051003660000004,2.7726684180000003,3.890927185,4.693320099,7.798455831
64.08206454,143.7315858,178.788792,223.84292030000003,248.5319364,282.0497805,326.9471109,396.1624858,449.0600262,459.6519313
0.060749827,0.211109884,1.042655353,2.299885714,4.650918688,18.07268001,20.04200803,22.16728776,45.06179745,69.28793365
24.24461418,92.21888413,110.0822148,136.5726494,160.23737549999996,172.41304269999995,183.6486257,202.1986603,219.4294602,247.83704
13.00798836,27.66331147,32.43850733,32.54463006,33.28134899,34.91440419,36.11531809,38.63584346,39.95548717,41.14008816
54.42162138,71.17868125,89.47981375,119.8382885,174.9796131,227.8610546,299.9898959,356.2617223000001,440.0989991,525.5712761
8.547190143,13.61961254,29.04431554,56.54508354,124.0170803,168.51763569999997,180.3375275,206.7895141,208.2343506,209.7220475
97.62447925,176.75072450000005,219.9087654,237.0427414,244.3674224,246.9390718,249.2469356,250.7752557,251.2635818,252.4837072
33.86630307,59.65798704,66.84659254,75.5302983,84.49533224,95.84956466,103.95332059999998,109.618029,126.0756353,136.0119752
44.88511842,87.51625211,122.0269769,136.46162880000003,146.3076126,157.99717019999997,164.4819142,169.0540142,174.157577,187.8050177
19.51818334,51.57489364,90.36125935,111.4794968,153.2213315,218.6568962,234.148123,238.0583141,240.4684979,243.1504561
49.95062245,98.98206047,115.7753304,123.1442522,128.2523321,132.0983313,135.4396758,138.75097649999998,142.3814218,144.64852130000003
33.670653,63.26596113,75.44954613,106.8619023,107.7032395,107.7046277,107.8465254,107.8689671,108.5122781,109.0723483
11.06350566,20.72073025,29.23912806,30.3869163,31.3863035,32.18420619,32.34854087,32.76980782,34.0024576,51.43537225
8.454728465,25.61751684,42.76292537,57.23878621,57.57402162,58.34610878,60.46757713,68.57166665,69.38202302,69.89788748
86.28875809,139.2370561,192.7731488,208.3111449,232.6047801,240.9592515,246.2494806,252.5495305,268.7091825,288.70978189999994
59.75794789,107.4403149,173.7965499,244.1503938,294.7501759999999,321.4801672,344.1577608,379.3181271,414.5585563,436.0015158
2.614076535,9.703339199,16.99613763,23.94630992,39.1456145,42.93349578,50.17146294,68.58153056,120.3481956,153.40053730000002
36.11356183,65.13811672,81.88461309,117.1961093,162.0970569,194.9061616,229.2092353,248.3760243,259.36425890000004,269.93530310000006
57.37894154,130.0453077,203.8887284,246.3847515,249.2100104,253.6508162,264.20803,273.5178048,275.1389169,278.2051012
19.05592464,55.88278628,91.22430497,130.82319070000003,147.1917956,156.7121689,165.4086389,196.0253497,229.0629054,240.8604575
79.89213050000002,143.7701884,197.3296998,274.7910064,383.2335213,454.7109028,587.230329,689.4089739,815.9722039,932.5992381
16.44235282,31.37294583,50.17956736,85.58983147,97.20084586,105.4898821,161.7717552,187.7174884,194.2520624,211.7998665
130.9460713,295.50969489999994,352.5530712,418.0420829,467.32731460000014,561.2317918,597.0842357999999,616.7609528,632.3300634999998,653.4043985000002
75.86219567,145.20391769999995,221.1410102,274.7467962,312.3120707,330.7859705,348.5700682,385.0118862,395.4036408,395.6863307
36.96474937,46.95184201,52.12921157,56.36181904,71.14948258,80.48815619,86.82060149,96.22665802,104.8702193,114.2791548
19.73708779,41.54324531,48.49794269,50.33237774,53.36661069,59.98335626,61.15675987,62.375198,66.14729158,69.18911708
48.14797735,137.44585969999997,198.5853938,239.4340098,249.9286061,259.7509799,273.7798174,308.72239019999995,356.7197247,381.3045553
45.7929885,110.6937318,170.5017343,188.3292843,191.1905985,193.7695422,194.7169488,203.346021,284.0930277,472.4611943
101.2743646,166.77321569999995,214.836242,232.5771501,254.15743390000003,263.5946292,271.4952612,277.1123841,295.0958452,313.4766534
28.52406105,44.35304864,55.47222739,59.52647468,67.43885488,115.4038618,144.2113856,167.4043936,187.65382380000003,253.20356
49.65324034,75.58879808,97.48886046,122.7261808,152.3821487,165.4417191,176.5853944,183.2775696,190.4727097,195.0825806
73.55953862,84.27301887,102.2953133,110.9765377,111.6401685,115.5985756,120.4925945,125.2385706,130.8376687,136.7624003
53.54856192,72.26585025,89.42357358,97.80009497,142.23052009999995,156.7132186,161.8211322,168.6558586,176.21811340000005,192.266779
1.829147823,3.595481632,6.8531177670000005,11.10387531,14.16228275,18.26567251,27.81749392,35.76781886,42.92830895,51.50866787
5.681553925,28.11624319,44.63121653,72.57429796,87.26741056,97.21188248,101.30618309999998,112.3173201,121.4233982,127.4490241
21.37329422,36.37607461,41.61337762,45.69149813,52.16513064,56.2846931,57.94063987,59.57225709,60.91642676,62.19110599
42.23373833,65.30349803,70.22595205,75.09634443,89.99977109,103.3633934,113.5438108,127.5308007,150.2895264,158.83842090000005
38.267543,80.01593975,107.30494009999998,176.1492314,241.18719680000004,299.692055,387.0395864,470.08908539999993,537.6207128,575.4767948
128.1551233,273.0014787,427.0110887,578.746212,894.1089853,1076.751779,1229.4624789999998,1394.763557,1565.332354,1752.887554
0.0,0.0,0.4511277,0.64110117,0.89560277,0.905603253,0.905603253,0.905603253,0.905603253,0.905603253
84.22967108,219.7610634,270.728093,349.5026948000001,406.443961,433.1313607,449.109013,481.8457987,518.4885741,532.9567002
2.522002841,8.464165701,8.648082299,9.562989762,12.2737023,15.04591079,19.35190148,27.01485556,47.16386586,56.69134793
40.317713,77.65278204,109.6331557,120.3361519,127.0531442,135.09288519999998,139.4653783,143.42011399999996,147.1817575,158.5015525
9.026169872,18.52156096,19.36495456,24.88114136,29.93003428,46.11101575,53.1869885,68.7439549,74.29348861,74.42533599
4.389675442,5.35573424,7.683201365,15.1622832,15.98881854,16.34596482,16.51351095,17.28928628,19.28477712,25.88960085
0.0,0.0,0.0,0.0,0.0,0.0,0.0,0.0,0.0,0.0
0.338560983,0.777649264,3.415440869,7.292449658,11.29113499,11.33388839,11.50343113,11.58437524,11.73734519,12.29375817
35.77757078,67.00978119,93.29662354,94.0392573,96.13673082,112.3544543,126.0951432,138.6793733,155.6718023,174.6988959
1.2020858840000002,5.786875115,12.58943386,17.272135100000003,19.76009125,21.33233521,23.558969,26.57511492,31.58446816,36.33359113
45.36053063,82.15413313,103.7654808,118.8944748,141.70557390000005,162.64225159999995,186.2215879,217.7999038,255.38170040000003,335.4798005
32.56869257,82.68471943,122.9409733,139.73601399999998,158.6950768,196.711516,269.07861210000004,305.104001,341.6744563000001,356.504692
43.38797249,69.93216489,85.36258176,121.9811129,133.4995379,148.0218883,166.31304630000002,178.6271216,205.4405857,215.9859731
71.95849812,94.1888345,110.4587895,117.7240725,130.476322,142.9928973,145.7490725,149.80904080000005,159.0178044,164.40688640000005
29.72062233,76.15937367,101.045654,117.9842977,130.3670728,149.6192305,164.4259287,170.1094736,170.38903480000005,183.8304067
54.34657697,98.8958021,143.5594809,172.97497990000005,195.6500742,209.5582738,221.2987883,235.4319837,247.7265239,266.4293663
22.61268237,37.67563277,54.54119385,71.88573861,82.90665966,88.26932715,93.97794691,112.9724044,141.8230488,166.8612489
64.23803552,86.20827429,89.880753,95.00748369,102.3688015,109.4107032,111.3411846,116.4954668,120.3424088,131.2934831
174.7013017,354.4818783,396.554415,441.9424135,457.794434,475.52071730000006,487.567986,538.4504082000002,576.2529312,586.5835671
23.82620187,77.3924203,86.49412715,89.55906177,90.27028806,95.74224794,114.9979009,125.6572133,149.5050513,181.624526
6.364657764,12.84515353,22.35411342,30.85160074,36.00990695,47.72883618,61.92545626,72.50274806,87.30197523,93.2928336
